fips,county,year,total_crashes,crashes_sun,share_sun,crashes_mon,share_mon,crashes_tue,share_tue,crashes_wed,share_wed,crashes_thu,share_thu,crashes_fri,share_fri,crashes_sat,share_sat
5001,Arkansas,2008,2,0,0.0,1,0.5,0,0.0,0,0.0,1,0.5,0,0.0,0,0.0
5001,Arkansas,2009,4,1,0.25,1,0.25,1,0.25,0,0.0,1,0.25,0,0.0,0,0.0
5001,Arkansas,2010,4,2,0.5,0,0.0,0,0.0,0,0.0,0,0.0,0,0.0,2,0.5
5001,Arkansas,2011,2,0,0.0,0,0.0,0,0.0,0,0.0,1,0.5,0,0.0,1,0.5
5001,Arkansas,2012,2,0,0.0,0,0.0,0,0.0,0,0.0,2,1.0,0,0.0,0,0.0
5001,Arkansas,2013,2,1,0.5,0,0.0,0,0.0,0,0.0,0,0.0,0,0.0,1,0.5
5001,Arkansas,2014,2,0,0.0,0,0.0,1,0.5,0,0.0,0,0.0,0,0.0,1,0.5
5001,Arkansas,2015,1,0,0.0,0,0.0,0,0.0,1,1.0,0,0.0,0,0.0,0,0.0
5001,Arkansas,2016,5,0,0.0,2,0.4,0,0.0,0,0.0,0,0.0,2,0.4,1,0.2
5001,Arkansas,2017,3,0,0.0,1,0.3333,0,0.0,1,0.3333,0,0.0,1,0.3333,0,0.0
5001,Arkansas,2018,2,0,0.0,0,0.0,0,0.0,1,0.5,0,0.0,0,0.0,1,0.5
5001,Arkansas,2019,3,0,0.0,0,0.0,0,0.0,0,0.0,0,0.0,0,0.0,3,1.0
5001,Arkansas,2020,5,1,0.2,0,0.0,1,0.2,0,0.0,0,0.0,1,0.2,2,0.4
5001,Arkansas,2021,4,1,0.25,1,0.25,0,0.0,0,0.0,2,0.5,0,0.0,0,0.0
5001,Arkansas,2022,4,0,0.0,0,0.0,0,0.0,1,0.25,0,0.0,3,0.75,0,0.0
5001,Arkansas,2023,3,0,0.0,1,0.3333,0,0.0,1,0.3333,0,0.0,0,0.0,1,0.3333
5003,Ashley,2008,5,1,0.2,0,0.0,3,0.6,0,0.0,0,0.0,1,0.2,0,0.0
5003,Ashley,2009,4,1,0.25,1,0.25,0,0.0,0,0.0,1,0.25,1,0.25,0,0.0
5003,Ashley,2010,3,1,0.3333,0,0.0,0,0.0,1,0.3333,1,0.3333,0,0.0,0,0.0
5003,Ashley,2011,3,0,0.0,0,0.0,0,0.0,1,0.3333,1,0.3333,1,0.3333,0,0.0
5003,Ashley,2012,5,0,0.0,1,0.2,0,0.0,0,0.0,1,0.2,0,0.0,3,0.6
5003,Ashley,2013,3,2,0.6667,0,0.0,0,0.0,0,0.0,0,0.0,1,0.3333,0,0.0
5003,Ashley,2014,5,0,0.0,0,0.0,1,0.2,1,0.2,1,0.2,1,0.2,1,0.2
5003,Ashley,2015,6,1,0.1667,0,0.0,0,0.0,1,0.1667,1,0.1667,2,0.3333,1,0.1667
5003,Ashley,2016,3,1,0.3333,2,0.6667,0,0.0,0,0.0,0,0.0,0,0.0,0,0.0
5003,Ashley,2017,4,1,0.25,1,0.25,1,0.25,0,0.0,1,0.25,0,0.0,0,0.0
5003,Ashley,2018,4,0,0.0,0,0.0,1,0.25,1,0.25,1,0.25,0,0.0,1,0.25
5003,Ashley,2019,2,1,0.5,0,0.0,0,0.0,0,0.0,0,0.0,1,0.5,0,0.0
5003,Ashley,2020,5,0,0.0,0,0.0,2,0.4,2,0.4,1,0.2,0,0.0,0,0.0
5003,Ashley,2021,4,1,0.25,2,0.5,0,0.0,0,0.0,0,0.0,1,0.25,0,0.0
5003,Ashley,2022,3,0,0.0,0,0.0,1,0.3333,0,0.0,0,0.0,0,0.0,2,0.6667
5003,Ashley,2023,3,0,0.0,2,0.6667,0,0.0,0,0.0,0,0.0,1,0.3333,0,0.0
5005,Baxter,2008,10,1,0.1,3,0.3,0,0.0,3,0.3,1,0.1,1,0.1,1,0.1
5005,Baxter,2009,8,1,0.125,1,0.125,3,0.375,2,0.25,0,0.0,1,0.125,0,0.0
5005,Baxter,2010,7,1,0.1429,2,0.2857,1,0.1429,1,0.1429,0,0.0,0,0.0,2,0.2857
5005,Baxter,2011,5,1,0.2,0,0.0,0,0.0,2,0.4,0,0.0,1,0.2,1,0.2
5005,Baxter,2012,5,0,0.0,2,0.4,1,0.2,0,0.0,0,0.0,1,0.2,1,0.2
5005,Baxter,2013,4,0,0.0,0,0.0,0,0.0,1,0.25,0,0.0,2,0.5,1,0.25
5005,Baxter,2014,6,1,0.1667,1,0.1667,0,0.0,1,0.1667,0,0.0,1,0.1667,2,0.3333
5005,Baxter,2015,12,1,0.0833,2,0.1667,1,0.0833,1,0.0833,3,0.25,3,0.25,1,0.0833
5005,Baxter,2016,3,0,0.0,0,0.0,0,0.0,2,0.6667,0,0.0,0,0.0,1,0.3333
5005,Baxter,2017,10,2,0.2,0,0.0,0,0.0,2,0.2,2,0.2,0,0.0,4,0.4
5005,Baxter,2018,5,3,0.6,0,0.0,0,0.0,0,0.0,1,0.2,0,0.0,1,0.2
5005,Baxter,2019,8,2,0.25,0,0.0,1,0.125,0,0.0,2,0.25,1,0.125,2,0.25
5005,Baxter,2020,7,1,0.1429,0,0.0,1,0.1429,2,0.2857,0,0.0,1,0.1429,2,0.2857
5005,Baxter,2021,8,2,0.25,0,0.0,0,0.0,2,0.25,2,0.25,0,0.0,2,0.25
5005,Baxter,2022,4,0,0.0,1,0.25,1,0.25,0,0.0,1,0.25,0,0.0,1,0.25
5005,Baxter,2023,6,1,0.1667,1,0.1667,2,0.3333,0,0.0,0,0.0,1,0.1667,1,0.1667
5007,Benton,2008,24,5,0.2083,2,0.0833,2,0.0833,8,0.3333,0,0.0,1,0.0417,6,0.25
5007,Benton,2009,20,1,0.05,5,0.25,2,0.1,0,0.0,5,0.25,3,0.15,4,0.2
5007,Benton,2010,26,4,0.1538,2,0.0769,5,0.1923,1,0.0385,4,0.1538,4,0.1538,6,0.2308
5007,Benton,2011,16,1,0.0625,1,0.0625,5,0.3125,2,0.125,3,0.1875,3,0.1875,1,0.0625
5007,Benton,2012,21,7,0.3333,2,0.0952,1,0.0476,2,0.0952,3,0.1429,3,0.1429,3,0.1429
5007,Benton,2013,17,3,0.1765,1,0.0588,1,0.0588,3,0.1765,3,0.1765,2,0.1176,4,0.2353
5007,Benton,2014,12,2,0.1667,1,0.0833,2,0.1667,1,0.0833,3,0.25,2,0.1667,1,0.0833
5007,Benton,2015,21,3,0.1429,2,0.0952,3,0.1429,5,0.2381,2,0.0952,3,0.1429,3,0.1429
5007,Benton,2016,27,2,0.0741,6,0.2222,3,0.1111,3,0.1111,3,0.1111,3,0.1111,7,0.2593
5007,Benton,2017,15,0,0.0,2,0.1333,3,0.2,1,0.0667,4,0.2667,3,0.2,2,0.1333
5007,Benton,2018,17,3,0.1765,1,0.0588,1,0.0588,0,0.0,3,0.1765,3,0.1765,6,0.3529
5007,Benton,2019,22,1,0.0455,4,0.1818,2,0.0909,3,0.1364,4,0.1818,3,0.1364,5,0.2273
5007,Benton,2020,34,1,0.0294,9,0.2647,4,0.1176,5,0.1471,4,0.1176,3,0.0882,8,0.2353
5007,Benton,2021,30,6,0.2,7,0.2333,4,0.1333,4,0.1333,1,0.0333,3,0.1,5,0.1667
5007,Benton,2022,25,3,0.12,3,0.12,4,0.16,2,0.08,2,0.08,2,0.08,9,0.36
5007,Benton,2023,23,5,0.2174,3,0.1304,4,0.1739,2,0.087,1,0.0435,3,0.1304,5,0.2174
5009,Boone,2008,5,0,0.0,0,0.0,0,0.0,2,0.4,1,0.2,2,0.4,0,0.0
5009,Boone,2009,8,3,0.375,1,0.125,0,0.0,1,0.125,0,0.0,2,0.25,1,0.125
5009,Boone,2010,6,0,0.0,0,0.0,0,0.0,0,0.0,1,0.1667,2,0.3333,3,0.5
5009,Boone,2011,5,0,0.0,1,0.2,1,0.2,0,0.0,0,0.0,2,0.4,1,0.2
5009,Boone,2012,5,0,0.0,0,0.0,1,0.2,1,0.2,1,0.2,2,0.4,0,0.0
5009,Boone,2013,5,1,0.2,1,0.2,0,0.0,1,0.2,0,0.0,1,0.2,1,0.2
5009,Boone,2014,2,0,0.0,0,0.0,2,1.0,0,0.0,0,0.0,0,0.0,0,0.0
5009,Boone,2015,7,3,0.4286,2,0.2857,0,0.0,0,0.0,1,0.1429,1,0.1429,0,0.0
5009,Boone,2016,6,0,0.0,1,0.1667,0,0.0,3,0.5,0,0.0,1,0.1667,1,0.1667
5009,Boone,2017,8,1,0.125,1,0.125,0,0.0,2,0.25,2,0.25,1,0.125,1,0.125
5009,Boone,2018,11,1,0.0909,3,0.2727,2,0.1818,2,0.1818,0,0.0,1,0.0909,2,0.1818
5009,Boone,2019,5,0,0.0,0,0.0,3,0.6,0,0.0,1,0.2,1,0.2,0,0.0
5009,Boone,2020,6,2,0.3333,3,0.5,0,0.0,1,0.1667,0,0.0,0,0.0,0,0.0
5009,Boone,2021,12,4,0.3333,1,0.0833,1,0.0833,2,0.1667,0,0.0,4,0.3333,0,0.0
5009,Boone,2022,6,1,0.1667,2,0.3333,0,0.0,1,0.1667,1,0.1667,0,0.0,1,0.1667
5009,Boone,2023,3,0,0.0,0,0.0,0,0.0,0,0.0,0,0.0,2,0.6667,1,0.3333
5011,Bradley,2008,0,0,0,0,0,0,0,0,0,0,0,0,0,0,0
5011,Bradley,2009,1,1,1.0,0,0.0,0,0.0,0,0.0,0,0.0,0,0.0,0,0.0
5011,Bradley,2010,2,0,0.0,0,0.0,0,0.0,0,0.0,0,0.0,1,0.5,1,0.5
5011,Bradley,2011,5,0,0.0,0,0.0,1,0.2,0,0.0,0,0.0,1,0.2,3,0.6
5011,Bradley,2012,2,0,0.0,0,0.0,0,0.0,1,0.5,0,0.0,0,0.0,1,0.5
5011,Bradley,2013,4,0,0.0,0,0.0,1,0.25,2,0.5,0,0.0,0,0.0,1,0.25
5011,Bradley,2014,0,0,0,0,0,0,0,0,0,0,0,0,0,0,0
5011,Bradley,2015,1,1,1.0,0,0.0,0,0.0,0,0.0,0,0.0,0,0.0,0,0.0
5011,Bradley,2016,2,0,0.0,0,0.0,1,0.5,0,0.0,0,0.0,1,0.5,0,0.0
5011,Bradley,2017,1,0,0.0,0,0.0,0,0.0,0,0.0,0,0.0,0,0.0,1,1.0
5011,Bradley,2018,0,0,0,0,0,0,0,0,0,0,0,0,0,0,0
5011,Bradley,2019,2,0,0.0,0,0.0,0,0.0,0,0.0,0,0.0,0,0.0,2,1.0
5011,Bradley,2020,7,0,0.0,1,0.1429,2,0.2857,1,0.1429,1,0.1429,1,0.1429,1,0.1429
5011,Bradley,2021,1,0,0.0,0,0.0,0,0.0,0,0.0,0,0.0,0,0.0,1,1.0
5011,Bradley,2022,3,1,0.3333,0,0.0,1,0.3333,0,0.0,0,0.0,1,0.3333,0,0.0
5011,Bradley,2023,1,0,0.0,0,0.0,1,1.0,0,0.0,0,0.0,0,0.0,0,0.0
5013,Calhoun,2008,1,0,0.0,1,1.0,0,0.0,0,0.0,0,0.0,0,0.0,0,0.0
5013,Calhoun,2009,4,1,0.25,0,0.0,1,0.25,1,0.25,0,0.0,1,0.25,0,0.0
5013,Calhoun,2010,2,0,0.0,0,0.0,0,0.0,1,0.5,0,0.0,1,0.5,0,0.0
5013,Calhoun,2011,3,1,0.3333,0,0.0,0,0.0,1,0.3333,0,0.0,0,0.0,1,0.3333
5013,Calhoun,2012,3,1,0.3333,0,0.0,0,0.0,0,0.0,2,0.6667,0,0.0,0,0.0
5013,Calhoun,2013,2,0,0.0,0,0.0,0,0.0,1,0.5,0,0.0,0,0.0,1,0.5
5013,Calhoun,2014,3,0,0.0,2,0.6667,0,0.0,0,0.0,0,0.0,1,0.3333,0,0.0
5013,Calhoun,2015,1,0,0.0,0,0.0,0,0.0,1,1.0,0,0.0,0,0.0,0,0.0
5013,Calhoun,2016,0,0,0,0,0,0,0,0,0,0,0,0,0,0,0
5013,Calhoun,2017,0,0,0,0,0,0,0,0,0,0,0,0,0,0,0
5013,Calhoun,2018,2,0,0.0,0,0.0,0,0.0,0,0.0,1,0.5,0,0.0,1,0.5
5013,Calhoun,2019,3,0,0.0,1,0.3333,2,0.6667,0,0.0,0,0.0,0,0.0,0,0.0
5013,Calhoun,2020,2,0,0.0,1,0.5,1,0.5,0,0.0,0,0.0,0,0.0,0,0.0
5013,Calhoun,2021,5,0,0.0,0,0.0,2,0.4,2,0.4,0,0.0,1,0.2,0,0.0
5013,Calhoun,2022,5,0,0.0,1,0.2,2,0.4,0,0.0,0,0.0,1,0.2,1,0.2
5013,Calhoun,2023,0,0,0,0,0,0,0,0,0,0,0,0,0,0,0
5015,Carroll,2008,11,3,0.2727,2,0.1818,4,0.3636,0,0.0,0,0.0,1,0.0909,1,0.0909
5015,Carroll,2009,9,3,0.3333,1,0.1111,2,0.2222,0,0.0,1,0.1111,0,0.0,2,0.2222
5015,Carroll,2010,9,2,0.2222,1,0.1111,1,0.1111,1,0.1111,2,0.2222,1,0.1111,1,0.1111
5015,Carroll,2011,10,2,0.2,1,0.1,0,0.0,0,0.0,1,0.1,2,0.2,4,0.4
5015,Carroll,2012,8,1,0.125,1,0.125,0,0.0,1,0.125,1,0.125,2,0.25,2,0.25
5015,Carroll,2013,8,1,0.125,1,0.125,0,0.0,3,0.375,0,0.0,3,0.375,0,0.0
5015,Carroll,2014,3,0,0.0,1,0.3333,0,0.0,0,0.0,0,0.0,1,0.3333,1,0.3333
5015,Carroll,2015,13,2,0.1538,3,0.2308,2,0.1538,1,0.0769,1,0.0769,2,0.1538,2,0.1538
5015,Carroll,2016,9,3,0.3333,1,0.1111,0,0.0,1,0.1111,1,0.1111,1,0.1111,2,0.2222
5015,Carroll,2017,9,0,0.0,2,0.2222,0,0.0,1,0.1111,0,0.0,2,0.2222,4,0.4444
5015,Carroll,2018,9,1,0.1111,3,0.3333,1,0.1111,2,0.2222,0,0.0,1,0.1111,1,0.1111
5015,Carroll,2019,3,0,0.0,0,0.0,0,0.0,0,0.0,1,0.3333,1,0.3333,1,0.3333
5015,Carroll,2020,10,1,0.1,1,0.1,1,0.1,1,0.1,1,0.1,4,0.4,1,0.1
5015,Carroll,2021,4,1,0.25,0,0.0,0,0.0,1,0.25,0,0.0,0,0.0,2,0.5
5015,Carroll,2022,5,2,0.4,0,0.0,1,0.2,1,0.2,0,0.0,0,0.0,1,0.2
5015,Carroll,2023,7,1,0.1429,0,0.0,0,0.0,1,0.1429,3,0.4286,0,0.0,2,0.2857
5017,Chicot,2008,3,1,0.3333,0,0.0,0,0.0,0,0.0,2,0.6667,0,0.0,0,0.0
5017,Chicot,2009,4,1,0.25,0,0.0,1,0.25,1,0.25,0,0.0,1,0.25,0,0.0
5017,Chicot,2010,2,1,0.5,0,0.0,0,0.0,0,0.0,1,0.5,0,0.0,0,0.0
5017,Chicot,2011,3,1,0.3333,0,0.0,0,0.0,0,0.0,0,0.0,0,0.0,2,0.6667
5017,Chicot,2012,4,2,0.5,1,0.25,0,0.0,0,0.0,1,0.25,0,0.0,0,0.0
5017,Chicot,2013,0,0,0,0,0,0,0,0,0,0,0,0,0,0,0
5017,Chicot,2014,2,0,0.0,0,0.0,0,0.0,0,0.0,0,0.0,1,0.5,1,0.5
5017,Chicot,2015,6,0,0.0,2,0.3333,0,0.0,0,0.0,1,0.1667,2,0.3333,1,0.1667
5017,Chicot,2016,7,0,0.0,1,0.1429,1,0.1429,2,0.2857,1,0.1429,2,0.2857,0,0.0
5017,Chicot,2017,4,1,0.25,0,0.0,0,0.0,1,0.25,1,0.25,0,0.0,1,0.25
5017,Chicot,2018,2,0,0.0,0,0.0,1,0.5,0,0.0,0,0.0,1,0.5,0,0.0
5017,Chicot,2019,5,0,0.0,2,0.4,0,0.0,0,0.0,0,0.0,3,0.6,0,0.0
5017,Chicot,2020,0,0,0,0,0,0,0,0,0,0,0,0,0,0,0
5017,Chicot,2021,3,1,0.3333,0,0.0,0,0.0,0,0.0,2,0.6667,0,0.0,0,0.0
5017,Chicot,2022,3,0,0.0,1,0.3333,1,0.3333,0,0.0,1,0.3333,0,0.0,0,0.0
5017,Chicot,2023,4,1,0.25,1,0.25,0,0.0,0,0.0,0,0.0,1,0.25,1,0.25
5019,Clark,2008,4,1,0.25,0,0.0,0,0.0,0,0.0,1,0.25,1,0.25,1,0.25
5019,Clark,2009,7,1,0.1429,1,0.1429,2,0.2857,0,0.0,2,0.2857,1,0.1429,0,0.0
5019,Clark,2010,6,1,0.1667,2,0.3333,0,0.0,1,0.1667,0,0.0,1,0.1667,1,0.1667
5019,Clark,2011,3,1,0.3333,2,0.6667,0,0.0,0,0.0,0,0.0,0,0.0,0,0.0
5019,Clark,2012,5,1,0.2,1,0.2,0,0.0,1,0.2,0,0.0,0,0.0,2,0.4
5019,Clark,2013,5,2,0.4,2,0.4,1,0.2,0,0.0,0,0.0,0,0.0,0,0.0
5019,Clark,2014,7,2,0.2857,0,0.0,2,0.2857,1,0.1429,0,0.0,0,0.0,2,0.2857
5019,Clark,2015,3,0,0.0,0,0.0,0,0.0,1,0.3333,1,0.3333,1,0.3333,0,0.0
5019,Clark,2016,2,1,0.5,0,0.0,0,0.0,1,0.5,0,0.0,0,0.0,0,0.0
5019,Clark,2017,5,1,0.2,0,0.0,2,0.4,1,0.2,0,0.0,0,0.0,1,0.2
5019,Clark,2018,8,2,0.25,0,0.0,1,0.125,0,0.0,2,0.25,2,0.25,1,0.125
5019,Clark,2019,5,1,0.2,0,0.0,1,0.2,1,0.2,2,0.4,0,0.0,0,0.0
5019,Clark,2020,4,1,0.25,0,0.0,0,0.0,0,0.0,1,0.25,1,0.25,1,0.25
5019,Clark,2021,10,1,0.1,2,0.2,2,0.2,1,0.1,1,0.1,0,0.0,3,0.3
5019,Clark,2022,6,0,0.0,1,0.1667,2,0.3333,0,0.0,0,0.0,1,0.1667,2,0.3333
5019,Clark,2023,6,0,0.0,1,0.1667,2,0.3333,0,0.0,1,0.1667,2,0.3333,0,0.0
5021,Clay,2008,2,0,0.0,0,0.0,2,1.0,0,0.0,0,0.0,0,0.0,0,0.0
5021,Clay,2009,2,0,0.0,0,0.0,0,0.0,0,0.0,1,0.5,1,0.5,0,0.0
5021,Clay,2010,5,0,0.0,1,0.2,1,0.2,1,0.2,1,0.2,1,0.2,0,0.0
5021,Clay,2011,6,0,0.0,2,0.3333,0,0.0,1,0.1667,2,0.3333,0,0.0,1,0.1667
5021,Clay,2012,2,0,0.0,0,0.0,0,0.0,0,0.0,0,0.0,1,0.5,1,0.5
5021,Clay,2013,0,0,0,0,0,0,0,0,0,0,0,0,0,0,0
5021,Clay,2014,4,1,0.25,0,0.0,0,0.0,1,0.25,0,0.0,0,0.0,2,0.5
5021,Clay,2015,6,3,0.5,0,0.0,1,0.1667,0,0.0,2,0.3333,0,0.0,0,0.0
5021,Clay,2016,5,1,0.2,1,0.2,0,0.0,2,0.4,0,0.0,0,0.0,1,0.2
5021,Clay,2017,5,0,0.0,1,0.2,1,0.2,1,0.2,1,0.2,1,0.2,0,0.0
5021,Clay,2018,5,1,0.2,0,0.0,0,0.0,1,0.2,1,0.2,1,0.2,1,0.2
5021,Clay,2019,2,1,0.5,0,0.0,1,0.5,0,0.0,0,0.0,0,0.0,0,0.0
5021,Clay,2020,1,0,0.0,0,0.0,0,0.0,0,0.0,0,0.0,1,1.0,0,0.0
5021,Clay,2021,7,2,0.2857,0,0.0,2,0.2857,0,0.0,0,0.0,1,0.1429,2,0.2857
5021,Clay,2022,3,0,0.0,0,0.0,1,0.3333,0,0.0,0,0.0,1,0.3333,1,0.3333
5021,Clay,2023,1,0,0.0,0,0.0,0,0.0,1,1.0,0,0.0,0,0.0,0,0.0
5023,Cleburne,2008,6,0,0.0,1,0.1667,0,0.0,0,0.0,0,0.0,2,0.3333,3,0.5
5023,Cleburne,2009,4,0,0.0,1,0.25,1,0.25,0,0.0,1,0.25,0,0.0,1,0.25
5023,Cleburne,2010,6,2,0.3333,0,0.0,1,0.1667,1,0.1667,0,0.0,0,0.0,2,0.3333
5023,Cleburne,2011,13,3,0.2308,0,0.0,1,0.0769,0,0.0,1,0.0769,4,0.3077,4,0.3077
5023,Cleburne,2012,9,1,0.1111,1,0.1111,1,0.1111,1,0.1111,1,0.1111,4,0.4444,0,0.0
5023,Cleburne,2013,5,0,0.0,0,0.0,0,0.0,1,0.2,3,0.6,0,0.0,1,0.2
5023,Cleburne,2014,6,1,0.1667,0,0.0,2,0.3333,1,0.1667,1,0.1667,1,0.1667,0,0.0
5023,Cleburne,2015,5,0,0.0,1,0.2,0,0.0,2,0.4,1,0.2,0,0.0,1,0.2
5023,Cleburne,2016,2,0,0.0,1,0.5,1,0.5,0,0.0,0,0.0,0,0.0,0,0.0
5023,Cleburne,2017,7,2,0.2857,1,0.1429,0,0.0,0,0.0,2,0.2857,0,0.0,2,0.2857
5023,Cleburne,2018,6,1,0.1667,1,0.1667,0,0.0,0,0.0,3,0.5,0,0.0,1,0.1667
5023,Cleburne,2019,8,0,0.0,2,0.25,0,0.0,0,0.0,1,0.125,1,0.125,4,0.5
5023,Cleburne,2020,13,5,0.3846,2,0.1538,1,0.0769,1,0.0769,4,0.3077,0,0.0,0,0.0
5023,Cleburne,2021,5,2,0.4,2,0.4,0,0.0,0,0.0,0,0.0,0,0.0,1,0.2
5023,Cleburne,2022,4,0,0.0,0,0.0,1,0.25,0,0.0,1,0.25,1,0.25,1,0.25
5023,Cleburne,2023,4,0,0.0,0,0.0,1,0.25,0,0.0,0,0.0,2,0.5,1,0.25
5025,Cleveland,2008,2,0,0.0,2,1.0,0,0.0,0,0.0,0,0.0,0,0.0,0,0.0
5025,Cleveland,2009,3,0,0.0,0,0.0,1,0.3333,0,0.0,0,0.0,2,0.6667,0,0.0
5025,Cleveland,2010,4,1,0.25,1,0.25,0,0.0,0,0.0,0,0.0,0,0.0,2,0.5
5025,Cleveland,2011,3,0,0.0,1,0.3333,1,0.3333,0,0.0,0,0.0,0,0.0,1,0.3333
5025,Cleveland,2012,3,0,0.0,0,0.0,1,0.3333,2,0.6667,0,0.0,0,0.0,0,0.0
5025,Cleveland,2013,3,0,0.0,1,0.3333,0,0.0,1,0.3333,0,0.0,1,0.3333,0,0.0
5025,Cleveland,2014,0,0,0,0,0,0,0,0,0,0,0,0,0,0,0
5025,Cleveland,2015,2,0,0.0,1,0.5,0,0.0,1,0.5,0,0.0,0,0.0,0,0.0
5025,Cleveland,2016,3,0,0.0,2,0.6667,0,0.0,0,0.0,1,0.3333,0,0.0,0,0.0
5025,Cleveland,2017,2,1,0.5,0,0.0,0,0.0,0,0.0,1,0.5,0,0.0,0,0.0
5025,Cleveland,2018,1,0,0.0,0,0.0,0,0.0,0,0.0,0,0.0,0,0.0,1,1.0
5025,Cleveland,2019,3,0,0.0,0,0.0,1,0.3333,0,0.0,1,0.3333,0,0.0,1,0.3333
5025,Cleveland,2020,1,0,0.0,0,0.0,0,0.0,0,0.0,0,0.0,1,1.0,0,0.0
5025,Cleveland,2021,3,0,0.0,0,0.0,1,0.3333,0,0.0,0,0.0,1,0.3333,1,0.3333
5025,Cleveland,2022,5,1,0.2,1,0.2,1,0.2,0,0.0,1,0.2,1,0.2,0,0.0
5025,Cleveland,2023,3,1,0.3333,0,0.0,1,0.3333,0,0.0,0,0.0,0,0.0,1,0.3333
5027,Columbia,2008,4,1,0.25,2,0.5,1,0.25,0,0.0,0,0.0,0,0.0,0,0.0
5027,Columbia,2009,3,2,0.6667,0,0.0,0,0.0,0,0.0,0,0.0,1,0.3333,0,0.0
5027,Columbia,2010,5,0,0.0,0,0.0,0,0.0,1,0.2,1,0.2,2,0.4,1,0.2
5027,Columbia,2011,9,1,0.1111,0,0.0,0,0.0,1,0.1111,2,0.2222,3,0.3333,2,0.2222
5027,Columbia,2012,5,0,0.0,0,0.0,1,0.2,0,0.0,0,0.0,1,0.2,3,0.6
5027,Columbia,2013,5,0,0.0,0,0.0,1,0.2,2,0.4,1,0.2,0,0.0,1,0.2
5027,Columbia,2014,4,0,0.0,1,0.25,0,0.0,2,0.5,1,0.25,0,0.0,0,0.0
5027,Columbia,2015,1,0,0.0,0,0.0,0,0.0,0,0.0,0,0.0,0,0.0,1,1.0
5027,Columbia,2016,5,1,0.2,1,0.2,1,0.2,1,0.2,0,0.0,1,0.2,0,0.0
5027,Columbia,2017,3,0,0.0,1,0.3333,0,0.0,0,0.0,0,0.0,0,0.0,2,0.6667
5027,Columbia,2018,2,1,0.5,0,0.0,1,0.5,0,0.0,0,0.0,0,0.0,0,0.0
5027,Columbia,2019,4,0,0.0,0,0.0,0,0.0,0,0.0,1,0.25,0,0.0,3,0.75
5027,Columbia,2020,6,1,0.1667,2,0.3333,2,0.3333,0,0.0,0,0.0,0,0.0,1,0.1667
5027,Columbia,2021,6,0,0.0,1,0.1667,3,0.5,1,0.1667,0,0.0,0,0.0,1,0.1667
5027,Columbia,2022,8,1,0.125,0,0.0,1,0.125,0,0.0,1,0.125,1,0.125,4,0.5
5027,Columbia,2023,2,1,0.5,0,0.0,0,0.0,0,0.0,0,0.0,0,0.0,1,0.5
5029,Conway,2008,7,1,0.1429,2,0.2857,1,0.1429,0,0.0,1,0.1429,1,0.1429,1,0.1429
5029,Conway,2009,4,3,0.75,0,0.0,0,0.0,0,0.0,1,0.25,0,0.0,0,0.0
5029,Conway,2010,9,1,0.1111,0,0.0,1,0.1111,0,0.0,1,0.1111,3,0.3333,3,0.3333
5029,Conway,2011,4,0,0.0,0,0.0,2,0.5,0,0.0,0,0.0,0,0.0,2,0.5
5029,Conway,2012,9,1,0.1111,3,0.3333,2,0.2222,0,0.0,1,0.1111,0,0.0,2,0.2222
5029,Conway,2013,7,1,0.1429,0,0.0,2,0.2857,1,0.1429,1,0.1429,1,0.1429,1,0.1429
5029,Conway,2014,6,2,0.3333,0,0.0,0,0.0,2,0.3333,2,0.3333,0,0.0,0,0.0
5029,Conway,2015,5,0,0.0,1,0.2,1,0.2,1,0.2,0,0.0,2,0.4,0,0.0
5029,Conway,2016,4,3,0.75,0,0.0,0,0.0,1,0.25,0,0.0,0,0.0,0,0.0
5029,Conway,2017,4,0,0.0,1,0.25,0,0.0,1,0.25,0,0.0,1,0.25,1,0.25
5029,Conway,2018,4,1,0.25,0,0.0,1,0.25,0,0.0,2,0.5,0,0.0,0,0.0
5029,Conway,2019,5,0,0.0,2,0.4,0,0.0,1,0.2,1,0.2,1,0.2,0,0.0
5029,Conway,2020,6,1,0.1667,0,0.0,1,0.1667,0,0.0,2,0.3333,1,0.1667,1,0.1667
5029,Conway,2021,6,1,0.1667,0,0.0,2,0.3333,0,0.0,0,0.0,3,0.5,0,0.0
5029,Conway,2022,5,1,0.2,0,0.0,3,0.6,1,0.2,0,0.0,0,0.0,0,0.0
5029,Conway,2023,4,1,0.25,0,0.0,1,0.25,0,0.0,0,0.0,1,0.25,1,0.25
5031,Craighead,2008,17,0,0.0,4,0.2353,2,0.1176,1,0.0588,2,0.1176,1,0.0588,7,0.4118
5031,Craighead,2009,19,2,0.1053,6,0.3158,1,0.0526,3,0.1579,1,0.0526,3,0.1579,3,0.1579
5031,Craighead,2010,16,3,0.1875,2,0.125,3,0.1875,0,0.0,2,0.125,3,0.1875,3,0.1875
5031,Craighead,2011,17,4,0.2353,0,0.0,4,0.2353,0,0.0,2,0.1176,3,0.1765,4,0.2353
5031,Craighead,2012,18,0,0.0,3,0.1667,6,0.3333,1,0.0556,2,0.1111,0,0.0,6,0.3333
5031,Craighead,2013,12,3,0.25,1,0.0833,2,0.1667,0,0.0,1,0.0833,3,0.25,2,0.1667
5031,Craighead,2014,11,1,0.0909,0,0.0,0,0.0,2,0.1818,2,0.1818,2,0.1818,4,0.3636
5031,Craighead,2015,16,2,0.125,4,0.25,3,0.1875,1,0.0625,3,0.1875,1,0.0625,2,0.125
5031,Craighead,2016,17,4,0.2353,3,0.1765,3,0.1765,2,0.1176,1,0.0588,3,0.1765,1,0.0588
5031,Craighead,2017,16,0,0.0,1,0.0625,6,0.375,3,0.1875,1,0.0625,1,0.0625,4,0.25
5031,Craighead,2018,17,6,0.3529,3,0.1765,2,0.1176,1,0.0588,3,0.1765,1,0.0588,1,0.0588
5031,Craighead,2019,17,0,0.0,2,0.1176,4,0.2353,3,0.1765,3,0.1765,2,0.1176,3,0.1765
5031,Craighead,2020,17,2,0.1176,2,0.1176,0,0.0,6,0.3529,1,0.0588,2,0.1176,4,0.2353
5031,Craighead,2021,18,3,0.1667,2,0.1111,3,0.1667,2,0.1111,2,0.1111,3,0.1667,3,0.1667
5031,Craighead,2022,17,2,0.1176,4,0.2353,4,0.2353,5,0.2941,1,0.0588,0,0.0,1,0.0588
5031,Craighead,2023,9,1,0.1111,0,0.0,2,0.2222,1,0.1111,2,0.2222,1,0.1111,2,0.2222
5033,Crawford,2008,9,3,0.3333,2,0.2222,2,0.2222,0,0.0,1,0.1111,1,0.1111,0,0.0
5033,Crawford,2009,9,1,0.1111,2,0.2222,0,0.0,2,0.2222,1,0.1111,3,0.3333,0,0.0
5033,Crawford,2010,4,0,0.0,0,0.0,0,0.0,0,0.0,4,1.0,0,0.0,0,0.0
5033,Crawford,2011,8,1,0.125,3,0.375,1,0.125,0,0.0,1,0.125,0,0.0,2,0.25
5033,Crawford,2012,7,3,0.4286,0,0.0,0,0.0,0,0.0,1,0.1429,2,0.2857,1,0.1429
5033,Crawford,2013,5,1,0.2,2,0.4,1,0.2,1,0.2,0,0.0,0,0.0,0,0.0
5033,Crawford,2014,12,0,0.0,2,0.1667,2,0.1667,0,0.0,7,0.5833,1,0.0833,0,0.0
5033,Crawford,2015,10,1,0.1,0,0.0,3,0.3,1,0.1,3,0.3,1,0.1,1,0.1
5033,Crawford,2016,12,1,0.0833,4,0.3333,3,0.25,1,0.0833,0,0.0,2,0.1667,1,0.0833
5033,Crawford,2017,10,1,0.1,2,0.2,1,0.1,3,0.3,1,0.1,2,0.2,0,0.0
5033,Crawford,2018,9,2,0.2222,3,0.3333,0,0.0,2,0.2222,1,0.1111,0,0.0,1,0.1111
5033,Crawford,2019,6,1,0.1667,1,0.1667,0,0.0,1,0.1667,1,0.1667,2,0.3333,0,0.0
5033,Crawford,2020,7,0,0.0,2,0.2857,1,0.1429,3,0.4286,0,0.0,1,0.1429,0,0.0
5033,Crawford,2021,9,4,0.4444,1,0.1111,0,0.0,1,0.1111,0,0.0,3,0.3333,0,0.0
5033,Crawford,2022,8,2,0.25,0,0.0,1,0.125,0,0.0,1,0.125,2,0.25,2,0.25
5033,Crawford,2023,4,0,0.0,0,0.0,0,0.0,1,0.25,1,0.25,1,0.25,1,0.25
5035,Crittenden,2008,10,2,0.2,0,0.0,3,0.3,3,0.3,1,0.1,1,0.1,0,0.0
5035,Crittenden,2009,9,0,0.0,0,0.0,0,0.0,2,0.2222,1,0.1111,1,0.1111,5,0.5556
5035,Crittenden,2010,11,1,0.0909,2,0.1818,3,0.2727,1,0.0909,0,0.0,2,0.1818,2,0.1818
5035,Crittenden,2011,11,0,0.0,2,0.1818,3,0.2727,1,0.0909,0,0.0,1,0.0909,4,0.3636
5035,Crittenden,2012,13,3,0.2308,1,0.0769,1,0.0769,4,0.3077,2,0.1538,1,0.0769,1,0.0769
5035,Crittenden,2013,11,2,0.1818,3,0.2727,1,0.0909,1,0.0909,0,0.0,1,0.0909,3,0.2727
5035,Crittenden,2014,11,1,0.0909,1,0.0909,2,0.1818,2,0.1818,2,0.1818,3,0.2727,0,0.0
5035,Crittenden,2015,10,1,0.1,0,0.0,1,0.1,0,0.0,3,0.3,4,0.4,1,0.1
5035,Crittenden,2016,14,2,0.1429,1,0.0714,1,0.0714,2,0.1429,3,0.2143,1,0.0714,4,0.2857
5035,Crittenden,2017,9,0,0.0,1,0.1111,1,0.1111,3,0.3333,1,0.1111,1,0.1111,2,0.2222
5035,Crittenden,2018,19,3,0.1579,4,0.2105,0,0.0,3,0.1579,6,0.3158,3,0.1579,0,0.0
5035,Crittenden,2019,8,2,0.25,0,0.0,1,0.125,2,0.25,2,0.25,0,0.0,1,0.125
5035,Crittenden,2020,13,2,0.1538,2,0.1538,4,0.3077,1,0.0769,2,0.1538,1,0.0769,1,0.0769
5035,Crittenden,2021,9,1,0.1111,6,0.6667,1,0.1111,1,0.1111,0,0.0,0,0.0,0,0.0
5035,Crittenden,2022,17,1,0.0588,1,0.0588,5,0.2941,0,0.0,1,0.0588,6,0.3529,3,0.1765
5035,Crittenden,2023,22,1,0.0455,5,0.2273,3,0.1364,5,0.2273,2,0.0909,2,0.0909,4,0.1818
5037,Cross,2008,6,1,0.1667,0,0.0,1,0.1667,3,0.5,0,0.0,1,0.1667,0,0.0
5037,Cross,2009,2,0,0.0,1,0.5,0,0.0,0,0.0,0,0.0,1,0.5,0,0.0
5037,Cross,2010,6,0,0.0,0,0.0,0,0.0,0,0.0,2,0.3333,2,0.3333,2,0.3333
5037,Cross,2011,2,0,0.0,0,0.0,0,0.0,0,0.0,1,0.5,1,0.5,0,0.0
5037,Cross,2012,2,0,0.0,0,0.0,0,0.0,1,0.5,0,0.0,0,0.0,1,0.5
5037,Cross,2013,2,1,0.5,0,0.0,0,0.0,0,0.0,1,0.5,0,0.0,0,0.0
5037,Cross,2014,5,0,0.0,1,0.2,1,0.2,1,0.2,2,0.4,0,0.0,0,0.0
5037,Cross,2015,3,0,0.0,0,0.0,1,0.3333,1,0.3333,0,0.0,0,0.0,1,0.3333
5037,Cross,2016,2,0,0.0,1,0.5,0,0.0,0,0.0,0,0.0,0,0.0,1,0.5
5037,Cross,2017,4,0,0.0,0,0.0,1,0.25,1,0.25,1,0.25,0,0.0,1,0.25
5037,Cross,2018,4,0,0.0,1,0.25,0,0.0,0,0.0,1,0.25,1,0.25,1,0.25
5037,Cross,2019,8,1,0.125,0,0.0,1,0.125,2,0.25,1,0.125,2,0.25,1,0.125
5037,Cross,2020,4,0,0.0,0,0.0,0,0.0,3,0.75,1,0.25,0,0.0,0,0.0
5037,Cross,2021,2,0,0.0,0,0.0,0,0.0,0,0.0,1,0.5,1,0.5,0,0.0
5037,Cross,2022,2,1,0.5,0,0.0,0,0.0,0,0.0,0,0.0,0,0.0,1,0.5
5037,Cross,2023,1,0,0.0,0,0.0,1,1.0,0,0.0,0,0.0,0,0.0,0,0.0
5039,Dallas,2008,3,1,0.3333,0,0.0,1,0.3333,0,0.0,1,0.3333,0,0.0,0,0.0
5039,Dallas,2009,3,0,0.0,0,0.0,0,0.0,0,0.0,1,0.3333,1,0.3333,1,0.3333
5039,Dallas,2010,1,0,0.0,1,1.0,0,0.0,0,0.0,0,0.0,0,0.0,0,0.0
5039,Dallas,2011,2,0,0.0,1,0.5,0,0.0,0,0.0,1,0.5,0,0.0,0,0.0
5039,Dallas,2012,2,1,0.5,0,0.0,1,0.5,0,0.0,0,0.0,0,0.0,0,0.0
5039,Dallas,2013,1,0,0.0,1,1.0,0,0.0,0,0.0,0,0.0,0,0.0,0,0.0
5039,Dallas,2014,3,0,0.0,1,0.3333,0,0.0,0,0.0,1,0.3333,0,0.0,1,0.3333
5039,Dallas,2015,3,2,0.6667,1,0.3333,0,0.0,0,0.0,0,0.0,0,0.0,0,0.0
5039,Dallas,2016,0,0,0,0,0,0,0,0,0,0,0,0,0,0,0
5039,Dallas,2017,1,0,0.0,0,0.0,0,0.0,0,0.0,1,1.0,0,0.0,0,0.0
5039,Dallas,2018,0,0,0,0,0,0,0,0,0,0,0,0,0,0,0
5039,Dallas,2019,0,0,0,0,0,0,0,0,0,0,0,0,0,0,0
5039,Dallas,2020,2,0,0.0,0,0.0,1,0.5,0,0.0,1,0.5,0,0.0,0,0.0
5039,Dallas,2021,3,0,0.0,0,0.0,0,0.0,1,0.3333,1,0.3333,0,0.0,1,0.3333
5039,Dallas,2022,2,1,0.5,0,0.0,0,0.0,0,0.0,0,0.0,1,0.5,0,0.0
5039,Dallas,2023,4,0,0.0,1,0.25,1,0.25,0,0.0,1,0.25,0,0.0,1,0.25
5041,Desha,2008,1,0,0.0,0,0.0,0,0.0,0,0.0,1,1.0,0,0.0,0,0.0
5041,Desha,2009,3,0,0.0,1,0.3333,0,0.0,0,0.0,1,0.3333,1,0.3333,0,0.0
5041,Desha,2010,5,1,0.2,1,0.2,0,0.0,1,0.2,2,0.4,0,0.0,0,0.0
5041,Desha,2011,3,2,0.6667,0,0.0,0,0.0,0,0.0,1,0.3333,0,0.0,0,0.0
5041,Desha,2012,5,0,0.0,0,0.0,1,0.2,1,0.2,2,0.4,1,0.2,0,0.0
5041,Desha,2013,2,2,1.0,0,0.0,0,0.0,0,0.0,0,0.0,0,0.0,0,0.0
5041,Desha,2014,2,1,0.5,0,0.0,0,0.0,0,0.0,0,0.0,1,0.5,0,0.0
5041,Desha,2015,3,1,0.3333,0,0.0,1,0.3333,0,0.0,0,0.0,0,0.0,1,0.3333
5041,Desha,2016,3,1,0.3333,0,0.0,0,0.0,1,0.3333,0,0.0,0,0.0,1,0.3333
5041,Desha,2017,1,0,0.0,0,0.0,1,1.0,0,0.0,0,0.0,0,0.0,0,0.0
5041,Desha,2018,3,0,0.0,0,0.0,1,0.3333,1,0.3333,0,0.0,1,0.3333,0,0.0
5041,Desha,2019,2,0,0.0,0,0.0,0,0.0,0,0.0,1,0.5,1,0.5,0,0.0
5041,Desha,2020,2,0,0.0,0,0.0,0,0.0,0,0.0,0,0.0,2,1.0,0,0.0
5041,Desha,2021,1,1,1.0,0,0.0,0,0.0,0,0.0,0,0.0,0,0.0,0,0.0
5041,Desha,2022,0,0,0,0,0,0,0,0,0,0,0,0,0,0,0
5041,Desha,2023,2,0,0.0,1,0.5,1,0.5,0,0.0,0,0.0,0,0.0,0,0.0
5043,Drew,2008,7,0,0.0,1,0.1429,1,0.1429,1,0.1429,1,0.1429,1,0.1429,2,0.2857
5043,Drew,2009,4,0,0.0,3,0.75,1,0.25,0,0.0,0,0.0,0,0.0,0,0.0
5043,Drew,2010,2,1,0.5,1,0.5,0,0.0,0,0.0,0,0.0,0,0.0,0,0.0
5043,Drew,2011,3,0,0.0,0,0.0,1,0.3333,1,0.3333,0,0.0,1,0.3333,0,0.0
5043,Drew,2012,3,0,0.0,1,0.3333,0,0.0,1,0.3333,0,0.0,0,0.0,1,0.3333
5043,Drew,2013,4,1,0.25,2,0.5,0,0.0,0,0.0,1,0.25,0,0.0,0,0.0
5043,Drew,2014,3,0,0.0,1,0.3333,0,0.0,0,0.0,0,0.0,2,0.6667,0,0.0
5043,Drew,2015,5,0,0.0,0,0.0,3,0.6,0,0.0,1,0.2,0,0.0,1,0.2
5043,Drew,2016,7,0,0.0,4,0.5714,0,0.0,0,0.0,0,0.0,3,0.4286,0,0.0
5043,Drew,2017,2,0,0.0,0,0.0,0,0.0,0,0.0,1,0.5,0,0.0,1,0.5
5043,Drew,2018,5,0,0.0,1,0.2,0,0.0,2,0.4,1,0.2,0,0.0,1,0.2
5043,Drew,2019,4,1,0.25,1,0.25,0,0.0,0,0.0,0,0.0,0,0.0,2,0.5
5043,Drew,2020,4,0,0.0,1,0.25,1,0.25,0,0.0,1,0.25,1,0.25,0,0.0
5043,Drew,2021,4,1,0.25,0,0.0,1,0.25,1,0.25,0,0.0,1,0.25,0,0.0
5043,Drew,2022,5,0,0.0,1,0.2,0,0.0,2,0.4,1,0.2,1,0.2,0,0.0
5043,Drew,2023,3,0,0.0,0,0.0,0,0.0,2,0.6667,0,0.0,0,0.0,1,0.3333
5045,Faulkner,2008,16,7,0.4375,0,0.0,3,0.1875,0,0.0,1,0.0625,4,0.25,1,0.0625
5045,Faulkner,2009,13,2,0.1538,2,0.1538,3,0.2308,2,0.1538,2,0.1538,1,0.0769,1,0.0769
5045,Faulkner,2010,17,3,0.1765,4,0.2353,3,0.1765,3,0.1765,3,0.1765,0,0.0,1,0.0588
5045,Faulkner,2011,10,1,0.1,1,0.1,1,0.1,1,0.1,0,0.0,5,0.5,1,0.1
5045,Faulkner,2012,13,0,0.0,2,0.1538,1,0.0769,2,0.1538,3,0.2308,2,0.1538,3,0.2308
5045,Faulkner,2013,14,2,0.1429,1,0.0714,4,0.2857,0,0.0,3,0.2143,2,0.1429,2,0.1429
5045,Faulkner,2014,13,1,0.0769,2,0.1538,2,0.1538,2,0.1538,2,0.1538,2,0.1538,2,0.1538
5045,Faulkner,2015,13,3,0.2308,1,0.0769,1,0.0769,1,0.0769,3,0.2308,2,0.1538,2,0.1538
5045,Faulkner,2016,14,0,0.0,5,0.3571,2,0.1429,0,0.0,2,0.1429,3,0.2143,2,0.1429
5045,Faulkner,2017,17,2,0.1176,0,0.0,2,0.1176,5,0.2941,3,0.1765,3,0.1765,2,0.1176
5045,Faulkner,2018,19,4,0.2105,2,0.1053,3,0.1579,1,0.0526,2,0.1053,2,0.1053,5,0.2632
5045,Faulkner,2019,4,2,0.5,0,0.0,0,0.0,0,0.0,0,0.0,0,0.0,2,0.5
5045,Faulkner,2020,15,1,0.0667,1,0.0667,2,0.1333,1,0.0667,4,0.2667,3,0.2,3,0.2
5045,Faulkner,2021,20,5,0.25,1,0.05,3,0.15,4,0.2,4,0.2,2,0.1,1,0.05
5045,Faulkner,2022,18,3,0.1667,1,0.0556,1,0.0556,3,0.1667,3,0.1667,2,0.1111,5,0.2778
5045,Faulkner,2023,17,5,0.2941,5,0.2941,1,0.0588,0,0.0,2,0.1176,3,0.1765,1,0.0588
5047,Franklin,2008,5,0,0.0,2,0.4,2,0.4,0,0.0,1,0.2,0,0.0,0,0.0
5047,Franklin,2009,5,0,0.0,0,0.0,0,0.0,1,0.2,3,0.6,1,0.2,0,0.0
5047,Franklin,2010,1,1,1.0,0,0.0,0,0.0,0,0.0,0,0.0,0,0.0,0,0.0
5047,Franklin,2011,5,0,0.0,1,0.2,2,0.4,1,0.2,1,0.2,0,0.0,0,0.0
5047,Franklin,2012,6,0,0.0,0,0.0,1,0.1667,1,0.1667,1,0.1667,0,0.0,3,0.5
5047,Franklin,2013,3,1,0.3333,1,0.3333,0,0.0,0,0.0,1,0.3333,0,0.0,0,0.0
5047,Franklin,2014,5,1,0.2,2,0.4,0,0.0,0,0.0,1,0.2,0,0.0,1,0.2
5047,Franklin,2015,5,0,0.0,0,0.0,1,0.2,0,0.0,1,0.2,3,0.6,0,0.0
5047,Franklin,2016,6,1,0.1667,0,0.0,1,0.1667,1,0.1667,1,0.1667,1,0.1667,1,0.1667
5047,Franklin,2017,5,1,0.2,1,0.2,0,0.0,1,0.2,1,0.2,1,0.2,0,0.0
5047,Franklin,2018,4,0,0.0,2,0.5,0,0.0,2,0.5,0,0.0,0,0.0,0,0.0
5047,Franklin,2019,3,0,0.0,0,0.0,1,0.3333,1,0.3333,0,0.0,1,0.3333,0,0.0
5047,Franklin,2020,9,2,0.2222,2,0.2222,0,0.0,3,0.3333,2,0.2222,0,0.0,0,0.0
5047,Franklin,2021,8,0,0.0,3,0.375,1,0.125,0,0.0,1,0.125,2,0.25,1,0.125
5047,Franklin,2022,3,1,0.3333,2,0.6667,0,0.0,0,0.0,0,0.0,0,0.0,0,0.0
5047,Franklin,2023,5,0,0.0,1,0.2,1,0.2,1,0.2,0,0.0,0,0.0,2,0.4
5049,Fulton,2008,5,0,0.0,0,0.0,1,0.2,0,0.0,3,0.6,1,0.2,0,0.0
5049,Fulton,2009,6,1,0.1667,1,0.1667,0,0.0,1,0.1667,1,0.1667,1,0.1667,1,0.1667
5049,Fulton,2010,2,0,0.0,0,0.0,1,0.5,1,0.5,0,0.0,0,0.0,0,0.0
5049,Fulton,2011,2,2,1.0,0,0.0,0,0.0,0,0.0,0,0.0,0,0.0,0,0.0
5049,Fulton,2012,4,1,0.25,0,0.0,1,0.25,0,0.0,1,0.25,1,0.25,0,0.0
5049,Fulton,2013,4,0,0.0,2,0.5,0,0.0,1,0.25,1,0.25,0,0.0,0,0.0
5049,Fulton,2014,1,0,0.0,0,0.0,0,0.0,0,0.0,0,0.0,0,0.0,1,1.0
5049,Fulton,2015,4,1,0.25,0,0.0,1,0.25,0,0.0,1,0.25,1,0.25,0,0.0
5049,Fulton,2016,4,1,0.25,0,0.0,0,0.0,1,0.25,0,0.0,1,0.25,1,0.25
5049,Fulton,2017,3,0,0.0,1,0.3333,0,0.0,0,0.0,0,0.0,1,0.3333,1,0.3333
5049,Fulton,2018,1,0,0.0,0,0.0,0,0.0,0,0.0,0,0.0,1,1.0,0,0.0
5049,Fulton,2019,4,1,0.25,0,0.0,0,0.0,1,0.25,1,0.25,1,0.25,0,0.0
5049,Fulton,2020,6,2,0.3333,0,0.0,1,0.1667,1,0.1667,1,0.1667,0,0.0,1,0.1667
5049,Fulton,2021,7,1,0.1429,1,0.1429,0,0.0,2,0.2857,1,0.1429,1,0.1429,1,0.1429
5049,Fulton,2022,6,0,0.0,0,0.0,0,0.0,2,0.3333,1,0.1667,3,0.5,0,0.0
5049,Fulton,2023,3,0,0.0,1,0.3333,0,0.0,1,0.3333,1,0.3333,0,0.0,0,0.0
5051,Garland,2008,17,6,0.3529,1,0.0588,1,0.0588,1,0.0588,4,0.2353,2,0.1176,2,0.1176
5051,Garland,2009,13,1,0.0769,2,0.1538,1,0.0769,2,0.1538,2,0.1538,4,0.3077,1,0.0769
5051,Garland,2010,14,0,0.0,2,0.1429,0,0.0,4,0.2857,1,0.0714,3,0.2143,4,0.2857
5051,Garland,2011,11,3,0.2727,1,0.0909,0,0.0,2,0.1818,1,0.0909,0,0.0,4,0.3636
5051,Garland,2012,17,1,0.0588,4,0.2353,0,0.0,2,0.1176,0,0.0,4,0.2353,6,0.3529
5051,Garland,2013,21,5,0.2381,0,0.0,2,0.0952,1,0.0476,3,0.1429,5,0.2381,5,0.2381
5051,Garland,2014,18,4,0.2222,1,0.0556,4,0.2222,1,0.0556,4,0.2222,2,0.1111,2,0.1111
5051,Garland,2015,23,2,0.087,5,0.2174,2,0.087,2,0.087,3,0.1304,4,0.1739,5,0.2174
5051,Garland,2016,27,6,0.2222,6,0.2222,2,0.0741,1,0.037,2,0.0741,3,0.1111,7,0.2593
5051,Garland,2017,13,2,0.1538,1,0.0769,0,0.0,3,0.2308,4,0.3077,1,0.0769,2,0.1538
5051,Garland,2018,16,1,0.0625,1,0.0625,4,0.25,5,0.3125,0,0.0,4,0.25,1,0.0625
5051,Garland,2019,20,2,0.1,2,0.1,4,0.2,0,0.0,5,0.25,3,0.15,4,0.2
5051,Garland,2020,18,0,0.0,2,0.1111,6,0.3333,3,0.1667,2,0.1111,4,0.2222,1,0.0556
5051,Garland,2021,20,2,0.1,4,0.2,4,0.2,1,0.05,2,0.1,3,0.15,4,0.2
5051,Garland,2022,17,1,0.0588,2,0.1176,3,0.1765,2,0.1176,2,0.1176,2,0.1176,5,0.2941
5051,Garland,2023,15,3,0.2,1,0.0667,2,0.1333,2,0.1333,0,0.0,3,0.2,4,0.2667
5053,Grant,2008,3,0,0.0,0,0.0,0,0.0,1,0.3333,0,0.0,1,0.3333,1,0.3333
5053,Grant,2009,6,0,0.0,1,0.1667,0,0.0,4,0.6667,0,0.0,0,0.0,1,0.1667
5053,Grant,2010,7,1,0.1429,1,0.1429,1,0.1429,1,0.1429,3,0.4286,0,0.0,0,0.0
5053,Grant,2011,4,0,0.0,0,0.0,1,0.25,1,0.25,0,0.0,1,0.25,1,0.25
5053,Grant,2012,5,0,0.0,0,0.0,1,0.2,0,0.0,0,0.0,1,0.2,3,0.6
5053,Grant,2013,5,2,0.4,1,0.2,0,0.0,1,0.2,0,0.0,0,0.0,1,0.2
5053,Grant,2014,3,1,0.3333,0,0.0,1,0.3333,1,0.3333,0,0.0,0,0.0,0,0.0
5053,Grant,2015,3,0,0.0,0,0.0,0,0.0,0,0.0,0,0.0,2,0.6667,1,0.3333
5053,Grant,2016,4,0,0.0,2,0.5,0,0.0,0,0.0,0,0.0,0,0.0,2,0.5
5053,Grant,2017,4,0,0.0,0,0.0,1,0.25,0,0.0,1,0.25,2,0.5,0,0.0
5053,Grant,2018,6,1,0.1667,1,0.1667,2,0.3333,1,0.1667,1,0.1667,0,0.0,0,0.0
5053,Grant,2019,5,0,0.0,1,0.2,1,0.2,0,0.0,1,0.2,1,0.2,1,0.2
5053,Grant,2020,5,1,0.2,1,0.2,0,0.0,0,0.0,1,0.2,0,0.0,2,0.4
5053,Grant,2021,7,1,0.1429,0,0.0,2,0.2857,1,0.1429,2,0.2857,0,0.0,1,0.1429
5053,Grant,2022,4,1,0.25,0,0.0,0,0.0,0,0.0,0,0.0,2,0.5,1,0.25
5053,Grant,2023,8,1,0.125,0,0.0,0,0.0,3,0.375,1,0.125,3,0.375,0,0.0
5055,Greene,2008,11,1,0.0909,2,0.1818,0,0.0,1,0.0909,1,0.0909,4,0.3636,2,0.1818
5055,Greene,2009,5,0,0.0,0,0.0,0,0.0,1,0.2,1,0.2,3,0.6,0,0.0
5055,Greene,2010,9,1,0.1111,0,0.0,0,0.0,1,0.1111,2,0.2222,2,0.2222,3,0.3333
5055,Greene,2011,6,2,0.3333,1,0.1667,0,0.0,0,0.0,1,0.1667,2,0.3333,0,0.0
5055,Greene,2012,8,1,0.125,2,0.25,2,0.25,0,0.0,2,0.25,1,0.125,0,0.0
5055,Greene,2013,6,1,0.1667,3,0.5,0,0.0,0,0.0,1,0.1667,0,0.0,1,0.1667
5055,Greene,2014,10,0,0.0,2,0.2,1,0.1,1,0.1,2,0.2,2,0.2,2,0.2
5055,Greene,2015,8,1,0.125,1,0.125,1,0.125,0,0.0,1,0.125,1,0.125,3,0.375
5055,Greene,2016,4,0,0.0,0,0.0,2,0.5,0,0.0,0,0.0,1,0.25,1,0.25
5055,Greene,2017,8,2,0.25,2,0.25,3,0.375,0,0.0,1,0.125,0,0.0,0,0.0
5055,Greene,2018,9,2,0.2222,2,0.2222,3,0.3333,1,0.1111,0,0.0,1,0.1111,0,0.0
5055,Greene,2019,7,1,0.1429,2,0.2857,0,0.0,0,0.0,0,0.0,4,0.5714,0,0.0
5055,Greene,2020,7,1,0.1429,1,0.1429,1,0.1429,0,0.0,0,0.0,2,0.2857,2,0.2857
5055,Greene,2021,7,0,0.0,1,0.1429,0,0.0,1,0.1429,1,0.1429,2,0.2857,2,0.2857
5055,Greene,2022,7,2,0.2857,1,0.1429,3,0.4286,0,0.0,1,0.1429,0,0.0,0,0.0
5055,Greene,2023,11,2,0.1818,1,0.0909,0,0.0,1,0.0909,0,0.0,4,0.3636,3,0.2727
5057,Hempstead,2008,7,4,0.5714,0,0.0,0,0.0,0,0.0,0,0.0,2,0.2857,1,0.1429
5057,Hempstead,2009,6,0,0.0,0,0.0,2,0.3333,2,0.3333,1,0.1667,1,0.1667,0,0.0
5057,Hempstead,2010,7,0,0.0,1,0.1429,0,0.0,0,0.0,2,0.2857,1,0.1429,3,0.4286
5057,Hempstead,2011,11,1,0.0909,1,0.0909,2,0.1818,2,0.1818,2,0.1818,1,0.0909,2,0.1818
5057,Hempstead,2012,4,0,0.0,0,0.0,0,0.0,0,0.0,0,0.0,2,0.5,2,0.5
5057,Hempstead,2013,6,2,0.3333,0,0.0,2,0.3333,1,0.1667,0,0.0,0,0.0,1,0.1667
5057,Hempstead,2014,4,1,0.25,0,0.0,1,0.25,0,0.0,0,0.0,2,0.5,0,0.0
5057,Hempstead,2015,10,0,0.0,0,0.0,0,0.0,4,0.4,3,0.3,1,0.1,2,0.2
5057,Hempstead,2016,8,0,0.0,0,0.0,2,0.25,2,0.25,2,0.25,0,0.0,2,0.25
5057,Hempstead,2017,4,0,0.0,1,0.25,0,0.0,0,0.0,0,0.0,0,0.0,3,0.75
5057,Hempstead,2018,5,0,0.0,1,0.2,1,0.2,0,0.0,2,0.4,1,0.2,0,0.0
5057,Hempstead,2019,5,1,0.2,0,0.0,1,0.2,1,0.2,0,0.0,1,0.2,1,0.2
5057,Hempstead,2020,8,4,0.5,0,0.0,0,0.0,2,0.25,0,0.0,2,0.25,0,0.0
5057,Hempstead,2021,3,0,0.0,1,0.3333,1,0.3333,0,0.0,0,0.0,1,0.3333,0,0.0
5057,Hempstead,2022,5,0,0.0,1,0.2,3,0.6,1,0.2,0,0.0,0,0.0,0,0.0
5057,Hempstead,2023,10,3,0.3,1,0.1,2,0.2,1,0.1,2,0.2,1,0.1,0,0.0
5059,Hot Spring,2008,12,3,0.25,0,0.0,2,0.1667,2,0.1667,0,0.0,1,0.0833,4,0.3333
5059,Hot Spring,2009,10,1,0.1,1,0.1,2,0.2,1,0.1,0,0.0,3,0.3,2,0.2
5059,Hot Spring,2010,11,1,0.0909,1,0.0909,0,0.0,2,0.1818,3,0.2727,2,0.1818,2,0.1818
5059,Hot Spring,2011,7,2,0.2857,0,0.0,1,0.1429,1,0.1429,0,0.0,2,0.2857,1,0.1429
5059,Hot Spring,2012,10,0,0.0,1,0.1,0,0.0,2,0.2,3,0.3,0,0.0,4,0.4
5059,Hot Spring,2013,13,1,0.0769,0,0.0,2,0.1538,1,0.0769,2,0.1538,4,0.3077,3,0.2308
5059,Hot Spring,2014,16,2,0.125,2,0.125,0,0.0,4,0.25,3,0.1875,2,0.125,3,0.1875
5059,Hot Spring,2015,14,1,0.0714,1,0.0714,1,0.0714,2,0.1429,3,0.2143,4,0.2857,2,0.1429
5059,Hot Spring,2016,13,3,0.2308,2,0.1538,1,0.0769,0,0.0,2,0.1538,3,0.2308,2,0.1538
5059,Hot Spring,2017,11,0,0.0,2,0.1818,3,0.2727,0,0.0,3,0.2727,1,0.0909,2,0.1818
5059,Hot Spring,2018,9,1,0.1111,2,0.2222,1,0.1111,0,0.0,2,0.2222,3,0.3333,0,0.0
5059,Hot Spring,2019,8,1,0.125,1,0.125,3,0.375,1,0.125,1,0.125,0,0.0,1,0.125
5059,Hot Spring,2020,5,0,0.0,0,0.0,1,0.2,2,0.4,2,0.4,0,0.0,0,0.0
5059,Hot Spring,2021,13,1,0.0769,1,0.0769,0,0.0,1,0.0769,3,0.2308,5,0.3846,2,0.1538
5059,Hot Spring,2022,15,2,0.1333,1,0.0667,3,0.2,5,0.3333,1,0.0667,2,0.1333,1,0.0667
5059,Hot Spring,2023,12,3,0.25,0,0.0,1,0.0833,3,0.25,2,0.1667,2,0.1667,1,0.0833
5061,Howard,2008,4,0,0.0,0,0.0,3,0.75,0,0.0,0,0.0,1,0.25,0,0.0
5061,Howard,2009,3,0,0.0,1,0.3333,1,0.3333,0,0.0,0,0.0,1,0.3333,0,0.0
5061,Howard,2010,4,1,0.25,1,0.25,1,0.25,0,0.0,0,0.0,0,0.0,1,0.25
5061,Howard,2011,5,2,0.4,0,0.0,0,0.0,1,0.2,0,0.0,0,0.0,2,0.4
5061,Howard,2012,3,0,0.0,0,0.0,0,0.0,1,0.3333,1,0.3333,1,0.3333,0,0.0
5061,Howard,2013,1,0,0.0,0,0.0,1,1.0,0,0.0,0,0.0,0,0.0,0,0.0
5061,Howard,2014,1,0,0.0,0,0.0,0,0.0,0,0.0,1,1.0,0,0.0,0,0.0
5061,Howard,2015,5,0,0.0,0,0.0,0,0.0,1,0.2,1,0.2,0,0.0,3,0.6
5061,Howard,2016,2,0,0.0,0,0.0,0,0.0,1,0.5,0,0.0,0,0.0,1,0.5
5061,Howard,2017,1,0,0.0,0,0.0,0,0.0,0,0.0,1,1.0,0,0.0,0,0.0
5061,Howard,2018,3,0,0.0,1,0.3333,0,0.0,0,0.0,1,0.3333,0,0.0,1,0.3333
5061,Howard,2019,5,1,0.2,0,0.0,2,0.4,0,0.0,0,0.0,2,0.4,0,0.0
5061,Howard,2020,6,1,0.1667,0,0.0,0,0.0,2,0.3333,0,0.0,0,0.0,3,0.5
5061,Howard,2021,1,0,0.0,0,0.0,0,0.0,0,0.0,1,1.0,0,0.0,0,0.0
5061,Howard,2022,0,0,0,0,0,0,0,0,0,0,0,0,0,0,0
5061,Howard,2023,4,0,0.0,0,0.0,1,0.25,0,0.0,1,0.25,0,0.0,2,0.5
5063,Independence,2008,7,2,0.2857,0,0.0,2,0.2857,0,0.0,1,0.1429,0,0.0,2,0.2857
5063,Independence,2009,15,1,0.0667,1,0.0667,5,0.3333,3,0.2,2,0.1333,1,0.0667,2,0.1333
5063,Independence,2010,8,2,0.25,0,0.0,1,0.125,2,0.25,1,0.125,1,0.125,1,0.125
5063,Independence,2011,10,0,0.0,1,0.1,2,0.2,0,0.0,1,0.1,2,0.2,4,0.4
5063,Independence,2012,5,1,0.2,0,0.0,0,0.0,0,0.0,1,0.2,0,0.0,3,0.6
5063,Independence,2013,4,1,0.25,0,0.0,0,0.0,1,0.25,1,0.25,1,0.25,0,0.0
5063,Independence,2014,8,1,0.125,1,0.125,1,0.125,1,0.125,2,0.25,1,0.125,1,0.125
5063,Independence,2015,5,0,0.0,3,0.6,0,0.0,1,0.2,0,0.0,0,0.0,1,0.2
5063,Independence,2016,8,3,0.375,2,0.25,1,0.125,0,0.0,1,0.125,1,0.125,0,0.0
5063,Independence,2017,6,0,0.0,0,0.0,2,0.3333,2,0.3333,0,0.0,0,0.0,2,0.3333
5063,Independence,2018,7,0,0.0,1,0.1429,0,0.0,1,0.1429,1,0.1429,1,0.1429,3,0.4286
5063,Independence,2019,10,1,0.1,0,0.0,1,0.1,1,0.1,1,0.1,3,0.3,3,0.3
5063,Independence,2020,16,3,0.1875,2,0.125,2,0.125,0,0.0,4,0.25,1,0.0625,4,0.25
5063,Independence,2021,15,3,0.2,3,0.2,2,0.1333,1,0.0667,3,0.2,1,0.0667,2,0.1333
5063,Independence,2022,8,0,0.0,0,0.0,0,0.0,2,0.25,2,0.25,3,0.375,1,0.125
5063,Independence,2023,7,0,0.0,2,0.2857,1,0.1429,2,0.2857,1,0.1429,0,0.0,1,0.1429
5065,Izard,2008,2,0,0.0,0,0.0,1,0.5,0,0.0,0,0.0,1,0.5,0,0.0
5065,Izard,2009,2,0,0.0,0,0.0,0,0.0,1,0.5,0,0.0,1,0.5,0,0.0
5065,Izard,2010,2,0,0.0,1,0.5,0,0.0,0,0.0,0,0.0,1,0.5,0,0.0
5065,Izard,2011,2,0,0.0,0,0.0,0,0.0,1,0.5,0,0.0,0,0.0,1,0.5
5065,Izard,2012,3,1,0.3333,1,0.3333,0,0.0,0,0.0,0,0.0,1,0.3333,0,0.0
5065,Izard,2013,2,0,0.0,1,0.5,0,0.0,0,0.0,1,0.5,0,0.0,0,0.0
5065,Izard,2014,2,0,0.0,0,0.0,0,0.0,0,0.0,0,0.0,1,0.5,1,0.5
5065,Izard,2015,0,0,0,0,0,0,0,0,0,0,0,0,0,0,0
5065,Izard,2016,0,0,0,0,0,0,0,0,0,0,0,0,0,0,0
5065,Izard,2017,2,0,0.0,0,0.0,0,0.0,1,0.5,0,0.0,0,0.0,1,0.5
5065,Izard,2018,4,0,0.0,0,0.0,1,0.25,0,0.0,1,0.25,2,0.5,0,0.0
5065,Izard,2019,2,0,0.0,0,0.0,0,0.0,2,1.0,0,0.0,0,0.0,0,0.0
5065,Izard,2020,0,0,0,0,0,0,0,0,0,0,0,0,0,0,0
5065,Izard,2021,4,1,0.25,1,0.25,1,0.25,0,0.0,0,0.0,1,0.25,0,0.0
5065,Izard,2022,5,1,0.2,0,0.0,0,0.0,1,0.2,1,0.2,1,0.2,1,0.2
5065,Izard,2023,0,0,0,0,0,0,0,0,0,0,0,0,0,0,0
5067,Jackson,2008,8,4,0.5,0,0.0,1,0.125,0,0.0,1,0.125,0,0.0,2,0.25
5067,Jackson,2009,8,0,0.0,2,0.25,1,0.125,2,0.25,1,0.125,0,0.0,2,0.25
5067,Jackson,2010,4,0,0.0,0,0.0,3,0.75,0,0.0,0,0.0,0,0.0,1,0.25
5067,Jackson,2011,2,1,0.5,1,0.5,0,0.0,0,0.0,0,0.0,0,0.0,0,0.0
5067,Jackson,2012,6,0,0.0,0,0.0,3,0.5,0,0.0,0,0.0,1,0.1667,2,0.3333
5067,Jackson,2013,4,1,0.25,0,0.0,0,0.0,0,0.0,0,0.0,1,0.25,2,0.5
5067,Jackson,2014,4,1,0.25,0,0.0,1,0.25,1,0.25,0,0.0,0,0.0,1,0.25
5067,Jackson,2015,5,2,0.4,0,0.0,1,0.2,0,0.0,1,0.2,1,0.2,0,0.0
5067,Jackson,2016,3,0,0.0,0,0.0,0,0.0,1,0.3333,1,0.3333,1,0.3333,0,0.0
5067,Jackson,2017,6,0,0.0,2,0.3333,1,0.1667,1,0.1667,1,0.1667,1,0.1667,0,0.0
5067,Jackson,2018,2,1,0.5,0,0.0,0,0.0,0,0.0,0,0.0,0,0.0,1,0.5
5067,Jackson,2019,2,0,0.0,1,0.5,1,0.5,0,0.0,0,0.0,0,0.0,0,0.0
5067,Jackson,2020,7,2,0.2857,2,0.2857,1,0.1429,0,0.0,1,0.1429,1,0.1429,0,0.0
5067,Jackson,2021,2,0,0.0,0,0.0,1,0.5,0,0.0,0,0.0,0,0.0,1,0.5
5067,Jackson,2022,4,0,0.0,0,0.0,0,0.0,1,0.25,1,0.25,1,0.25,1,0.25
5067,Jackson,2023,7,0,0.0,0,0.0,4,0.5714,1,0.1429,0,0.0,0,0.0,2,0.2857
5069,Jefferson,2008,14,0,0.0,3,0.2143,2,0.1429,3,0.2143,2,0.1429,1,0.0714,3,0.2143
5069,Jefferson,2009,15,1,0.0667,1,0.0667,1,0.0667,2,0.1333,3,0.2,3,0.2,4,0.2667
5069,Jefferson,2010,10,1,0.1,1,0.1,1,0.1,3,0.3,2,0.2,2,0.2,0,0.0
5069,Jefferson,2011,17,1,0.0588,2,0.1176,2,0.1176,4,0.2353,3,0.1765,4,0.2353,1,0.0588
5069,Jefferson,2012,12,0,0.0,0,0.0,1,0.0833,1,0.0833,2,0.1667,6,0.5,2,0.1667
5069,Jefferson,2013,10,1,0.1,0,0.0,2,0.2,1,0.1,3,0.3,2,0.2,1,0.1
5069,Jefferson,2014,14,3,0.2143,2,0.1429,1,0.0714,1,0.0714,0,0.0,4,0.2857,3,0.2143
5069,Jefferson,2015,7,0,0.0,0,0.0,1,0.1429,2,0.2857,1,0.1429,0,0.0,3,0.4286
5069,Jefferson,2016,11,2,0.1818,2,0.1818,0,0.0,0,0.0,4,0.3636,1,0.0909,2,0.1818
5069,Jefferson,2017,14,1,0.0714,2,0.1429,1,0.0714,2,0.1429,5,0.3571,1,0.0714,2,0.1429
5069,Jefferson,2018,11,3,0.2727,1,0.0909,0,0.0,0,0.0,1,0.0909,2,0.1818,4,0.3636
5069,Jefferson,2019,14,0,0.0,4,0.2857,4,0.2857,3,0.2143,1,0.0714,2,0.1429,0,0.0
5069,Jefferson,2020,16,1,0.0625,2,0.125,2,0.125,1,0.0625,4,0.25,1,0.0625,5,0.3125
5069,Jefferson,2021,15,4,0.2667,1,0.0667,1,0.0667,0,0.0,4,0.2667,4,0.2667,1,0.0667
5069,Jefferson,2022,13,4,0.3077,3,0.2308,2,0.1538,1,0.0769,1,0.0769,1,0.0769,1,0.0769
5069,Jefferson,2023,16,3,0.1875,1,0.0625,1,0.0625,4,0.25,4,0.25,1,0.0625,2,0.125
5071,Johnson,2008,4,0,0.0,1,0.25,1,0.25,0,0.0,0,0.0,1,0.25,1,0.25
5071,Johnson,2009,7,1,0.1429,2,0.2857,0,0.0,0,0.0,1,0.1429,0,0.0,3,0.4286
5071,Johnson,2010,2,0,0.0,0,0.0,0,0.0,0,0.0,1,0.5,1,0.5,0,0.0
5071,Johnson,2011,8,2,0.25,0,0.0,2,0.25,1,0.125,0,0.0,2,0.25,1,0.125
5071,Johnson,2012,8,1,0.125,1,0.125,0,0.0,1,0.125,1,0.125,3,0.375,1,0.125
5071,Johnson,2013,3,1,0.3333,1,0.3333,0,0.0,0,0.0,1,0.3333,0,0.0,0,0.0
5071,Johnson,2014,4,1,0.25,1,0.25,0,0.0,1,0.25,1,0.25,0,0.0,0,0.0
5071,Johnson,2015,1,0,0.0,1,1.0,0,0.0,0,0.0,0,0.0,0,0.0,0,0.0
5071,Johnson,2016,4,0,0.0,0,0.0,1,0.25,1,0.25,1,0.25,0,0.0,1,0.25
5071,Johnson,2017,1,1,1.0,0,0.0,0,0.0,0,0.0,0,0.0,0,0.0,0,0.0
5071,Johnson,2018,5,0,0.0,0,0.0,2,0.4,1,0.2,0,0.0,1,0.2,1,0.2
5071,Johnson,2019,4,0,0.0,0,0.0,0,0.0,0,0.0,2,0.5,0,0.0,2,0.5
5071,Johnson,2020,6,1,0.1667,1,0.1667,0,0.0,0,0.0,1,0.1667,0,0.0,3,0.5
5071,Johnson,2021,5,0,0.0,0,0.0,0,0.0,1,0.2,2,0.4,1,0.2,1,0.2
5071,Johnson,2022,6,1,0.1667,2,0.3333,1,0.1667,2,0.3333,0,0.0,0,0.0,0,0.0
5071,Johnson,2023,2,0,0.0,0,0.0,1,0.5,1,0.5,0,0.0,0,0.0,0,0.0
5073,Lafayette,2008,1,0,0.0,0,0.0,0,0.0,0,0.0,0,0.0,0,0.0,1,1.0
5073,Lafayette,2009,5,1,0.2,0,0.0,0,0.0,1,0.2,1,0.2,0,0.0,2,0.4
5073,Lafayette,2010,7,0,0.0,2,0.2857,0,0.0,0,0.0,3,0.4286,0,0.0,2,0.2857
5073,Lafayette,2011,6,0,0.0,0,0.0,1,0.1667,1,0.1667,2,0.3333,1,0.1667,1,0.1667
5073,Lafayette,2012,2,0,0.0,0,0.0,1,0.5,0,0.0,1,0.5,0,0.0,0,0.0
5073,Lafayette,2013,2,0,0.0,0,0.0,0,0.0,1,0.5,0,0.0,1,0.5,0,0.0
5073,Lafayette,2014,2,0,0.0,1,0.5,0,0.0,0,0.0,0,0.0,1,0.5,0,0.0
5073,Lafayette,2015,1,0,0.0,0,0.0,0,0.0,0,0.0,1,1.0,0,0.0,0,0.0
5073,Lafayette,2016,1,1,1.0,0,0.0,0,0.0,0,0.0,0,0.0,0,0.0,0,0.0
5073,Lafayette,2017,0,0,0,0,0,0,0,0,0,0,0,0,0,0,0
5073,Lafayette,2018,0,0,0,0,0,0,0,0,0,0,0,0,0,0,0
5073,Lafayette,2019,1,0,0.0,0,0.0,0,0.0,1,1.0,0,0.0,0,0.0,0,0.0
5073,Lafayette,2020,3,1,0.3333,1,0.3333,0,0.0,0,0.0,0,0.0,1,0.3333,0,0.0
5073,Lafayette,2021,0,0,0,0,0,0,0,0,0,0,0,0,0,0,0
5073,Lafayette,2022,0,0,0,0,0,0,0,0,0,0,0,0,0,0,0
5073,Lafayette,2023,2,0,0.0,0,0.0,0,0.0,0,0.0,1,0.5,0,0.0,1,0.5
5075,Lawrence,2008,5,0,0.0,1,0.2,0,0.0,0,0.0,2,0.4,2,0.4,0,0.0
5075,Lawrence,2009,10,3,0.3,2,0.2,1,0.1,1,0.1,0,0.0,2,0.2,1,0.1
5075,Lawrence,2010,4,0,0.0,0,0.0,0,0.0,0,0.0,1,0.25,3,0.75,0,0.0
5075,Lawrence,2011,3,0,0.0,1,0.3333,1,0.3333,0,0.0,0,0.0,1,0.3333,0,0.0
5075,Lawrence,2012,5,2,0.4,0,0.0,1,0.2,0,0.0,1,0.2,0,0.0,1,0.2
5075,Lawrence,2013,4,0,0.0,2,0.5,1,0.25,1,0.25,0,0.0,0,0.0,0,0.0
5075,Lawrence,2014,7,1,0.1429,2,0.2857,0,0.0,1,0.1429,1,0.1429,1,0.1429,1,0.1429
5075,Lawrence,2015,4,0,0.0,0,0.0,1,0.25,1,0.25,1,0.25,1,0.25,0,0.0
5075,Lawrence,2016,8,1,0.125,1,0.125,0,0.0,2,0.25,2,0.25,0,0.0,2,0.25
5075,Lawrence,2017,4,0,0.0,0,0.0,1,0.25,1,0.25,1,0.25,1,0.25,0,0.0
5075,Lawrence,2018,12,1,0.0833,1,0.0833,1,0.0833,1,0.0833,4,0.3333,2,0.1667,2,0.1667
5075,Lawrence,2019,8,0,0.0,1,0.125,0,0.0,1,0.125,3,0.375,2,0.25,1,0.125
5075,Lawrence,2020,8,3,0.375,1,0.125,2,0.25,1,0.125,0,0.0,0,0.0,1,0.125
5075,Lawrence,2021,6,1,0.1667,1,0.1667,0,0.0,1,0.1667,2,0.3333,1,0.1667,0,0.0
5075,Lawrence,2022,8,0,0.0,1,0.125,4,0.5,2,0.25,0,0.0,0,0.0,1,0.125
5075,Lawrence,2023,3,0,0.0,2,0.6667,0,0.0,1,0.3333,0,0.0,0,0.0,0,0.0
5077,Lee,2008,5,0,0.0,0,0.0,1,0.2,0,0.0,0,0.0,2,0.4,2,0.4
5077,Lee,2009,3,0,0.0,0,0.0,0,0.0,1,0.3333,1,0.3333,1,0.3333,0,0.0
5077,Lee,2010,5,0,0.0,1,0.2,0,0.0,0,0.0,1,0.2,2,0.4,1,0.2
5077,Lee,2011,1,0,0.0,0,0.0,0,0.0,0,0.0,0,0.0,0,0.0,1,1.0
5077,Lee,2012,2,1,0.5,0,0.0,0,0.0,0,0.0,0,0.0,1,0.5,0,0.0
5077,Lee,2013,2,0,0.0,0,0.0,0,0.0,0,0.0,0,0.0,0,0.0,2,1.0
5077,Lee,2014,0,0,0,0,0,0,0,0,0,0,0,0,0,0,0
5077,Lee,2015,4,0,0.0,2,0.5,0,0.0,0,0.0,0,0.0,2,0.5,0,0.0
5077,Lee,2016,1,0,0.0,0,0.0,0,0.0,0,0.0,0,0.0,1,1.0,0,0.0
5077,Lee,2017,3,3,1.0,0,0.0,0,0.0,0,0.0,0,0.0,0,0.0,0,0.0
5077,Lee,2018,0,0,0,0,0,0,0,0,0,0,0,0,0,0,0
5077,Lee,2019,2,0,0.0,0,0.0,0,0.0,0,0.0,0,0.0,1,0.5,1,0.5
5077,Lee,2020,2,1,0.5,0,0.0,1,0.5,0,0.0,0,0.0,0,0.0,0,0.0
5077,Lee,2021,2,0,0.0,0,0.0,1,0.5,0,0.0,1,0.5,0,0.0,0,0.0
5077,Lee,2022,1,0,0.0,0,0.0,0,0.0,0,0.0,1,1.0,0,0.0,0,0.0
5077,Lee,2023,4,1,0.25,2,0.5,0,0.0,0,0.0,0,0.0,1,0.25,0,0.0
5079,Lincoln,2008,4,0,0.0,0,0.0,0,0.0,1,0.25,0,0.0,1,0.25,2,0.5
5079,Lincoln,2009,5,0,0.0,0,0.0,1,0.2,0,0.0,3,0.6,1,0.2,0,0.0
5079,Lincoln,2010,4,1,0.25,0,0.0,0,0.0,1,0.25,1,0.25,0,0.0,1,0.25
5079,Lincoln,2011,2,0,0.0,1,0.5,1,0.5,0,0.0,0,0.0,0,0.0,0,0.0
5079,Lincoln,2012,1,0,0.0,0,0.0,0,0.0,0,0.0,1,1.0,0,0.0,0,0.0
5079,Lincoln,2013,2,0,0.0,0,0.0,1,0.5,1,0.5,0,0.0,0,0.0,0,0.0
5079,Lincoln,2014,4,0,0.0,2,0.5,1,0.25,0,0.0,0,0.0,0,0.0,1,0.25
5079,Lincoln,2015,2,0,0.0,0,0.0,0,0.0,2,1.0,0,0.0,0,0.0,0,0.0
5079,Lincoln,2016,1,0,0.0,0,0.0,0,0.0,0,0.0,1,1.0,0,0.0,0,0.0
5079,Lincoln,2017,3,0,0.0,0,0.0,0,0.0,1,0.3333,1,0.3333,0,0.0,1,0.3333
5079,Lincoln,2018,4,1,0.25,0,0.0,1,0.25,0,0.0,2,0.5,0,0.0,0,0.0
5079,Lincoln,2019,1,0,0.0,0,0.0,0,0.0,1,1.0,0,0.0,0,0.0,0,0.0
5079,Lincoln,2020,1,1,1.0,0,0.0,0,0.0,0,0.0,0,0.0,0,0.0,0,0.0
5079,Lincoln,2021,1,0,0.0,1,1.0,0,0.0,0,0.0,0,0.0,0,0.0,0,0.0
5079,Lincoln,2022,5,0,0.0,0,0.0,2,0.4,1,0.2,1,0.2,1,0.2,0,0.0
5079,Lincoln,2023,0,0,0,0,0,0,0,0,0,0,0,0,0,0,0
5081,Little River,2008,3,2,0.6667,0,0.0,0,0.0,0,0.0,0,0.0,0,0.0,1,0.3333
5081,Little River,2009,4,1,0.25,0,0.0,0,0.0,0,0.0,1,0.25,1,0.25,1,0.25
5081,Little River,2010,1,1,1.0,0,0.0,0,0.0,0,0.0,0,0.0,0,0.0,0,0.0
5081,Little River,2011,4,0,0.0,1,0.25,0,0.0,1,0.25,1,0.25,0,0.0,1,0.25
5081,Little River,2012,2,0,0.0,0,0.0,0,0.0,1,0.5,0,0.0,1,0.5,0,0.0
5081,Little River,2013,8,0,0.0,0,0.0,2,0.25,2,0.25,0,0.0,2,0.25,2,0.25
5081,Little River,2014,2,1,0.5,0,0.0,0,0.0,1,0.5,0,0.0,0,0.0,0,0.0
5081,Little River,2015,4,0,0.0,1,0.25,0,0.0,1,0.25,1,0.25,0,0.0,1,0.25
5081,Little River,2016,4,0,0.0,2,0.5,0,0.0,0,0.0,2,0.5,0,0.0,0,0.0
5081,Little River,2017,2,1,0.5,0,0.0,0,0.0,0,0.0,0,0.0,0,0.0,1,0.5
5081,Little River,2018,3,0,0.0,0,0.0,0,0.0,2,0.6667,0,0.0,1,0.3333,0,0.0
5081,Little River,2019,4,0,0.0,0,0.0,2,0.5,1,0.25,0,0.0,1,0.25,0,0.0
5081,Little River,2020,2,1,0.5,0,0.0,0,0.0,1,0.5,0,0.0,0,0.0,0,0.0
5081,Little River,2021,5,1,0.2,0,0.0,0,0.0,0,0.0,1,0.2,1,0.2,2,0.4
5081,Little River,2022,0,0,0,0,0,0,0,0,0,0,0,0,0,0,0
5081,Little River,2023,5,0,0.0,1,0.2,2,0.4,1,0.2,0,0.0,1,0.2,0,0.0
5083,Logan,2008,6,2,0.3333,2,0.3333,1,0.1667,0,0.0,1,0.1667,0,0.0,0,0.0
5083,Logan,2009,2,0,0.0,0,0.0,0,0.0,1,0.5,0,0.0,0,0.0,1,0.5
5083,Logan,2010,6,2,0.3333,0,0.0,0,0.0,1,0.1667,1,0.1667,1,0.1667,1,0.1667
5083,Logan,2011,3,0,0.0,1,0.3333,0,0.0,1,0.3333,0,0.0,1,0.3333,0,0.0
5083,Logan,2012,5,0,0.0,1,0.2,1,0.2,1,0.2,0,0.0,0,0.0,2,0.4
5083,Logan,2013,2,0,0.0,0,0.0,0,0.0,0,0.0,1,0.5,1,0.5,0,0.0
5083,Logan,2014,2,0,0.0,0,0.0,1,0.5,0,0.0,0,0.0,0,0.0,1,0.5
5083,Logan,2015,4,1,0.25,0,0.0,1,0.25,0,0.0,1,0.25,0,0.0,1,0.25
5083,Logan,2016,2,0,0.0,0,0.0,0,0.0,1,0.5,1,0.5,0,0.0,0,0.0
5083,Logan,2017,7,0,0.0,2,0.2857,0,0.0,2,0.2857,1,0.1429,1,0.1429,1,0.1429
5083,Logan,2018,1,0,0.0,1,1.0,0,0.0,0,0.0,0,0.0,0,0.0,0,0.0
5083,Logan,2019,4,1,0.25,1,0.25,0,0.0,1,0.25,1,0.25,0,0.0,0,0.0
5083,Logan,2020,3,1,0.3333,0,0.0,0,0.0,0,0.0,0,0.0,0,0.0,2,0.6667
5083,Logan,2021,9,0,0.0,1,0.1111,1,0.1111,1,0.1111,2,0.2222,2,0.2222,2,0.2222
5083,Logan,2022,3,1,0.3333,0,0.0,1,0.3333,1,0.3333,0,0.0,0,0.0,0,0.0
5083,Logan,2023,5,0,0.0,2,0.4,0,0.0,1,0.2,1,0.2,1,0.2,0,0.0
5085,Lonoke,2008,18,4,0.2222,4,0.2222,0,0.0,1,0.0556,3,0.1667,4,0.2222,2,0.1111
5085,Lonoke,2009,12,2,0.1667,0,0.0,3,0.25,1,0.0833,2,0.1667,0,0.0,4,0.3333
5085,Lonoke,2010,7,1,0.1429,1,0.1429,1,0.1429,1,0.1429,1,0.1429,2,0.2857,0,0.0
5085,Lonoke,2011,11,0,0.0,1,0.0909,2,0.1818,3,0.2727,1,0.0909,3,0.2727,1,0.0909
5085,Lonoke,2012,17,1,0.0588,3,0.1765,1,0.0588,3,0.1765,1,0.0588,3,0.1765,5,0.2941
5085,Lonoke,2013,11,2,0.1818,0,0.0,0,0.0,3,0.2727,0,0.0,3,0.2727,3,0.2727
5085,Lonoke,2014,9,0,0.0,0,0.0,1,0.1111,2,0.2222,4,0.4444,1,0.1111,1,0.1111
5085,Lonoke,2015,12,1,0.0833,1,0.0833,0,0.0,3,0.25,2,0.1667,4,0.3333,1,0.0833
5085,Lonoke,2016,11,2,0.1818,2,0.1818,3,0.2727,1,0.0909,1,0.0909,1,0.0909,1,0.0909
5085,Lonoke,2017,9,0,0.0,3,0.3333,3,0.3333,0,0.0,2,0.2222,0,0.0,1,0.1111
5085,Lonoke,2018,5,1,0.2,0,0.0,1,0.2,0,0.0,0,0.0,2,0.4,1,0.2
5085,Lonoke,2019,9,1,0.1111,1,0.1111,1,0.1111,1,0.1111,2,0.2222,2,0.2222,1,0.1111
5085,Lonoke,2020,10,1,0.1,1,0.1,2,0.2,1,0.1,1,0.1,3,0.3,1,0.1
5085,Lonoke,2021,14,2,0.1429,2,0.1429,4,0.2857,2,0.1429,0,0.0,2,0.1429,2,0.1429
5085,Lonoke,2022,16,3,0.1875,1,0.0625,2,0.125,2,0.125,2,0.125,5,0.3125,1,0.0625
5085,Lonoke,2023,9,1,0.1111,2,0.2222,1,0.1111,1,0.1111,1,0.1111,1,0.1111,2,0.2222
5087,Madison,2008,3,2,0.6667,0,0.0,0,0.0,0,0.0,1,0.3333,0,0.0,0,0.0
5087,Madison,2009,9,1,0.1111,1,0.1111,2,0.2222,1,0.1111,0,0.0,2,0.2222,2,0.2222
5087,Madison,2010,4,0,0.0,0,0.0,0,0.0,1,0.25,0,0.0,1,0.25,2,0.5
5087,Madison,2011,6,0,0.0,2,0.3333,0,0.0,2,0.3333,1,0.1667,0,0.0,1,0.1667
5087,Madison,2012,3,1,0.3333,0,0.0,0,0.0,0,0.0,0,0.0,2,0.6667,0,0.0
5087,Madison,2013,4,1,0.25,0,0.0,0,0.0,0,0.0,1,0.25,1,0.25,1,0.25
5087,Madison,2014,5,2,0.4,2,0.4,0,0.0,0,0.0,0,0.0,1,0.2,0,0.0
5087,Madison,2015,7,0,0.0,2,0.2857,2,0.2857,2,0.2857,0,0.0,0,0.0,1,0.1429
5087,Madison,2016,6,0,0.0,2,0.3333,1,0.1667,0,0.0,0,0.0,2,0.3333,1,0.1667
5087,Madison,2017,7,1,0.1429,0,0.0,0,0.0,1,0.1429,1,0.1429,2,0.2857,2,0.2857
5087,Madison,2018,2,0,0.0,0,0.0,0,0.0,0,0.0,0,0.0,1,0.5,1,0.5
5087,Madison,2019,2,1,0.5,1,0.5,0,0.0,0,0.0,0,0.0,0,0.0,0,0.0
5087,Madison,2020,6,2,0.3333,1,0.1667,1,0.1667,0,0.0,0,0.0,1,0.1667,1,0.1667
5087,Madison,2021,5,1,0.2,0,0.0,0,0.0,0,0.0,3,0.6,1,0.2,0,0.0
5087,Madison,2022,6,0,0.0,2,0.3333,1,0.1667,2,0.3333,0,0.0,1,0.1667,0,0.0
5087,Madison,2023,9,0,0.0,0,0.0,1,0.1111,0,0.0,0,0.0,3,0.3333,5,0.5556
5089,Marion,2008,5,0,0.0,0,0.0,0,0.0,2,0.4,1,0.2,0,0.0,2,0.4
5089,Marion,2009,3,0,0.0,0,0.0,0,0.0,0,0.0,1,0.3333,2,0.6667,0,0.0
5089,Marion,2010,5,1,0.2,2,0.4,0,0.0,0,0.0,1,0.2,1,0.2,0,0.0
5089,Marion,2011,6,2,0.3333,0,0.0,0,0.0,0,0.0,0,0.0,1,0.1667,3,0.5
5089,Marion,2012,2,0,0.0,1,0.5,0,0.0,0,0.0,0,0.0,0,0.0,1,0.5
5089,Marion,2013,4,2,0.5,1,0.25,0,0.0,1,0.25,0,0.0,0,0.0,0,0.0
5089,Marion,2014,3,1,0.3333,1,0.3333,1,0.3333,0,0.0,0,0.0,0,0.0,0,0.0
5089,Marion,2015,7,2,0.2857,0,0.0,2,0.2857,1,0.1429,1,0.1429,0,0.0,1,0.1429
5089,Marion,2016,2,1,0.5,0,0.0,0,0.0,1,0.5,0,0.0,0,0.0,0,0.0
5089,Marion,2017,1,0,0.0,1,1.0,0,0.0,0,0.0,0,0.0,0,0.0,0,0.0
5089,Marion,2018,3,0,0.0,1,0.3333,1,0.3333,1,0.3333,0,0.0,0,0.0,0,0.0
5089,Marion,2019,3,0,0.0,0,0.0,1,0.3333,0,0.0,1,0.3333,1,0.3333,0,0.0
5089,Marion,2020,6,0,0.0,2,0.3333,1,0.1667,1,0.1667,1,0.1667,0,0.0,1,0.1667
5089,Marion,2021,4,0,0.0,1,0.25,0,0.0,0,0.0,0,0.0,1,0.25,2,0.5
5089,Marion,2022,1,1,1.0,0,0.0,0,0.0,0,0.0,0,0.0,0,0.0,0,0.0
5089,Marion,2023,2,1,0.5,0,0.0,0,0.0,1,0.5,0,0.0,0,0.0,0,0.0
5091,Miller,2008,7,2,0.2857,0,0.0,0,0.0,2,0.2857,0,0.0,1,0.1429,2,0.2857
5091,Miller,2009,10,2,0.2,1,0.1,2,0.2,0,0.0,2,0.2,0,0.0,3,0.3
5091,Miller,2010,6,1,0.1667,0,0.0,0,0.0,1,0.1667,2,0.3333,2,0.3333,0,0.0
5091,Miller,2011,14,1,0.0714,1,0.0714,2,0.1429,0,0.0,4,0.2857,3,0.2143,3,0.2143
5091,Miller,2012,7,0,0.0,0,0.0,0,0.0,1,0.1429,1,0.1429,2,0.2857,3,0.4286
5091,Miller,2013,6,0,0.0,2,0.3333,1,0.1667,1,0.1667,1,0.1667,0,0.0,1,0.1667
5091,Miller,2014,4,2,0.5,0,0.0,1,0.25,0,0.0,0,0.0,0,0.0,1,0.25
5091,Miller,2015,9,1,0.1111,2,0.2222,1,0.1111,0,0.0,2,0.2222,2,0.2222,1,0.1111
5091,Miller,2016,10,1,0.1,0,0.0,1,0.1,1,0.1,1,0.1,4,0.4,2,0.2
5091,Miller,2017,13,2,0.1538,2,0.1538,4,0.3077,0,0.0,2,0.1538,1,0.0769,2,0.1538
5091,Miller,2018,9,3,0.3333,1,0.1111,1,0.1111,0,0.0,1,0.1111,2,0.2222,1,0.1111
5091,Miller,2019,8,0,0.0,1,0.125,0,0.0,0,0.0,3,0.375,3,0.375,1,0.125
5091,Miller,2020,12,0,0.0,2,0.1667,3,0.25,0,0.0,0,0.0,3,0.25,4,0.3333
5091,Miller,2021,14,2,0.1429,3,0.2143,1,0.0714,2,0.1429,6,0.4286,0,0.0,0,0.0
5091,Miller,2022,11,2,0.1818,2,0.1818,2,0.1818,0,0.0,1,0.0909,1,0.0909,3,0.2727
5091,Miller,2023,6,0,0.0,2,0.3333,2,0.3333,0,0.0,1,0.1667,1,0.1667,0,0.0
5093,Mississippi,2008,8,1,0.125,2,0.25,0,0.0,1,0.125,1,0.125,2,0.25,1,0.125
5093,Mississippi,2009,14,1,0.0714,2,0.1429,1,0.0714,2,0.1429,0,0.0,5,0.3571,3,0.2143
5093,Mississippi,2010,11,5,0.4545,0,0.0,0,0.0,2,0.1818,1,0.0909,1,0.0909,2,0.1818
5093,Mississippi,2011,6,0,0.0,1,0.1667,0,0.0,1,0.1667,1,0.1667,0,0.0,3,0.5
5093,Mississippi,2012,9,3,0.3333,1,0.1111,0,0.0,1,0.1111,0,0.0,2,0.2222,2,0.2222
5093,Mississippi,2013,12,2,0.1667,1,0.0833,1,0.0833,2,0.1667,2,0.1667,4,0.3333,0,0.0
5093,Mississippi,2014,5,1,0.2,1,0.2,0,0.0,1,0.2,1,0.2,0,0.0,1,0.2
5093,Mississippi,2015,4,1,0.25,0,0.0,3,0.75,0,0.0,0,0.0,0,0.0,0,0.0
5093,Mississippi,2016,8,3,0.375,1,0.125,0,0.0,2,0.25,0,0.0,2,0.25,0,0.0
5093,Mississippi,2017,6,0,0.0,1,0.1667,1,0.1667,1,0.1667,0,0.0,0,0.0,3,0.5
5093,Mississippi,2018,3,1,0.3333,0,0.0,1,0.3333,1,0.3333,0,0.0,0,0.0,0,0.0
5093,Mississippi,2019,7,3,0.4286,0,0.0,2,0.2857,2,0.2857,0,0.0,0,0.0,0,0.0
5093,Mississippi,2020,9,0,0.0,2,0.2222,5,0.5556,0,0.0,1,0.1111,0,0.0,1,0.1111
5093,Mississippi,2021,7,0,0.0,1,0.1429,2,0.2857,1,0.1429,0,0.0,2,0.2857,1,0.1429
5093,Mississippi,2022,11,2,0.1818,0,0.0,1,0.0909,3,0.2727,2,0.1818,3,0.2727,0,0.0
5093,Mississippi,2023,8,1,0.125,1,0.125,0,0.0,0,0.0,2,0.25,2,0.25,2,0.25
5095,Monroe,2008,4,1,0.25,2,0.5,1,0.25,0,0.0,0,0.0,0,0.0,0,0.0
5095,Monroe,2009,5,1,0.2,1,0.2,0,0.0,2,0.4,0,0.0,0,0.0,1,0.2
5095,Monroe,2010,6,0,0.0,0,0.0,0,0.0,2,0.3333,1,0.1667,1,0.1667,2,0.3333
5095,Monroe,2011,6,3,0.5,0,0.0,0,0.0,2,0.3333,1,0.1667,0,0.0,0,0.0
5095,Monroe,2012,3,0,0.0,0,0.0,0,0.0,1,0.3333,0,0.0,1,0.3333,1,0.3333
5095,Monroe,2013,6,1,0.1667,0,0.0,0,0.0,0,0.0,3,0.5,1,0.1667,1,0.1667
5095,Monroe,2014,3,0,0.0,1,0.3333,1,0.3333,0,0.0,0,0.0,1,0.3333,0,0.0
5095,Monroe,2015,3,2,0.6667,1,0.3333,0,0.0,0,0.0,0,0.0,0,0.0,0,0.0
5095,Monroe,2016,6,0,0.0,1,0.1667,3,0.5,0,0.0,2,0.3333,0,0.0,0,0.0
5095,Monroe,2017,4,2,0.5,0,0.0,1,0.25,0,0.0,0,0.0,1,0.25,0,0.0
5095,Monroe,2018,1,0,0.0,0,0.0,0,0.0,0,0.0,0,0.0,1,1.0,0,0.0
5095,Monroe,2019,5,0,0.0,1,0.2,1,0.2,0,0.0,2,0.4,1,0.2,0,0.0
5095,Monroe,2020,3,0,0.0,1,0.3333,0,0.0,0,0.0,1,0.3333,1,0.3333,0,0.0
5095,Monroe,2021,2,1,0.5,0,0.0,0,0.0,0,0.0,0,0.0,1,0.5,0,0.0
5095,Monroe,2022,2,1,0.5,0,0.0,1,0.5,0,0.0,0,0.0,0,0.0,0,0.0
5095,Monroe,2023,6,0,0.0,0,0.0,1,0.1667,1,0.1667,0,0.0,3,0.5,1,0.1667
5097,Montgomery,2008,5,0,0.0,0,0.0,1,0.2,0,0.0,1,0.2,1,0.2,2,0.4
5097,Montgomery,2009,1,0,0.0,0,0.0,0,0.0,0,0.0,1,1.0,0,0.0,0,0.0
5097,Montgomery,2010,2,0,0.0,0,0.0,0,0.0,0,0.0,0,0.0,2,1.0,0,0.0
5097,Montgomery,2011,1,0,0.0,0,0.0,0,0.0,1,1.0,0,0.0,0,0.0,0,0.0
5097,Montgomery,2012,2,0,0.0,0,0.0,2,1.0,0,0.0,0,0.0,0,0.0,0,0.0
5097,Montgomery,2013,3,0,0.0,0,0.0,2,0.6667,1,0.3333,0,0.0,0,0.0,0,0.0
5097,Montgomery,2014,4,2,0.5,0,0.0,0,0.0,0,0.0,0,0.0,1,0.25,1,0.25
5097,Montgomery,2015,5,0,0.0,0,0.0,1,0.2,1,0.2,0,0.0,2,0.4,1,0.2
5097,Montgomery,2016,2,0,0.0,1,0.5,0,0.0,0,0.0,0,0.0,0,0.0,1,0.5
5097,Montgomery,2017,2,0,0.0,1,0.5,0,0.0,0,0.0,0,0.0,0,0.0,1,0.5
5097,Montgomery,2018,3,0,0.0,1,0.3333,0,0.0,1,0.3333,0,0.0,0,0.0,1,0.3333
5097,Montgomery,2019,4,1,0.25,0,0.0,0,0.0,0,0.0,1,0.25,1,0.25,1,0.25
5097,Montgomery,2020,5,1,0.2,0,0.0,0,0.0,1,0.2,0,0.0,1,0.2,2,0.4
5097,Montgomery,2021,4,0,0.0,0,0.0,0,0.0,2,0.5,0,0.0,1,0.25,1,0.25
5097,Montgomery,2022,2,0,0.0,0,0.0,0,0.0,0,0.0,0,0.0,1,0.5,1,0.5
5097,Montgomery,2023,2,0,0.0,0,0.0,0,0.0,1,0.5,0,0.0,1,0.5,0,0.0
5099,Nevada,2008,2,0,0.0,1,0.5,0,0.0,0,0.0,0,0.0,1,0.5,0,0.0
5099,Nevada,2009,1,1,1.0,0,0.0,0,0.0,0,0.0,0,0.0,0,0.0,0,0.0
5099,Nevada,2010,5,0,0.0,2,0.4,0,0.0,0,0.0,0,0.0,2,0.4,1,0.2
5099,Nevada,2011,6,0,0.0,2,0.3333,1,0.1667,1,0.1667,0,0.0,2,0.3333,0,0.0
5099,Nevada,2012,6,2,0.3333,2,0.3333,0,0.0,0,0.0,1,0.1667,1,0.1667,0,0.0
5099,Nevada,2013,2,1,0.5,0,0.0,0,0.0,0,0.0,0,0.0,0,0.0,1,0.5
5099,Nevada,2014,3,0,0.0,0,0.0,1,0.3333,1,0.3333,0,0.0,1,0.3333,0,0.0
5099,Nevada,2015,1,1,1.0,0,0.0,0,0.0,0,0.0,0,0.0,0,0.0,0,0.0
5099,Nevada,2016,4,1,0.25,0,0.0,1,0.25,2,0.5,0,0.0,0,0.0,0,0.0
5099,Nevada,2017,2,0,0.0,1,0.5,0,0.0,0,0.0,1,0.5,0,0.0,0,0.0
5099,Nevada,2018,4,1,0.25,1,0.25,1,0.25,1,0.25,0,0.0,0,0.0,0,0.0
5099,Nevada,2019,3,2,0.6667,1,0.3333,0,0.0,0,0.0,0,0.0,0,0.0,0,0.0
5099,Nevada,2020,1,0,0.0,0,0.0,0,0.0,0,0.0,0,0.0,1,1.0,0,0.0
5099,Nevada,2021,4,0,0.0,0,0.0,1,0.25,1,0.25,1,0.25,0,0.0,1,0.25
5099,Nevada,2022,5,0,0.0,1,0.2,3,0.6,1,0.2,0,0.0,0,0.0,0,0.0
5099,Nevada,2023,1,0,0.0,0,0.0,0,0.0,0,0.0,0,0.0,1,1.0,0,0.0
5101,Newton,2008,4,1,0.25,0,0.0,0,0.0,1,0.25,0,0.0,1,0.25,1,0.25
5101,Newton,2009,4,1,0.25,0,0.0,0,0.0,0,0.0,0,0.0,3,0.75,0,0.0
5101,Newton,2010,4,1,0.25,0,0.0,0,0.0,1,0.25,1,0.25,0,0.0,1,0.25
5101,Newton,2011,2,0,0.0,0,0.0,0,0.0,0,0.0,1,0.5,0,0.0,1,0.5
5101,Newton,2012,0,0,0,0,0,0,0,0,0,0,0,0,0,0,0
5101,Newton,2013,1,1,1.0,0,0.0,0,0.0,0,0.0,0,0.0,0,0.0,0,0.0
5101,Newton,2014,3,0,0.0,0,0.0,0,0.0,0,0.0,1,0.3333,1,0.3333,1,0.3333
5101,Newton,2015,1,0,0.0,1,1.0,0,0.0,0,0.0,0,0.0,0,0.0,0,0.0
5101,Newton,2016,1,0,0.0,0,0.0,0,0.0,0,0.0,1,1.0,0,0.0,0,0.0
5101,Newton,2017,2,1,0.5,0,0.0,0,0.0,0,0.0,1,0.5,0,0.0,0,0.0
5101,Newton,2018,4,0,0.0,2,0.5,0,0.0,1,0.25,0,0.0,0,0.0,1,0.25
5101,Newton,2019,5,0,0.0,1,0.2,1,0.2,0,0.0,0,0.0,2,0.4,1,0.2
5101,Newton,2020,4,0,0.0,0,0.0,0,0.0,3,0.75,1,0.25,0,0.0,0,0.0
5101,Newton,2021,2,0,0.0,0,0.0,0,0.0,0,0.0,1,0.5,0,0.0,1,0.5
5101,Newton,2022,6,1,0.1667,0,0.0,1,0.1667,0,0.0,1,0.1667,0,0.0,3,0.5
5101,Newton,2023,2,0,0.0,1,0.5,1,0.5,0,0.0,0,0.0,0,0.0,0,0.0
5103,Ouachita,2008,2,1,0.5,1,0.5,0,0.0,0,0.0,0,0.0,0,0.0,0,0.0
5103,Ouachita,2009,3,0,0.0,0,0.0,0,0.0,0,0.0,0,0.0,2,0.6667,1,0.3333
5103,Ouachita,2010,7,2,0.2857,1,0.1429,1,0.1429,1,0.1429,1,0.1429,1,0.1429,0,0.0
5103,Ouachita,2011,5,2,0.4,0,0.0,1,0.2,0,0.0,1,0.2,0,0.0,1,0.2
5103,Ouachita,2012,3,0,0.0,0,0.0,0,0.0,0,0.0,2,0.6667,1,0.3333,0,0.0
5103,Ouachita,2013,7,2,0.2857,0,0.0,2,0.2857,1,0.1429,1,0.1429,1,0.1429,0,0.0
5103,Ouachita,2014,2,0,0.0,0,0.0,0,0.0,0,0.0,0,0.0,2,1.0,0,0.0
5103,Ouachita,2015,6,1,0.1667,2,0.3333,0,0.0,1,0.1667,0,0.0,0,0.0,2,0.3333
5103,Ouachita,2016,3,2,0.6667,0,0.0,0,0.0,0,0.0,0,0.0,1,0.3333,0,0.0
5103,Ouachita,2017,7,2,0.2857,0,0.0,1,0.1429,0,0.0,0,0.0,2,0.2857,2,0.2857
5103,Ouachita,2018,4,0,0.0,1,0.25,2,0.5,0,0.0,0,0.0,0,0.0,1,0.25
5103,Ouachita,2019,7,0,0.0,1,0.1429,1,0.1429,1,0.1429,1,0.1429,3,0.4286,0,0.0
5103,Ouachita,2020,5,0,0.0,1,0.2,0,0.0,1,0.2,1,0.2,1,0.2,1,0.2
5103,Ouachita,2021,6,0,0.0,0,0.0,1,0.1667,1,0.1667,0,0.0,2,0.3333,2,0.3333
5103,Ouachita,2022,8,2,0.25,0,0.0,1,0.125,0,0.0,2,0.25,0,0.0,3,0.375
5103,Ouachita,2023,5,0,0.0,0,0.0,3,0.6,0,0.0,1,0.2,0,0.0,1,0.2
5105,Perry,2008,1,0,0.0,0,0.0,0,0.0,0,0.0,1,1.0,0,0.0,0,0.0
5105,Perry,2009,3,1,0.3333,0,0.0,1,0.3333,0,0.0,1,0.3333,0,0.0,0,0.0
5105,Perry,2010,5,2,0.4,0,0.0,0,0.0,0,0.0,1,0.2,1,0.2,1,0.2
5105,Perry,2011,3,1,0.3333,0,0.0,1,0.3333,0,0.0,0,0.0,0,0.0,1,0.3333
5105,Perry,2012,1,0,0.0,0,0.0,0,0.0,1,1.0,0,0.0,0,0.0,0,0.0
5105,Perry,2013,3,1,0.3333,0,0.0,0,0.0,0,0.0,1,0.3333,0,0.0,1,0.3333
5105,Perry,2014,1,0,0.0,0,0.0,1,1.0,0,0.0,0,0.0,0,0.0,0,0.0
5105,Perry,2015,4,0,0.0,0,0.0,0,0.0,1,0.25,1,0.25,1,0.25,1,0.25
5105,Perry,2016,4,2,0.5,0,0.0,0,0.0,1,0.25,0,0.0,1,0.25,0,0.0
5105,Perry,2017,5,1,0.2,0,0.0,1,0.2,0,0.0,0,0.0,2,0.4,1,0.2
5105,Perry,2018,2,1,0.5,0,0.0,1,0.5,0,0.0,0,0.0,0,0.0,0,0.0
5105,Perry,2019,2,0,0.0,0,0.0,0,0.0,0,0.0,0,0.0,1,0.5,1,0.5
5105,Perry,2020,0,0,0,0,0,0,0,0,0,0,0,0,0,0,0
5105,Perry,2021,4,0,0.0,0,0.0,0,0.0,0,0.0,1,0.25,2,0.5,1,0.25
5105,Perry,2022,4,0,0.0,2,0.5,1,0.25,1,0.25,0,0.0,0,0.0,0,0.0
5105,Perry,2023,0,0,0,0,0,0,0,0,0,0,0,0,0,0,0
5107,Phillips,2008,8,1,0.125,2,0.25,0,0.0,3,0.375,2,0.25,0,0.0,0,0.0
5107,Phillips,2009,6,0,0.0,1,0.1667,0,0.0,0,0.0,1,0.1667,3,0.5,1,0.1667
5107,Phillips,2010,2,0,0.0,1,0.5,0,0.0,0,0.0,0,0.0,0,0.0,1,0.5
5107,Phillips,2011,5,0,0.0,3,0.6,1,0.2,0,0.0,0,0.0,1,0.2,0,0.0
5107,Phillips,2012,1,0,0.0,0,0.0,0,0.0,0,0.0,1,1.0,0,0.0,0,0.0
5107,Phillips,2013,5,0,0.0,0,0.0,0,0.0,2,0.4,1,0.2,1,0.2,1,0.2
5107,Phillips,2014,6,1,0.1667,0,0.0,1,0.1667,1,0.1667,2,0.3333,0,0.0,1,0.1667
5107,Phillips,2015,4,2,0.5,0,0.0,0,0.0,0,0.0,2,0.5,0,0.0,0,0.0
5107,Phillips,2016,4,0,0.0,1,0.25,0,0.0,0,0.0,1,0.25,1,0.25,1,0.25
5107,Phillips,2017,2,0,0.0,0,0.0,2,1.0,0,0.0,0,0.0,0,0.0,0,0.0
5107,Phillips,2018,4,1,0.25,2,0.5,0,0.0,0,0.0,0,0.0,1,0.25,0,0.0
5107,Phillips,2019,5,0,0.0,0,0.0,3,0.6,1,0.2,1,0.2,0,0.0,0,0.0
5107,Phillips,2020,2,0,0.0,0,0.0,1,0.5,0,0.0,1,0.5,0,0.0,0,0.0
5107,Phillips,2021,8,2,0.25,0,0.0,1,0.125,3,0.375,1,0.125,1,0.125,0,0.0
5107,Phillips,2022,3,0,0.0,0,0.0,0,0.0,1,0.3333,0,0.0,1,0.3333,1,0.3333
5107,Phillips,2023,6,2,0.3333,0,0.0,1,0.1667,0,0.0,1,0.1667,1,0.1667,1,0.1667
5109,Pike,2008,2,1,0.5,0,0.0,0,0.0,1,0.5,0,0.0,0,0.0,0,0.0
5109,Pike,2009,2,0,0.0,1,0.5,0,0.0,0,0.0,1,0.5,0,0.0,0,0.0
5109,Pike,2010,1,0,0.0,0,0.0,0,0.0,0,0.0,0,0.0,1,1.0,0,0.0
5109,Pike,2011,4,1,0.25,0,0.0,0,0.0,1,0.25,0,0.0,2,0.5,0,0.0
5109,Pike,2012,2,1,0.5,1,0.5,0,0.0,0,0.0,0,0.0,0,0.0,0,0.0
5109,Pike,2013,2,0,0.0,0,0.0,0,0.0,1,0.5,0,0.0,1,0.5,0,0.0
5109,Pike,2014,4,1,0.25,1,0.25,0,0.0,0,0.0,1,0.25,1,0.25,0,0.0
5109,Pike,2015,1,0,0.0,0,0.0,0,0.0,0,0.0,1,1.0,0,0.0,0,0.0
5109,Pike,2016,2,0,0.0,0,0.0,0,0.0,1,0.5,1,0.5,0,0.0,0,0.0
5109,Pike,2017,2,0,0.0,0,0.0,0,0.0,1,0.5,1,0.5,0,0.0,0,0.0
5109,Pike,2018,0,0,0,0,0,0,0,0,0,0,0,0,0,0,0
5109,Pike,2019,2,0,0.0,0,0.0,0,0.0,1,0.5,0,0.0,0,0.0,1,0.5
5109,Pike,2020,1,0,0.0,0,0.0,1,1.0,0,0.0,0,0.0,0,0.0,0,0.0
5109,Pike,2021,1,0,0.0,1,1.0,0,0.0,0,0.0,0,0.0,0,0.0,0,0.0
5109,Pike,2022,1,0,0.0,0,0.0,0,0.0,0,0.0,0,0.0,0,0.0,1,1.0
5109,Pike,2023,6,0,0.0,1,0.1667,1,0.1667,3,0.5,0,0.0,0,0.0,1,0.1667
5111,Poinsett,2008,7,1,0.1429,1,0.1429,2,0.2857,1,0.1429,1,0.1429,0,0.0,1,0.1429
5111,Poinsett,2009,4,0,0.0,0,0.0,1,0.25,1,0.25,1,0.25,1,0.25,0,0.0
5111,Poinsett,2010,3,0,0.0,1,0.3333,1,0.3333,0,0.0,0,0.0,0,0.0,1,0.3333
5111,Poinsett,2011,5,0,0.0,0,0.0,0,0.0,1,0.2,1,0.2,1,0.2,2,0.4
5111,Poinsett,2012,4,0,0.0,0,0.0,0,0.0,0,0.0,0,0.0,2,0.5,2,0.5
5111,Poinsett,2013,4,0,0.0,1,0.25,1,0.25,0,0.0,0,0.0,2,0.5,0,0.0
5111,Poinsett,2014,6,2,0.3333,2,0.3333,1,0.1667,0,0.0,1,0.1667,0,0.0,0,0.0
5111,Poinsett,2015,8,1,0.125,0,0.0,2,0.25,1,0.125,2,0.25,1,0.125,1,0.125
5111,Poinsett,2016,11,3,0.2727,2,0.1818,0,0.0,0,0.0,2,0.1818,2,0.1818,2,0.1818
5111,Poinsett,2017,4,1,0.25,1,0.25,0,0.0,0,0.0,0,0.0,1,0.25,1,0.25
5111,Poinsett,2018,4,0,0.0,0,0.0,0,0.0,1,0.25,0,0.0,1,0.25,2,0.5
5111,Poinsett,2019,3,0,0.0,2,0.6667,0,0.0,0,0.0,1,0.3333,0,0.0,0,0.0
5111,Poinsett,2020,13,0,0.0,1,0.0769,1,0.0769,5,0.3846,2,0.1538,2,0.1538,2,0.1538
5111,Poinsett,2021,9,1,0.1111,0,0.0,1,0.1111,2,0.2222,3,0.3333,0,0.0,2,0.2222
5111,Poinsett,2022,6,0,0.0,0,0.0,0,0.0,1,0.1667,1,0.1667,3,0.5,1,0.1667
5111,Poinsett,2023,4,1,0.25,1,0.25,0,0.0,0,0.0,0,0.0,1,0.25,1,0.25
5113,Polk,2008,9,1,0.1111,1,0.1111,2,0.2222,1,0.1111,3,0.3333,1,0.1111,0,0.0
5113,Polk,2009,5,0,0.0,2,0.4,1,0.2,1,0.2,0,0.0,1,0.2,0,0.0
5113,Polk,2010,7,2,0.2857,0,0.0,0,0.0,4,0.5714,0,0.0,1,0.1429,0,0.0
5113,Polk,2011,4,0,0.0,1,0.25,0,0.0,0,0.0,0,0.0,2,0.5,1,0.25
5113,Polk,2012,7,2,0.2857,0,0.0,1,0.1429,0,0.0,0,0.0,1,0.1429,3,0.4286
5113,Polk,2013,5,0,0.0,0,0.0,0,0.0,2,0.4,0,0.0,2,0.4,1,0.2
5113,Polk,2014,6,0,0.0,0,0.0,1,0.1667,2,0.3333,1,0.1667,1,0.1667,1,0.1667
5113,Polk,2015,10,2,0.2,2,0.2,1,0.1,0,0.0,4,0.4,1,0.1,0,0.0
5113,Polk,2016,4,0,0.0,1,0.25,0,0.0,0,0.0,2,0.5,1,0.25,0,0.0
5113,Polk,2017,4,1,0.25,2,0.5,0,0.0,0,0.0,0,0.0,0,0.0,1,0.25
5113,Polk,2018,3,1,0.3333,0,0.0,1,0.3333,0,0.0,1,0.3333,0,0.0,0,0.0
5113,Polk,2019,3,0,0.0,0,0.0,1,0.3333,0,0.0,1,0.3333,0,0.0,1,0.3333
5113,Polk,2020,4,1,0.25,0,0.0,0,0.0,0,0.0,0,0.0,1,0.25,2,0.5
5113,Polk,2021,8,1,0.125,0,0.0,1,0.125,0,0.0,1,0.125,2,0.25,3,0.375
5113,Polk,2022,4,0,0.0,0,0.0,3,0.75,0,0.0,0,0.0,1,0.25,0,0.0
5113,Polk,2023,4,0,0.0,0,0.0,0,0.0,0,0.0,1,0.25,2,0.5,1,0.25
5115,Pope,2008,10,2,0.2,0,0.0,1,0.1,2,0.2,2,0.2,0,0.0,3,0.3
5115,Pope,2009,6,1,0.1667,0,0.0,1,0.1667,0,0.0,1,0.1667,3,0.5,0,0.0
5115,Pope,2010,13,2,0.1538,3,0.2308,0,0.0,1,0.0769,1,0.0769,2,0.1538,4,0.3077
5115,Pope,2011,7,1,0.1429,1,0.1429,2,0.2857,0,0.0,0,0.0,1,0.1429,2,0.2857
5115,Pope,2012,18,4,0.2222,3,0.1667,1,0.0556,3,0.1667,4,0.2222,1,0.0556,2,0.1111
5115,Pope,2013,6,2,0.3333,0,0.0,0,0.0,1,0.1667,2,0.3333,0,0.0,1,0.1667
5115,Pope,2014,8,2,0.25,1,0.125,0,0.0,1,0.125,1,0.125,2,0.25,1,0.125
5115,Pope,2015,8,0,0.0,2,0.25,2,0.25,1,0.125,2,0.25,1,0.125,0,0.0
5115,Pope,2016,4,0,0.0,0,0.0,0,0.0,1,0.25,1,0.25,1,0.25,1,0.25
5115,Pope,2017,9,1,0.1111,4,0.4444,0,0.0,1,0.1111,0,0.0,2,0.2222,1,0.1111
5115,Pope,2018,7,1,0.1429,0,0.0,2,0.2857,0,0.0,2,0.2857,0,0.0,2,0.2857
5115,Pope,2019,8,2,0.25,0,0.0,1,0.125,2,0.25,1,0.125,1,0.125,1,0.125
5115,Pope,2020,11,0,0.0,0,0.0,3,0.2727,5,0.4545,0,0.0,2,0.1818,1,0.0909
5115,Pope,2021,11,3,0.2727,4,0.3636,0,0.0,1,0.0909,1,0.0909,1,0.0909,1,0.0909
5115,Pope,2022,5,1,0.2,0,0.0,1,0.2,1,0.2,0,0.0,0,0.0,2,0.4
5115,Pope,2023,12,5,0.4167,1,0.0833,3,0.25,1,0.0833,1,0.0833,1,0.0833,0,0.0
5117,Prairie,2008,7,0,0.0,3,0.4286,0,0.0,1,0.1429,0,0.0,2,0.2857,1,0.1429
5117,Prairie,2009,5,2,0.4,0,0.0,1,0.2,1,0.2,0,0.0,0,0.0,1,0.2
5117,Prairie,2010,5,1,0.2,1,0.2,1,0.2,2,0.4,0,0.0,0,0.0,0,0.0
5117,Prairie,2011,6,0,0.0,1,0.1667,1,0.1667,2,0.3333,1,0.1667,1,0.1667,0,0.0
5117,Prairie,2012,4,0,0.0,0,0.0,2,0.5,1,0.25,0,0.0,1,0.25,0,0.0
5117,Prairie,2013,12,2,0.1667,1,0.0833,2,0.1667,2,0.1667,4,0.3333,0,0.0,1,0.0833
5117,Prairie,2014,2,1,0.5,1,0.5,0,0.0,0,0.0,0,0.0,0,0.0,0,0.0
5117,Prairie,2015,0,0,0,0,0,0,0,0,0,0,0,0,0,0,0
5117,Prairie,2016,2,0,0.0,1,0.5,1,0.5,0,0.0,0,0.0,0,0.0,0,0.0
5117,Prairie,2017,8,2,0.25,1,0.125,0,0.0,1,0.125,1,0.125,1,0.125,2,0.25
5117,Prairie,2018,2,1,0.5,0,0.0,1,0.5,0,0.0,0,0.0,0,0.0,0,0.0
5117,Prairie,2019,3,0,0.0,0,0.0,1,0.3333,2,0.6667,0,0.0,0,0.0,0,0.0
5117,Prairie,2020,1,0,0.0,0,0.0,0,0.0,0,0.0,0,0.0,0,0.0,1,1.0
5117,Prairie,2021,2,0,0.0,1,0.5,0,0.0,0,0.0,0,0.0,1,0.5,0,0.0
5117,Prairie,2022,2,0,0.0,0,0.0,0,0.0,0,0.0,2,1.0,0,0.0,0,0.0
5117,Prairie,2023,4,1,0.25,0,0.0,1,0.25,0,0.0,0,0.0,2,0.5,0,0.0
5119,Pulaski,2008,61,11,0.1803,10,0.1639,4,0.0656,12,0.1967,3,0.0492,6,0.0984,15,0.2459
5119,Pulaski,2009,51,13,0.2549,4,0.0784,7,0.1373,5,0.098,8,0.1569,5,0.098,9,0.1765
5119,Pulaski,2010,46,10,0.2174,12,0.2609,4,0.087,10,0.2174,1,0.0217,5,0.1087,4,0.087
5119,Pulaski,2011,56,6,0.1071,7,0.125,7,0.125,4,0.0714,14,0.25,9,0.1607,9,0.1607
5119,Pulaski,2012,53,5,0.0943,6,0.1132,9,0.1698,5,0.0943,10,0.1887,9,0.1698,9,0.1698
5119,Pulaski,2013,50,9,0.18,5,0.1,6,0.12,7,0.14,8,0.16,10,0.2,5,0.1
5119,Pulaski,2014,39,7,0.1795,6,0.1538,3,0.0769,6,0.1538,8,0.2051,5,0.1282,4,0.1026
5119,Pulaski,2015,45,4,0.0889,7,0.1556,4,0.0889,7,0.1556,5,0.1111,10,0.2222,8,0.1778
5119,Pulaski,2016,40,5,0.125,7,0.175,10,0.25,3,0.075,7,0.175,4,0.1,4,0.1
5119,Pulaski,2017,57,8,0.1404,7,0.1228,11,0.193,6,0.1053,2,0.0351,11,0.193,12,0.2105
5119,Pulaski,2018,65,11,0.1692,13,0.2,5,0.0769,9,0.1385,10,0.1538,5,0.0769,12,0.1846
5119,Pulaski,2019,59,8,0.1356,5,0.0847,7,0.1186,6,0.1017,7,0.1186,10,0.1695,16,0.2712
5119,Pulaski,2020,81,9,0.1111,8,0.0988,8,0.0988,10,0.1235,12,0.1481,16,0.1975,18,0.2222
5119,Pulaski,2021,68,15,0.2206,8,0.1176,8,0.1176,5,0.0735,13,0.1912,5,0.0735,14,0.2059
5119,Pulaski,2022,83,17,0.2048,6,0.0723,13,0.1566,6,0.0723,13,0.1566,14,0.1687,14,0.1687
5119,Pulaski,2023,85,12,0.1412,13,0.1529,9,0.1059,11,0.1294,12,0.1412,11,0.1294,17,0.2
5121,Randolph,2008,6,2,0.3333,0,0.0,0,0.0,4,0.6667,0,0.0,0,0.0,0,0.0
5121,Randolph,2009,4,1,0.25,1,0.25,0,0.0,1,0.25,0,0.0,0,0.0,1,0.25
5121,Randolph,2010,4,0,0.0,1,0.25,0,0.0,1,0.25,1,0.25,0,0.0,1,0.25
5121,Randolph,2011,5,1,0.2,0,0.0,0,0.0,0,0.0,1,0.2,1,0.2,2,0.4
5121,Randolph,2012,4,1,0.25,1,0.25,0,0.0,0,0.0,1,0.25,0,0.0,1,0.25
5121,Randolph,2013,0,0,0,0,0,0,0,0,0,0,0,0,0,0,0
5121,Randolph,2014,6,0,0.0,2,0.3333,0,0.0,1,0.1667,1,0.1667,0,0.0,2,0.3333
5121,Randolph,2015,3,0,0.0,1,0.3333,0,0.0,1,0.3333,0,0.0,1,0.3333,0,0.0
5121,Randolph,2016,2,0,0.0,0,0.0,0,0.0,0,0.0,1,0.5,0,0.0,1,0.5
5121,Randolph,2017,7,1,0.1429,1,0.1429,2,0.2857,0,0.0,0,0.0,3,0.4286,0,0.0
5121,Randolph,2018,7,1,0.1429,1,0.1429,0,0.0,1,0.1429,2,0.2857,1,0.1429,1,0.1429
5121,Randolph,2019,2,0,0.0,1,0.5,0,0.0,0,0.0,0,0.0,0,0.0,1,0.5
5121,Randolph,2020,1,0,0.0,1,1.0,0,0.0,0,0.0,0,0.0,0,0.0,0,0.0
5121,Randolph,2021,9,1,0.1111,1,0.1111,0,0.0,2,0.2222,1,0.1111,1,0.1111,3,0.3333
5121,Randolph,2022,5,0,0.0,0,0.0,1,0.2,3,0.6,0,0.0,1,0.2,0,0.0
5121,Randolph,2023,6,1,0.1667,1,0.1667,0,0.0,1,0.1667,0,0.0,2,0.3333,1,0.1667
5123,St. Francis,2008,7,2,0.2857,0,0.0,1,0.1429,1,0.1429,1,0.1429,1,0.1429,1,0.1429
5123,St. Francis,2009,11,1,0.0909,1,0.0909,0,0.0,2,0.1818,1,0.0909,3,0.2727,3,0.2727
5123,St. Francis,2010,7,1,0.1429,0,0.0,1,0.1429,0,0.0,2,0.2857,1,0.1429,2,0.2857
5123,St. Francis,2011,4,0,0.0,0,0.0,0,0.0,0,0.0,1,0.25,1,0.25,2,0.5
5123,St. Francis,2012,1,0,0.0,0,0.0,0,0.0,1,1.0,0,0.0,0,0.0,0,0.0
5123,St. Francis,2013,5,1,0.2,2,0.4,1,0.2,1,0.2,0,0.0,0,0.0,0,0.0
5123,St. Francis,2014,5,0,0.0,0,0.0,1,0.2,3,0.6,0,0.0,1,0.2,0,0.0
5123,St. Francis,2015,8,1,0.125,1,0.125,0,0.0,2,0.25,4,0.5,0,0.0,0,0.0
5123,St. Francis,2016,6,1,0.1667,0,0.0,1,0.1667,0,0.0,0,0.0,2,0.3333,2,0.3333
5123,St. Francis,2017,6,1,0.1667,0,0.0,1,0.1667,0,0.0,1,0.1667,2,0.3333,1,0.1667
5123,St. Francis,2018,8,0,0.0,0,0.0,0,0.0,2,0.25,1,0.125,3,0.375,2,0.25
5123,St. Francis,2019,8,2,0.25,0,0.0,1,0.125,2,0.25,0,0.0,2,0.25,1,0.125
5123,St. Francis,2020,11,2,0.1818,2,0.1818,1,0.0909,1,0.0909,1,0.0909,0,0.0,4,0.3636
5123,St. Francis,2021,10,1,0.1,2,0.2,2,0.2,1,0.1,1,0.1,1,0.1,2,0.2
5123,St. Francis,2022,9,1,0.1111,2,0.2222,2,0.2222,0,0.0,1,0.1111,0,0.0,3,0.3333
5123,St. Francis,2023,2,0,0.0,0,0.0,0,0.0,0,0.0,1,0.5,0,0.0,1,0.5
5125,Saline,2008,14,2,0.1429,2,0.1429,1,0.0714,4,0.2857,1,0.0714,0,0.0,4,0.2857
5125,Saline,2009,17,5,0.2941,2,0.1176,0,0.0,0,0.0,5,0.2941,3,0.1765,2,0.1176
5125,Saline,2010,15,4,0.2667,1,0.0667,2,0.1333,1,0.0667,2,0.1333,3,0.2,2,0.1333
5125,Saline,2011,13,2,0.1538,0,0.0,1,0.0769,1,0.0769,2,0.1538,3,0.2308,4,0.3077
5125,Saline,2012,13,2,0.1538,1,0.0769,2,0.1538,2,0.1538,1,0.0769,1,0.0769,4,0.3077
5125,Saline,2013,20,2,0.1,3,0.15,1,0.05,2,0.1,4,0.2,3,0.15,5,0.25
5125,Saline,2014,14,3,0.2143,4,0.2857,1,0.0714,1,0.0714,1,0.0714,3,0.2143,1,0.0714
5125,Saline,2015,17,3,0.1765,1,0.0588,3,0.1765,4,0.2353,3,0.1765,2,0.1176,1,0.0588
5125,Saline,2016,8,4,0.5,0,0.0,0,0.0,0,0.0,3,0.375,0,0.0,1,0.125
5125,Saline,2017,9,1,0.1111,2,0.2222,2,0.2222,0,0.0,1,0.1111,2,0.2222,1,0.1111
5125,Saline,2018,7,1,0.1429,1,0.1429,0,0.0,3,0.4286,0,0.0,0,0.0,2,0.2857
5125,Saline,2019,12,3,0.25,1,0.0833,0,0.0,3,0.25,4,0.3333,0,0.0,1,0.0833
5125,Saline,2020,15,3,0.2,0,0.0,2,0.1333,3,0.2,2,0.1333,3,0.2,2,0.1333
5125,Saline,2021,28,2,0.0714,4,0.1429,5,0.1786,2,0.0714,2,0.0714,8,0.2857,5,0.1786
5125,Saline,2022,15,2,0.1333,0,0.0,2,0.1333,3,0.2,2,0.1333,3,0.2,3,0.2
5125,Saline,2023,19,3,0.1579,1,0.0526,3,0.1579,1,0.0526,4,0.2105,4,0.2105,3,0.1579
5127,Scott,2008,4,1,0.25,1,0.25,0,0.0,0,0.0,0,0.0,0,0.0,2,0.5
5127,Scott,2009,1,0,0.0,0,0.0,0,0.0,0,0.0,0,0.0,1,1.0,0,0.0
5127,Scott,2010,7,1,0.1429,1,0.1429,0,0.0,3,0.4286,1,0.1429,0,0.0,1,0.1429
5127,Scott,2011,0,0,0,0,0,0,0,0,0,0,0,0,0,0,0
5127,Scott,2012,2,0,0.0,1,0.5,0,0.0,0,0.0,0,0.0,0,0.0,1,0.5
5127,Scott,2013,0,0,0,0,0,0,0,0,0,0,0,0,0,0,0
5127,Scott,2014,1,0,0.0,0,0.0,0,0.0,0,0.0,0,0.0,1,1.0,0,0.0
5127,Scott,2015,3,0,0.0,0,0.0,0,0.0,1,0.3333,0,0.0,1,0.3333,1,0.3333
5127,Scott,2016,4,0,0.0,3,0.75,0,0.0,0,0.0,1,0.25,0,0.0,0,0.0
5127,Scott,2017,4,0,0.0,1,0.25,1,0.25,0,0.0,0,0.0,1,0.25,1,0.25
5127,Scott,2018,3,1,0.3333,0,0.0,0,0.0,0,0.0,0,0.0,2,0.6667,0,0.0
5127,Scott,2019,1,0,0.0,1,1.0,0,0.0,0,0.0,0,0.0,0,0.0,0,0.0
5127,Scott,2020,2,0,0.0,0,0.0,0,0.0,0,0.0,0,0.0,1,0.5,1,0.5
5127,Scott,2021,2,1,0.5,0,0.0,0,0.0,1,0.5,0,0.0,0,0.0,0,0.0
5127,Scott,2022,6,0,0.0,0,0.0,0,0.0,1,0.1667,2,0.3333,2,0.3333,1,0.1667
5127,Scott,2023,5,0,0.0,1,0.2,0,0.0,1,0.2,2,0.4,1,0.2,0,0.0
5129,Searcy,2008,1,0,0.0,0,0.0,0,0.0,0,0.0,0,0.0,0,0.0,1,1.0
5129,Searcy,2009,3,0,0.0,1,0.3333,1,0.3333,1,0.3333,0,0.0,0,0.0,0,0.0
5129,Searcy,2010,2,0,0.0,1,0.5,0,0.0,0,0.0,0,0.0,0,0.0,1,0.5
5129,Searcy,2011,4,0,0.0,1,0.25,1,0.25,0,0.0,0,0.0,2,0.5,0,0.0
5129,Searcy,2012,5,1,0.2,1,0.2,0,0.0,0,0.0,2,0.4,0,0.0,1,0.2
5129,Searcy,2013,3,2,0.6667,0,0.0,0,0.0,1,0.3333,0,0.0,0,0.0,0,0.0
5129,Searcy,2014,4,0,0.0,0,0.0,0,0.0,0,0.0,1,0.25,1,0.25,2,0.5
5129,Searcy,2015,5,1,0.2,1,0.2,0,0.0,1,0.2,0,0.0,2,0.4,0,0.0
5129,Searcy,2016,3,0,0.0,1,0.3333,0,0.0,0,0.0,0,0.0,2,0.6667,0,0.0
5129,Searcy,2017,1,0,0.0,0,0.0,0,0.0,0,0.0,1,1.0,0,0.0,0,0.0
5129,Searcy,2018,5,2,0.4,0,0.0,1,0.2,0,0.0,0,0.0,0,0.0,2,0.4
5129,Searcy,2019,2,0,0.0,2,1.0,0,0.0,0,0.0,0,0.0,0,0.0,0,0.0
5129,Searcy,2020,4,0,0.0,0,0.0,1,0.25,1,0.25,1,0.25,0,0.0,1,0.25
5129,Searcy,2021,5,1,0.2,1,0.2,1,0.2,0,0.0,2,0.4,0,0.0,0,0.0
5129,Searcy,2022,4,0,0.0,3,0.75,0,0.0,0,0.0,0,0.0,1,0.25,0,0.0
5129,Searcy,2023,4,1,0.25,1,0.25,0,0.0,2,0.5,0,0.0,0,0.0,0,0.0
5131,Sebastian,2008,17,3,0.1765,4,0.2353,1,0.0588,0,0.0,2,0.1176,5,0.2941,2,0.1176
5131,Sebastian,2009,16,2,0.125,0,0.0,0,0.0,1,0.0625,4,0.25,6,0.375,3,0.1875
5131,Sebastian,2010,11,2,0.1818,1,0.0909,1,0.0909,1,0.0909,1,0.0909,3,0.2727,2,0.1818
5131,Sebastian,2011,8,2,0.25,1,0.125,1,0.125,0,0.0,2,0.25,1,0.125,1,0.125
5131,Sebastian,2012,4,2,0.5,0,0.0,0,0.0,0,0.0,0,0.0,1,0.25,1,0.25
5131,Sebastian,2013,10,5,0.5,0,0.0,0,0.0,0,0.0,2,0.2,0,0.0,3,0.3
5131,Sebastian,2014,5,0,0.0,0,0.0,0,0.0,1,0.2,1,0.2,0,0.0,3,0.6
5131,Sebastian,2015,6,0,0.0,2,0.3333,1,0.1667,0,0.0,0,0.0,0,0.0,3,0.5
5131,Sebastian,2016,15,1,0.0667,0,0.0,1,0.0667,0,0.0,6,0.4,4,0.2667,3,0.2
5131,Sebastian,2017,14,4,0.2857,1,0.0714,2,0.1429,1,0.0714,3,0.2143,2,0.1429,1,0.0714
5131,Sebastian,2018,14,1,0.0714,2,0.1429,2,0.1429,3,0.2143,0,0.0,2,0.1429,4,0.2857
5131,Sebastian,2019,9,2,0.2222,0,0.0,1,0.1111,0,0.0,1,0.1111,3,0.3333,2,0.2222
5131,Sebastian,2020,14,0,0.0,2,0.1429,1,0.0714,4,0.2857,4,0.2857,2,0.1429,1,0.0714
5131,Sebastian,2021,19,4,0.2105,2,0.1053,4,0.2105,2,0.1053,2,0.1053,2,0.1053,3,0.1579
5131,Sebastian,2022,19,1,0.0526,2,0.1053,4,0.2105,3,0.1579,1,0.0526,4,0.2105,4,0.2105
5131,Sebastian,2023,20,2,0.1,0,0.0,3,0.15,6,0.3,6,0.3,0,0.0,3,0.15
5133,Sevier,2008,4,0,0.0,0,0.0,1,0.25,0,0.0,3,0.75,0,0.0,0,0.0
5133,Sevier,2009,2,0,0.0,0,0.0,0,0.0,0,0.0,0,0.0,1,0.5,1,0.5
5133,Sevier,2010,3,0,0.0,0,0.0,0,0.0,1,0.3333,0,0.0,1,0.3333,1,0.3333
5133,Sevier,2011,2,0,0.0,0,0.0,0,0.0,0,0.0,0,0.0,1,0.5,1,0.5
5133,Sevier,2012,2,0,0.0,0,0.0,1,0.5,0,0.0,0,0.0,1,0.5,0,0.0
5133,Sevier,2013,4,0,0.0,2,0.5,2,0.5,0,0.0,0,0.0,0,0.0,0,0.0
5133,Sevier,2014,3,0,0.0,0,0.0,1,0.3333,0,0.0,1,0.3333,0,0.0,1,0.3333
5133,Sevier,2015,3,1,0.3333,0,0.0,0,0.0,2,0.6667,0,0.0,0,0.0,0,0.0
5133,Sevier,2016,7,1,0.1429,2,0.2857,1,0.1429,1,0.1429,1,0.1429,1,0.1429,0,0.0
5133,Sevier,2017,2,0,0.0,0,0.0,0,0.0,2,1.0,0,0.0,0,0.0,0,0.0
5133,Sevier,2018,1,0,0.0,0,0.0,0,0.0,0,0.0,1,1.0,0,0.0,0,0.0
5133,Sevier,2019,5,1,0.2,1,0.2,0,0.0,0,0.0,0,0.0,1,0.2,2,0.4
5133,Sevier,2020,6,3,0.5,1,0.1667,1,0.1667,1,0.1667,0,0.0,0,0.0,0,0.0
5133,Sevier,2021,3,0,0.0,1,0.3333,0,0.0,0,0.0,0,0.0,1,0.3333,1,0.3333
5133,Sevier,2022,7,2,0.2857,1,0.1429,2,0.2857,0,0.0,0,0.0,2,0.2857,0,0.0
5133,Sevier,2023,6,0,0.0,3,0.5,0,0.0,1,0.1667,1,0.1667,0,0.0,1,0.1667
5135,Sharp,2008,1,0,0.0,0,0.0,0,0.0,1,1.0,0,0.0,0,0.0,0,0.0
5135,Sharp,2009,1,0,0.0,0,0.0,0,0.0,0,0.0,1,1.0,0,0.0,0,0.0
5135,Sharp,2010,5,2,0.4,0,0.0,0,0.0,0,0.0,2,0.4,0,0.0,1,0.2
5135,Sharp,2011,4,2,0.5,1,0.25,0,0.0,0,0.0,1,0.25,0,0.0,0,0.0
5135,Sharp,2012,7,1,0.1429,0,0.0,0,0.0,4,0.5714,1,0.1429,1,0.1429,0,0.0
5135,Sharp,2013,3,0,0.0,1,0.3333,1,0.3333,0,0.0,0,0.0,0,0.0,1,0.3333
5135,Sharp,2014,1,0,0.0,0,0.0,0,0.0,0,0.0,1,1.0,0,0.0,0,0.0
5135,Sharp,2015,3,0,0.0,0,0.0,1,0.3333,0,0.0,0,0.0,0,0.0,2,0.6667
5135,Sharp,2016,6,1,0.1667,1,0.1667,0,0.0,0,0.0,2,0.3333,1,0.1667,1,0.1667
5135,Sharp,2017,9,0,0.0,2,0.2222,0,0.0,0,0.0,1,0.1111,3,0.3333,3,0.3333
5135,Sharp,2018,4,1,0.25,0,0.0,0,0.0,0,0.0,1,0.25,1,0.25,1,0.25
5135,Sharp,2019,6,1,0.1667,1,0.1667,1,0.1667,3,0.5,0,0.0,0,0.0,0,0.0
5135,Sharp,2020,4,0,0.0,1,0.25,1,0.25,0,0.0,2,0.5,0,0.0,0,0.0
5135,Sharp,2021,2,0,0.0,0,0.0,0,0.0,0,0.0,1,0.5,1,0.5,0,0.0
5135,Sharp,2022,1,0,0.0,0,0.0,0,0.0,0,0.0,0,0.0,0,0.0,1,1.0
5135,Sharp,2023,4,0,0.0,1,0.25,0,0.0,1,0.25,1,0.25,0,0.0,1,0.25
5137,Stone,2008,5,2,0.4,0,0.0,1,0.2,0,0.0,0,0.0,0,0.0,2,0.4
5137,Stone,2009,2,0,0.0,0,0.0,0,0.0,1,0.5,0,0.0,0,0.0,1,0.5
5137,Stone,2010,3,0,0.0,0,0.0,0,0.0,0,0.0,0,0.0,0,0.0,3,1.0
5137,Stone,2011,5,2,0.4,1,0.2,0,0.0,0,0.0,2,0.4,0,0.0,0,0.0
5137,Stone,2012,1,0,0.0,0,0.0,0,0.0,0,0.0,0,0.0,1,1.0,0,0.0
5137,Stone,2013,3,1,0.3333,0,0.0,0,0.0,1,0.3333,0,0.0,0,0.0,1,0.3333
5137,Stone,2014,3,1,0.3333,0,0.0,1,0.3333,0,0.0,0,0.0,1,0.3333,0,0.0
5137,Stone,2015,3,1,0.3333,0,0.0,0,0.0,2,0.6667,0,0.0,0,0.0,0,0.0
5137,Stone,2016,4,0,0.0,0,0.0,2,0.5,1,0.25,0,0.0,0,0.0,1,0.25
5137,Stone,2017,5,2,0.4,0,0.0,0,0.0,2,0.4,0,0.0,0,0.0,1,0.2
5137,Stone,2018,1,0,0.0,0,0.0,0,0.0,1,1.0,0,0.0,0,0.0,0,0.0
5137,Stone,2019,1,0,0.0,0,0.0,0,0.0,0,0.0,1,1.0,0,0.0,0,0.0
5137,Stone,2020,3,1,0.3333,0,0.0,1,0.3333,1,0.3333,0,0.0,0,0.0,0,0.0
5137,Stone,2021,4,0,0.0,0,0.0,0,0.0,3,0.75,0,0.0,0,0.0,1,0.25
5137,Stone,2022,4,0,0.0,0,0.0,0,0.0,2,0.5,1,0.25,1,0.25,0,0.0
5137,Stone,2023,3,0,0.0,0,0.0,1,0.3333,0,0.0,0,0.0,1,0.3333,1,0.3333
5139,Union,2008,8,1,0.125,0,0.0,1,0.125,1,0.125,1,0.125,2,0.25,2,0.25
5139,Union,2009,4,1,0.25,0,0.0,0,0.0,0,0.0,1,0.25,1,0.25,1,0.25
5139,Union,2010,8,0,0.0,2,0.25,1,0.125,0,0.0,1,0.125,0,0.0,4,0.5
5139,Union,2011,9,2,0.2222,1,0.1111,3,0.3333,0,0.0,2,0.2222,0,0.0,1,0.1111
5139,Union,2012,11,3,0.2727,3,0.2727,0,0.0,1,0.0909,1,0.0909,2,0.1818,1,0.0909
5139,Union,2013,5,1,0.2,1,0.2,0,0.0,0,0.0,2,0.4,1,0.2,0,0.0
5139,Union,2014,7,1,0.1429,1,0.1429,1,0.1429,1,0.1429,1,0.1429,1,0.1429,1,0.1429
5139,Union,2015,10,2,0.2,5,0.5,0,0.0,1,0.1,1,0.1,1,0.1,0,0.0
5139,Union,2016,6,0,0.0,0,0.0,0,0.0,2,0.3333,3,0.5,0,0.0,1,0.1667
5139,Union,2017,6,0,0.0,1,0.1667,0,0.0,0,0.0,3,0.5,2,0.3333,0,0.0
5139,Union,2018,11,2,0.1818,2,0.1818,0,0.0,2,0.1818,2,0.1818,3,0.2727,0,0.0
5139,Union,2019,13,4,0.3077,1,0.0769,1,0.0769,2,0.1538,1,0.0769,1,0.0769,3,0.2308
5139,Union,2020,6,0,0.0,2,0.3333,1,0.1667,0,0.0,0,0.0,1,0.1667,2,0.3333
5139,Union,2021,11,3,0.2727,0,0.0,1,0.0909,1,0.0909,1,0.0909,4,0.3636,1,0.0909
5139,Union,2022,7,1,0.1429,1,0.1429,1,0.1429,0,0.0,1,0.1429,2,0.2857,1,0.1429
5139,Union,2023,6,1,0.1667,1,0.1667,1,0.1667,0,0.0,1,0.1667,1,0.1667,1,0.1667
5141,Van Buren,2008,4,0,0.0,0,0.0,0,0.0,1,0.25,1,0.25,1,0.25,1,0.25
5141,Van Buren,2009,3,0,0.0,0,0.0,1,0.3333,0,0.0,1,0.3333,0,0.0,1,0.3333
5141,Van Buren,2010,6,0,0.0,3,0.5,0,0.0,0,0.0,1,0.1667,1,0.1667,1,0.1667
5141,Van Buren,2011,10,1,0.1,1,0.1,1,0.1,2,0.2,1,0.1,1,0.1,3,0.3
5141,Van Buren,2012,5,1,0.2,1,0.2,2,0.4,0,0.0,1,0.2,0,0.0,0,0.0
5141,Van Buren,2013,5,2,0.4,2,0.4,1,0.2,0,0.0,0,0.0,0,0.0,0,0.0
5141,Van Buren,2014,6,0,0.0,1,0.1667,0,0.0,1,0.1667,1,0.1667,2,0.3333,1,0.1667
5141,Van Buren,2015,1,1,1.0,0,0.0,0,0.0,0,0.0,0,0.0,0,0.0,0,0.0
5141,Van Buren,2016,0,0,0,0,0,0,0,0,0,0,0,0,0,0,0
5141,Van Buren,2017,4,0,0.0,0,0.0,0,0.0,1,0.25,0,0.0,1,0.25,2,0.5
5141,Van Buren,2018,3,0,0.0,2,0.6667,0,0.0,0,0.0,0,0.0,0,0.0,1,0.3333
5141,Van Buren,2019,0,0,0,0,0,0,0,0,0,0,0,0,0,0,0
5141,Van Buren,2020,4,1,0.25,1,0.25,1,0.25,0,0.0,1,0.25,0,0.0,0,0.0
5141,Van Buren,2021,7,0,0.0,1,0.1429,2,0.2857,0,0.0,0,0.0,2,0.2857,2,0.2857
5141,Van Buren,2022,4,1,0.25,1,0.25,0,0.0,0,0.0,1,0.25,1,0.25,0,0.0
5141,Van Buren,2023,1,0,0.0,0,0.0,0,0.0,0,0.0,0,0.0,1,1.0,0,0.0
5143,Washington,2008,17,1,0.0588,5,0.2941,3,0.1765,2,0.1176,0,0.0,2,0.1176,4,0.2353
5143,Washington,2009,26,6,0.2308,5,0.1923,1,0.0385,2,0.0769,2,0.0769,3,0.1154,7,0.2692
5143,Washington,2010,16,4,0.25,1,0.0625,0,0.0,1,0.0625,1,0.0625,2,0.125,7,0.4375
5143,Washington,2011,24,1,0.0417,4,0.1667,3,0.125,2,0.0833,4,0.1667,6,0.25,4,0.1667
5143,Washington,2012,18,4,0.2222,2,0.1111,3,0.1667,1,0.0556,1,0.0556,2,0.1111,5,0.2778
5143,Washington,2013,16,2,0.125,2,0.125,1,0.0625,2,0.125,5,0.3125,2,0.125,2,0.125
5143,Washington,2014,17,1,0.0588,2,0.1176,3,0.1765,3,0.1765,2,0.1176,3,0.1765,3,0.1765
5143,Washington,2015,20,6,0.3,2,0.1,2,0.1,1,0.05,3,0.15,5,0.25,1,0.05
5143,Washington,2016,30,6,0.2,3,0.1,3,0.1,8,0.2667,4,0.1333,2,0.0667,4,0.1333
5143,Washington,2017,22,1,0.0455,3,0.1364,4,0.1818,6,0.2727,2,0.0909,4,0.1818,2,0.0909
5143,Washington,2018,18,1,0.0556,1,0.0556,5,0.2778,2,0.1111,4,0.2222,0,0.0,5,0.2778
5143,Washington,2019,20,3,0.15,2,0.1,0,0.0,2,0.1,0,0.0,7,0.35,6,0.3
5143,Washington,2020,28,4,0.1429,4,0.1429,4,0.1429,5,0.1786,4,0.1429,3,0.1071,4,0.1429
5143,Washington,2021,28,6,0.2143,3,0.1071,3,0.1071,5,0.1786,3,0.1071,4,0.1429,4,0.1429
5143,Washington,2022,31,1,0.0323,4,0.129,8,0.2581,4,0.129,3,0.0968,4,0.129,7,0.2258
5143,Washington,2023,25,3,0.12,6,0.24,2,0.08,2,0.08,1,0.04,2,0.08,9,0.36
5145,White,2008,15,2,0.1333,1,0.0667,2,0.1333,2,0.1333,4,0.2667,2,0.1333,2,0.1333
5145,White,2009,14,2,0.1429,2,0.1429,2,0.1429,2,0.1429,2,0.1429,2,0.1429,2,0.1429
5145,White,2010,14,2,0.1429,1,0.0714,2,0.1429,2,0.1429,2,0.1429,2,0.1429,3,0.2143
5145,White,2011,8,1,0.125,3,0.375,0,0.0,2,0.25,0,0.0,1,0.125,1,0.125
5145,White,2012,14,4,0.2857,1,0.0714,3,0.2143,0,0.0,2,0.1429,2,0.1429,2,0.1429
5145,White,2013,13,3,0.2308,1,0.0769,3,0.2308,1,0.0769,2,0.1538,3,0.2308,0,0.0
5145,White,2014,16,3,0.1875,3,0.1875,1,0.0625,2,0.125,1,0.0625,2,0.125,4,0.25
5145,White,2015,8,1,0.125,2,0.25,2,0.25,2,0.25,0,0.0,0,0.0,1,0.125
5145,White,2016,18,0,0.0,3,0.1667,5,0.2778,3,0.1667,2,0.1111,1,0.0556,4,0.2222
5145,White,2017,10,2,0.2,2,0.2,2,0.2,0,0.0,1,0.1,1,0.1,2,0.2
5145,White,2018,7,1,0.1429,1,0.1429,0,0.0,0,0.0,3,0.4286,1,0.1429,1,0.1429
5145,White,2019,13,1,0.0769,2,0.1538,3,0.2308,2,0.1538,1,0.0769,3,0.2308,1,0.0769
5145,White,2020,20,1,0.05,4,0.2,3,0.15,5,0.25,2,0.1,3,0.15,2,0.1
5145,White,2021,19,4,0.2105,3,0.1579,3,0.1579,2,0.1053,4,0.2105,2,0.1053,1,0.0526
5145,White,2022,16,0,0.0,2,0.125,3,0.1875,2,0.125,3,0.1875,2,0.125,4,0.25
5145,White,2023,17,4,0.2353,2,0.1176,2,0.1176,1,0.0588,0,0.0,3,0.1765,5,0.2941
5147,Woodruff,2008,3,1,0.3333,0,0.0,2,0.6667,0,0.0,0,0.0,0,0.0,0,0.0
5147,Woodruff,2009,4,0,0.0,1,0.25,1,0.25,1,0.25,0,0.0,0,0.0,1,0.25
5147,Woodruff,2010,3,1,0.3333,1,0.3333,0,0.0,0,0.0,0,0.0,1,0.3333,0,0.0
5147,Woodruff,2011,2,0,0.0,0,0.0,1,0.5,0,0.0,0,0.0,1,0.5,0,0.0
5147,Woodruff,2012,2,1,0.5,0,0.0,0,0.0,0,0.0,0,0.0,1,0.5,0,0.0
5147,Woodruff,2013,4,1,0.25,0,0.0,1,0.25,0,0.0,2,0.5,0,0.0,0,0.0
5147,Woodruff,2014,2,0,0.0,0,0.0,0,0.0,0,0.0,1,0.5,0,0.0,1,0.5
5147,Woodruff,2015,2,0,0.0,0,0.0,1,0.5,0,0.0,1,0.5,0,0.0,0,0.0
5147,Woodruff,2016,2,0,0.0,0,0.0,0,0.0,0,0.0,1,0.5,0,0.0,1,0.5
5147,Woodruff,2017,0,0,0,0,0,0,0,0,0,0,0,0,0,0,0
5147,Woodruff,2018,1,0,0.0,0,0.0,0,0.0,0,0.0,0,0.0,1,1.0,0,0.0
5147,Woodruff,2019,1,0,0.0,0,0.0,1,1.0,0,0.0,0,0.0,0,0.0,0,0.0
5147,Woodruff,2020,2,1,0.5,0,0.0,0,0.0,0,0.0,1,0.5,0,0.0,0,0.0
5147,Woodruff,2021,0,0,0,0,0,0,0,0,0,0,0,0,0,0,0
5147,Woodruff,2022,0,0,0,0,0,0,0,0,0,0,0,0,0,0,0
5147,Woodruff,2023,0,0,0,0,0,0,0,0,0,0,0,0,0,0,0
5149,Yell,2008,5,0,0.0,1,0.2,0,0.0,0,0.0,1,0.2,2,0.4,1,0.2
5149,Yell,2009,3,1,0.3333,0,0.0,1,0.3333,1,0.3333,0,0.0,0,0.0,0,0.0
5149,Yell,2010,8,1,0.125,0,0.0,0,0.0,2,0.25,0,0.0,1,0.125,4,0.5
5149,Yell,2011,3,0,0.0,0,0.0,1,0.3333,0,0.0,0,0.0,0,0.0,2,0.6667
5149,Yell,2012,14,2,0.1429,3,0.2143,4,0.2857,1,0.0714,0,0.0,1,0.0714,3,0.2143
5149,Yell,2013,3,2,0.6667,0,0.0,0,0.0,0,0.0,1,0.3333,0,0.0,0,0.0
5149,Yell,2014,4,2,0.5,0,0.0,0,0.0,0,0.0,1,0.25,0,0.0,1,0.25
5149,Yell,2015,2,1,0.5,0,0.0,0,0.0,0,0.0,1,0.5,0,0.0,0,0.0
5149,Yell,2016,6,0,0.0,2,0.3333,1,0.1667,0,0.0,1,0.1667,0,0.0,2,0.3333
5149,Yell,2017,6,0,0.0,0,0.0,2,0.3333,0,0.0,2,0.3333,0,0.0,2,0.3333
5149,Yell,2018,5,1,0.2,0,0.0,1,0.2,1,0.2,1,0.2,0,0.0,1,0.2
5149,Yell,2019,4,0,0.0,0,0.0,0,0.0,3,0.75,1,0.25,0,0.0,0,0.0
5149,Yell,2020,5,0,0.0,3,0.6,0,0.0,1,0.2,0,0.0,0,0.0,1,0.2
5149,Yell,2021,6,3,0.5,2,0.3333,0,0.0,0,0.0,0,0.0,1,0.1667,0,0.0
5149,Yell,2022,5,0,0.0,1,0.2,0,0.0,0,0.0,3,0.6,0,0.0,1,0.2
5149,Yell,2023,2,0,0.0,1,0.5,0,0.0,0,0.0,1,0.5,0,0.0,0,0.0
