fips,county_name,acs_vintage,pop_15plus,n_married,n_divorced,n_separated,n_widowed,n_never_married,pct_married,pct_divorced,pct_never_married,pct_widowed,pct_separated
05001,Arkansas,2009,15640,8568,2058,384,1553,3461,0.5478,0.1316,0.2213,0.0993,0.0246
05003,Ashley,2009,17857,11317,1580,466,1515,3445,0.6338,0.0885,0.1929,0.0848,0.0261
05005,Baxter,2009,35219,21559,4442,644,3785,5433,0.6121,0.1261,0.1543,0.1075,0.0183
05007,Benton,2009,161675,97489,17990,2890,8671,37525,0.603,0.1113,0.2321,0.0536,0.0179
05009,Boone,2009,29314,17619,3721,674,2444,5530,0.601,0.1269,0.1886,0.0834,0.023
05011,Bradley,2009,9619,5029,687,277,724,3179,0.5228,0.0714,0.3305,0.0753,0.0288
05013,Calhoun,2009,4456,2285,554,96,409,1208,0.5128,0.1243,0.2711,0.0918,0.0215
05015,Carroll,2009,22280,13042,2605,366,1652,4981,0.5854,0.1169,0.2236,0.0741,0.0164
05017,Chicot,2009,9824,4405,1167,382,1271,2981,0.4484,0.1188,0.3034,0.1294,0.0389
05019,Clark,2009,19517,8570,1232,332,1345,8370,0.4391,0.0631,0.4289,0.0689,0.017
05021,Clay,2009,13237,8220,1448,224,1325,2244,0.621,0.1094,0.1695,0.1001,0.0169
05023,Cleburne,2009,21148,13116,2341,298,2027,3664,0.6202,0.1107,0.1733,0.0958,0.0141
05025,Cleveland,2009,6855,4094,749,119,420,1592,0.5972,0.1093,0.2322,0.0613,0.0174
05027,Columbia,2009,19704,10377,2144,521,1848,5335,0.5266,0.1088,0.2708,0.0938,0.0264
05029,Conway,2009,16545,9238,2157,268,1465,3685,0.5584,0.1304,0.2227,0.0885,0.0162
05031,Craighead,2009,72779,39113,9100,1868,5128,19438,0.5374,0.125,0.2671,0.0705,0.0257
05033,Crawford,2009,45729,27679,5584,976,2905,9561,0.6053,0.1221,0.2091,0.0635,0.0213
05035,Crittenden,2009,39496,18887,4910,1644,2950,12749,0.4782,0.1243,0.3228,0.0747,0.0416
05037,Cross,2009,14804,8742,1455,511,1364,3243,0.5905,0.0983,0.2191,0.0921,0.0345
05039,Dallas,2009,6507,3306,857,103,900,1444,0.5081,0.1317,0.2219,0.1383,0.0158
05041,Desha,2009,10711,5579,1004,277,1021,3107,0.5209,0.0937,0.2901,0.0953,0.0259
05043,Drew,2009,15062,7711,1850,226,1271,4230,0.512,0.1228,0.2808,0.0844,0.015
05045,Faulkner,2009,83168,44802,8125,1549,3842,26399,0.5387,0.0977,0.3174,0.0462,0.0186
05047,Franklin,2009,14462,8033,2123,335,1476,2830,0.5555,0.1468,0.1957,0.1021,0.0232
05049,Fulton,2009,9673,5723,1253,173,903,1794,0.5916,0.1295,0.1855,0.0934,0.0179
05051,Garland,2009,79601,41979,11889,1596,7736,17997,0.5274,0.1494,0.2261,0.0972,0.02
05053,Grant,2009,14233,8878,1473,225,802,3080,0.6238,0.1035,0.2164,0.0563,0.0158
05055,Greene,2009,31859,19766,4227,795,2369,5497,0.6204,0.1327,0.1725,0.0744,0.025
05057,Hempstead,2009,18181,10309,1873,439,1505,4494,0.567,0.103,0.2472,0.0828,0.0241
05059,Hot Spring,2009,25656,14098,4102,638,1943,5513,0.5495,0.1599,0.2149,0.0757,0.0249
05061,Howard,2009,11178,6646,1063,339,1048,2421,0.5946,0.0951,0.2166,0.0938,0.0303
05063,Independence,2009,27604,17030,3293,649,2070,5211,0.6169,0.1193,0.1888,0.075,0.0235
05065,Izard,2009,11030,7229,1154,280,864,1783,0.6554,0.1046,0.1617,0.0783,0.0254
05067,Jackson,2009,14019,7511,1709,432,1246,3553,0.5358,0.1219,0.2534,0.0889,0.0308
05069,Jefferson,2009,63560,28824,8694,1751,5051,20991,0.4535,0.1368,0.3303,0.0795,0.0275
05071,Johnson,2009,19329,10423,2751,420,1824,4331,0.5392,0.1423,0.2241,0.0944,0.0217
05073,Lafayette,2009,6356,3569,552,161,651,1584,0.5615,0.0868,0.2492,0.1024,0.0253
05075,Lawrence,2009,13739,8609,1542,488,1304,2284,0.6266,0.1122,0.1662,0.0949,0.0355
05077,Lee,2009,8876,3691,1113,370,879,3193,0.4158,0.1254,0.3597,0.099,0.0417
05079,Lincoln,2009,11652,5566,1348,509,734,4004,0.4777,0.1157,0.3436,0.063,0.0437
05081,Little River,2009,10591,6222,1258,375,884,2227,0.5875,0.1188,0.2103,0.0835,0.0354
05083,Logan,2009,17956,11260,2209,409,1360,3127,0.6271,0.123,0.1741,0.0757,0.0228
05085,Lonoke,2009,49015,29751,5666,1108,3021,10577,0.607,0.1156,0.2158,0.0616,0.0226
05087,Madison,2009,12377,7509,1468,239,894,2506,0.6067,0.1186,0.2025,0.0722,0.0193
05089,Marion,2009,14039,8924,1468,214,1147,2500,0.6357,0.1046,0.1781,0.0817,0.0152
05091,Miller,2009,34233,18017,4719,1324,2897,8600,0.5263,0.1378,0.2512,0.0846,0.0387
05093,Mississippi,2009,35692,18785,4249,1306,3274,9384,0.5263,0.119,0.2629,0.0917,0.0366
05095,Monroe,2009,6939,3614,699,311,844,1782,0.5208,0.1007,0.2568,0.1216,0.0448
05097,Montgomery,2009,7362,4974,720,110,522,1146,0.6756,0.0978,0.1557,0.0709,0.0149
05099,Nevada,2009,7575,4849,1138,251,759,829,0.6401,0.1502,0.1094,0.1002,0.0331
05101,Newton,2009,6937,4434,651,122,521,1331,0.6392,0.0938,0.1919,0.0751,0.0176
05103,Ouachita,2009,20960,10757,2835,732,2368,5000,0.5132,0.1353,0.2385,0.113,0.0349
05105,Perry,2009,8402,5032,1204,82,642,1524,0.5989,0.1433,0.1814,0.0764,0.0098
05107,Phillips,2009,16473,7551,1740,726,2032,5150,0.4584,0.1056,0.3126,0.1234,0.0441
05109,Pike,2009,8744,5460,804,105,871,1609,0.6244,0.0919,0.184,0.0996,0.012
05111,Poinsett,2009,19651,10656,2845,481,1948,4202,0.5423,0.1448,0.2138,0.0991,0.0245
05113,Polk,2009,16186,9866,2091,150,1578,2651,0.6095,0.1292,0.1638,0.0975,0.0093
05115,Pope,2009,47425,26294,6271,1027,3100,11760,0.5544,0.1322,0.248,0.0654,0.0217
05117,Prairie,2009,7297,4405,765,116,758,1369,0.6037,0.1048,0.1876,0.1039,0.0159
05119,Pulaski,2009,296698,149207,39728,8116,19486,88277,0.5029,0.1339,0.2975,0.0657,0.0274
05121,Randolph,2009,14630,8544,2121,263,1417,2548,0.584,0.145,0.1742,0.0969,0.018
05123,St. Francis,2009,20872,9607,3032,1002,1775,6458,0.4603,0.1453,0.3094,0.085,0.048
05125,Saline,2009,76318,46004,9423,1310,4273,16618,0.6028,0.1235,0.2177,0.056,0.0172
05127,Scott,2009,8909,5257,942,190,1050,1660,0.5901,0.1057,0.1863,0.1179,0.0213
05129,Searcy,2009,6638,3784,1021,171,654,1179,0.5701,0.1538,0.1776,0.0985,0.0258
05131,Sebastian,2009,94668,52744,12647,2607,6842,22435,0.5571,0.1336,0.237,0.0723,0.0275
05133,Sevier,2009,12347,7390,1087,435,994,2876,0.5985,0.088,0.2329,0.0805,0.0352
05135,Sharp,2009,14682,8441,2126,383,1542,2573,0.5749,0.1448,0.1752,0.105,0.0261
05137,Stone,2009,9985,5650,1434,188,875,2026,0.5658,0.1436,0.2029,0.0876,0.0188
05139,Union,2009,34439,19041,4074,1140,2984,8340,0.5529,0.1183,0.2422,0.0866,0.0331
05141,Van Buren,2009,13568,7844,1621,390,1468,2635,0.5781,0.1195,0.1942,0.1082,0.0287
05143,Washington,2009,151106,80540,16581,2893,7622,46363,0.533,0.1097,0.3068,0.0504,0.0191
05145,White,2009,59088,33289,7668,1309,3932,14199,0.5634,0.1298,0.2403,0.0665,0.0222
05147,Woodruff,2009,6208,3360,828,121,686,1334,0.5412,0.1334,0.2149,0.1105,0.0195
05149,Yell,2009,16972,9668,2196,362,1503,3605,0.5696,0.1294,0.2124,0.0886,0.0213
05001,Arkansas,2010,15708,8623,2003,424,1509,3573,0.549,0.1275,0.2275,0.0961,0.027
05003,Ashley,2010,17616,10494,1831,498,1506,3785,0.5957,0.1039,0.2149,0.0855,0.0283
05005,Baxter,2010,35173,21870,4505,624,3558,5240,0.6218,0.1281,0.149,0.1012,0.0177
05007,Benton,2010,160262,100841,16221,2563,8431,34769,0.6292,0.1012,0.217,0.0526,0.016
05009,Boone,2010,29541,17626,3797,532,2264,5854,0.5967,0.1285,0.1982,0.0766,0.018
05011,Bradley,2010,9275,5352,852,241,695,2376,0.577,0.0919,0.2562,0.0749,0.026
05013,Calhoun,2010,4592,2412,560,169,418,1202,0.5253,0.122,0.2618,0.091,0.0368
05015,Carroll,2010,21944,13601,2469,479,1582,4292,0.6198,0.1125,0.1956,0.0721,0.0218
05017,Chicot,2010,9740,4156,1194,399,1224,3166,0.4267,0.1226,0.3251,0.1257,0.041
05019,Clark,2010,19275,8390,1587,367,1378,7920,0.4353,0.0823,0.4109,0.0715,0.019
05021,Clay,2010,13333,7699,1803,271,1264,2567,0.5774,0.1352,0.1925,0.0948,0.0203
05023,Cleburne,2010,21489,13534,2426,335,2114,3415,0.6298,0.1129,0.1589,0.0984,0.0156
05025,Cleveland,2010,6915,4050,792,149,437,1636,0.5857,0.1145,0.2366,0.0632,0.0215
05027,Columbia,2010,20097,10308,2205,620,1759,5825,0.5129,0.1097,0.2898,0.0875,0.0309
05029,Conway,2010,16888,8870,2536,381,1488,3994,0.5252,0.1502,0.2365,0.0881,0.0226
05031,Craighead,2010,73845,39677,8816,1852,4854,20498,0.5373,0.1194,0.2776,0.0657,0.0251
05033,Crawford,2010,47401,29391,5567,823,2731,9712,0.6201,0.1174,0.2049,0.0576,0.0174
05035,Crittenden,2010,38158,17935,4824,1695,2758,12641,0.47,0.1264,0.3313,0.0723,0.0444
05037,Cross,2010,14319,8031,1474,470,1331,3483,0.5609,0.1029,0.2432,0.093,0.0328
05039,Dallas,2010,6619,3420,996,143,723,1480,0.5167,0.1505,0.2236,0.1092,0.0216
05041,Desha,2010,10407,5109,1061,267,1046,3191,0.4909,0.102,0.3066,0.1005,0.0257
05043,Drew,2010,14955,7633,1858,249,1245,4219,0.5104,0.1242,0.2821,0.0832,0.0166
05045,Faulkner,2010,86140,46531,9157,1655,4353,26099,0.5402,0.1063,0.303,0.0505,0.0192
05047,Franklin,2010,14510,8065,2159,491,1324,2962,0.5558,0.1488,0.2041,0.0912,0.0338
05049,Fulton,2010,10104,6124,1227,168,851,1902,0.6061,0.1214,0.1882,0.0842,0.0166
05051,Garland,2010,78984,42629,11669,1636,7352,17334,0.5397,0.1477,0.2195,0.0931,0.0207
05053,Grant,2010,14178,9479,1371,202,818,2510,0.6686,0.0967,0.177,0.0577,0.0142
05055,Greene,2010,32642,19662,4634,827,2157,6189,0.6024,0.142,0.1896,0.0661,0.0253
05057,Hempstead,2010,17779,10245,1880,375,1387,4267,0.5762,0.1057,0.24,0.078,0.0211
05059,Hot Spring,2010,26423,14676,4122,732,1862,5763,0.5554,0.156,0.2181,0.0705,0.0277
05061,Howard,2010,10729,5952,1201,361,1028,2548,0.5548,0.1119,0.2375,0.0958,0.0336
05063,Independence,2010,28838,17313,3313,788,2234,5978,0.6004,0.1149,0.2073,0.0775,0.0273
05065,Izard,2010,11550,7378,1314,362,949,1909,0.6388,0.1138,0.1653,0.0822,0.0313
05067,Jackson,2010,14911,7271,2020,500,1516,4104,0.4876,0.1355,0.2752,0.1017,0.0335
05069,Jefferson,2010,62803,27122,9085,1955,4790,21806,0.4319,0.1447,0.3472,0.0763,0.0311
05071,Johnson,2010,19910,10283,3071,296,1824,4732,0.5165,0.1542,0.2377,0.0916,0.0149
05073,Lafayette,2010,6458,3231,675,187,661,1891,0.5003,0.1045,0.2928,0.1024,0.029
05075,Lawrence,2010,14023,8192,1563,485,1276,2992,0.5842,0.1115,0.2134,0.091,0.0346
05077,Lee,2010,8826,3331,1211,277,924,3360,0.3774,0.1372,0.3807,0.1047,0.0314
05079,Lincoln,2010,11904,5272,1522,565,735,4375,0.4429,0.1279,0.3675,0.0617,0.0475
05081,Little River,2010,10652,6098,1349,323,829,2376,0.5725,0.1266,0.2231,0.0778,0.0303
05083,Logan,2010,17909,10643,2395,431,1257,3614,0.5943,0.1337,0.2018,0.0702,0.0241
05085,Lonoke,2010,50708,30756,6061,1256,3106,10785,0.6065,0.1195,0.2127,0.0613,0.0248
05087,Madison,2010,12338,7614,1522,196,785,2417,0.6171,0.1234,0.1959,0.0636,0.0159
05089,Marion,2010,14232,9583,1295,255,1184,2170,0.6733,0.091,0.1525,0.0832,0.0179
05091,Miller,2010,34108,18295,4478,1110,2654,8681,0.5364,0.1313,0.2545,0.0778,0.0325
05093,Mississippi,2010,35796,17558,4519,1237,3162,10557,0.4905,0.1262,0.2949,0.0883,0.0346
05095,Monroe,2010,6888,3298,825,293,825,1940,0.4788,0.1198,0.2816,0.1198,0.0425
05097,Montgomery,2010,7743,5103,805,148,672,1163,0.659,0.104,0.1502,0.0868,0.0191
05099,Nevada,2010,7327,4199,951,168,725,1452,0.5731,0.1298,0.1982,0.0989,0.0229
05101,Newton,2010,6957,4502,675,149,541,1239,0.6471,0.097,0.1781,0.0778,0.0214
05103,Ouachita,2010,21212,10553,2973,708,2341,5345,0.4975,0.1402,0.252,0.1104,0.0334
05105,Perry,2010,8526,5087,1218,128,633,1588,0.5966,0.1429,0.1863,0.0742,0.015
05107,Phillips,2010,17095,7275,2120,747,1974,5726,0.4256,0.124,0.335,0.1155,0.0437
05109,Pike,2010,8851,5189,940,159,815,1907,0.5863,0.1062,0.2155,0.0921,0.018
05111,Poinsett,2010,19713,10299,2883,536,2074,4457,0.5224,0.1462,0.2261,0.1052,0.0272
05113,Polk,2010,16466,10033,2121,171,1604,2708,0.6093,0.1288,0.1645,0.0974,0.0104
05115,Pope,2010,48731,27034,6026,861,3029,12642,0.5548,0.1237,0.2594,0.0622,0.0177
05117,Prairie,2010,7289,4415,788,194,657,1429,0.6057,0.1081,0.196,0.0901,0.0266
05119,Pulaski,2010,300321,149743,40810,8441,18874,90894,0.4986,0.1359,0.3027,0.0628,0.0281
05121,Randolph,2010,14664,8758,1955,305,1318,2633,0.5972,0.1333,0.1796,0.0899,0.0208
05123,St. Francis,2010,22515,9852,3490,1201,1770,7403,0.4376,0.155,0.3288,0.0786,0.0533
05125,Saline,2010,81877,48898,10388,1563,4987,17604,0.5972,0.1269,0.215,0.0609,0.0191
05127,Scott,2010,8967,5340,961,158,993,1673,0.5955,0.1072,0.1866,0.1107,0.0176
05129,Searcy,2010,6814,3983,898,134,745,1188,0.5845,0.1318,0.1743,0.1093,0.0197
05131,Sebastian,2010,97678,53885,12917,2526,6730,24146,0.5517,0.1322,0.2472,0.0689,0.0259
05133,Sevier,2010,12600,7591,1262,557,958,2789,0.6025,0.1002,0.2213,0.076,0.0442
05135,Sharp,2010,14412,8486,2162,312,1445,2319,0.5888,0.15,0.1609,0.1003,0.0216
05137,Stone,2010,10235,6217,1315,298,894,1809,0.6074,0.1285,0.1767,0.0873,0.0291
05139,Union,2010,33713,17876,4331,1083,2856,8650,0.5302,0.1285,0.2566,0.0847,0.0321
05141,Van Buren,2010,14346,8404,1872,433,1542,2528,0.5858,0.1305,0.1762,0.1075,0.0302
05143,Washington,2010,155049,81057,16368,2828,7944,49680,0.5228,0.1056,0.3204,0.0512,0.0182
05145,White,2010,60072,35142,7138,1251,3886,13906,0.585,0.1188,0.2315,0.0647,0.0208
05147,Woodruff,2010,6100,3325,835,189,604,1336,0.5451,0.1369,0.219,0.099,0.031
05149,Yell,2010,17120,9771,2338,327,1393,3618,0.5707,0.1366,0.2113,0.0814,0.0191
05099,Nevada,2011,7278,4242,782,183,746,1508,0.5829,0.1074,0.2072,0.1025,0.0251
05037,Cross,2011,14283,8423,1422,454,1228,3210,0.5897,0.0996,0.2247,0.086,0.0318
05039,Dallas,2011,6500,3524,727,178,688,1561,0.5422,0.1118,0.2402,0.1058,0.0274
05027,Columbia,2011,20027,10328,2092,804,1672,5935,0.5157,0.1045,0.2963,0.0835,0.0401
05125,Saline,2011,83880,49890,11071,1302,5093,17826,0.5948,0.132,0.2125,0.0607,0.0155
05141,Van Buren,2011,14353,8511,1846,387,1408,2588,0.593,0.1286,0.1803,0.0981,0.027
05065,Izard,2011,11519,7425,1299,256,968,1827,0.6446,0.1128,0.1586,0.084,0.0222
05063,Independence,2011,28980,17466,3179,771,2309,6026,0.6027,0.1097,0.2079,0.0797,0.0266
05079,Lincoln,2011,11823,5222,1669,508,730,4202,0.4417,0.1412,0.3554,0.0617,0.043
05083,Logan,2011,17955,10394,2649,502,1306,3606,0.5789,0.1475,0.2008,0.0727,0.028
05053,Grant,2011,14306,9275,1269,130,933,2829,0.6483,0.0887,0.1977,0.0652,0.0091
05035,Crittenden,2011,38426,17678,4741,1756,2792,13215,0.4601,0.1234,0.3439,0.0727,0.0457
05047,Franklin,2011,14509,8321,2006,521,1224,2958,0.5735,0.1383,0.2039,0.0844,0.0359
05045,Faulkner,2011,88389,47037,9644,1632,4385,27323,0.5322,0.1091,0.3091,0.0496,0.0185
05109,Pike,2011,9013,5021,1109,176,850,2033,0.5571,0.123,0.2256,0.0943,0.0195
05069,Jefferson,2011,62374,26899,9007,1938,4799,21669,0.4313,0.1444,0.3474,0.0769,0.0311
05089,Marion,2011,14279,9246,1486,229,1316,2231,0.6475,0.1041,0.1562,0.0922,0.016
05097,Montgomery,2011,7865,5213,851,207,627,1174,0.6628,0.1082,0.1493,0.0797,0.0263
05127,Scott,2011,8899,5414,1074,187,806,1605,0.6084,0.1207,0.1804,0.0906,0.021
05129,Searcy,2011,6757,3791,1032,148,691,1243,0.561,0.1527,0.184,0.1023,0.0219
05131,Sebastian,2011,98563,54009,13140,2617,6349,25065,0.548,0.1333,0.2543,0.0644,0.0266
05033,Crawford,2011,47976,29231,5985,807,2912,9848,0.6093,0.1247,0.2053,0.0607,0.0168
05007,Benton,2011,165101,103357,16706,2220,8362,36676,0.626,0.1012,0.2221,0.0506,0.0134
05017,Chicot,2011,9641,4367,1097,394,1130,3047,0.453,0.1138,0.316,0.1172,0.0409
05059,Hot Spring,2011,26592,14667,4251,635,1769,5905,0.5516,0.1599,0.2221,0.0665,0.0239
05071,Johnson,2011,20129,10807,2884,317,1754,4684,0.5369,0.1433,0.2327,0.0871,0.0157
05077,Lee,2011,8730,3296,1224,358,829,3381,0.3775,0.1402,0.3873,0.095,0.041
05087,Madison,2011,12475,7594,1729,145,793,2359,0.6087,0.1386,0.1891,0.0636,0.0116
05049,Fulton,2011,10232,5841,1516,145,885,1990,0.5709,0.1482,0.1945,0.0865,0.0142
05061,Howard,2011,10736,5931,1193,352,1011,2601,0.5524,0.1111,0.2423,0.0942,0.0328
05093,Mississippi,2011,35662,17657,4251,1006,2966,10788,0.4951,0.1192,0.3025,0.0832,0.0282
05117,Prairie,2011,7223,4520,705,172,673,1325,0.6258,0.0976,0.1834,0.0932,0.0238
05139,Union,2011,33544,17625,4414,1296,2747,8758,0.5254,0.1316,0.2611,0.0819,0.0386
05023,Cleburne,2011,21529,13338,2363,471,2148,3680,0.6195,0.1098,0.1709,0.0998,0.0219
05025,Cleveland,2011,6909,4092,701,147,424,1692,0.5923,0.1015,0.2449,0.0614,0.0213
05057,Hempstead,2011,17772,9937,2030,481,1355,4450,0.5591,0.1142,0.2504,0.0762,0.0271
05135,Sharp,2011,14429,8267,2168,335,1548,2446,0.5729,0.1503,0.1695,0.1073,0.0232
05143,Washington,2011,157636,81555,17059,2734,8133,50889,0.5174,0.1082,0.3228,0.0516,0.0173
05003,Ashley,2011,17539,10211,1910,454,1478,3940,0.5822,0.1089,0.2246,0.0843,0.0259
05031,Craighead,2011,75113,40086,8787,1800,4698,21542,0.5337,0.117,0.2868,0.0625,0.024
05073,Lafayette,2011,6250,3216,690,180,645,1699,0.5146,0.1104,0.2718,0.1032,0.0288
05105,Perry,2011,8606,4971,1248,91,653,1734,0.5776,0.145,0.2015,0.0759,0.0106
05111,Poinsett,2011,19668,10148,3098,623,1966,4456,0.516,0.1575,0.2266,0.1,0.0317
05133,Sevier,2011,12717,7590,1260,429,1125,2742,0.5968,0.0991,0.2156,0.0885,0.0337
05013,Calhoun,2011,4519,2273,641,189,476,1129,0.503,0.1418,0.2498,0.1053,0.0418
05011,Bradley,2011,9245,5784,916,324,702,1843,0.6256,0.0991,0.1994,0.0759,0.035
05075,Lawrence,2011,14081,8009,1673,385,1269,3130,0.5688,0.1188,0.2223,0.0901,0.0273
05113,Polk,2011,16514,9585,2420,167,1620,2889,0.5804,0.1465,0.1749,0.0981,0.0101
05029,Conway,2011,16874,8983,2623,456,1482,3786,0.5324,0.1554,0.2244,0.0878,0.027
05101,Newton,2011,6928,4465,722,167,504,1237,0.6445,0.1042,0.1786,0.0727,0.0241
05081,Little River,2011,10575,6161,1295,283,834,2285,0.5826,0.1225,0.2161,0.0789,0.0268
05085,Lonoke,2011,51795,31012,6218,1235,3140,11425,0.5987,0.1201,0.2206,0.0606,0.0238
05091,Miller,2011,34353,18533,4213,1254,2855,8752,0.5395,0.1226,0.2548,0.0831,0.0365
05123,St. Francis,2011,22507,9505,3657,1233,1867,7478,0.4223,0.1625,0.3323,0.083,0.0548
05145,White,2011,60953,36115,6851,1294,3840,14147,0.5925,0.1124,0.2321,0.063,0.0212
05021,Clay,2011,13227,7669,1844,181,1200,2514,0.5798,0.1394,0.1901,0.0907,0.0137
05043,Drew,2011,14903,7582,1844,304,1281,4196,0.5088,0.1237,0.2816,0.086,0.0204
05121,Randolph,2011,14615,9052,1684,402,1239,2640,0.6194,0.1152,0.1806,0.0848,0.0275
05009,Boone,2011,29822,18124,3625,542,2250,5823,0.6077,0.1216,0.1953,0.0754,0.0182
05041,Desha,2011,10257,5295,994,285,1062,2906,0.5162,0.0969,0.2833,0.1035,0.0278
05051,Garland,2011,79539,42144,12059,1923,7492,17844,0.5299,0.1516,0.2243,0.0942,0.0242
05115,Pope,2011,49358,27298,6093,884,3070,12897,0.5531,0.1234,0.2613,0.0622,0.0179
05147,Woodruff,2011,6018,3197,869,185,601,1351,0.5312,0.1444,0.2245,0.0999,0.0307
05067,Jackson,2011,14935,7181,1986,570,1587,4181,0.4808,0.133,0.2799,0.1063,0.0382
05137,Stone,2011,10305,6393,1389,271,867,1656,0.6204,0.1348,0.1607,0.0841,0.0263
05005,Baxter,2011,35358,21725,4632,391,3446,5555,0.6144,0.131,0.1571,0.0975,0.0111
05055,Greene,2011,33007,20086,4624,780,2130,6167,0.6085,0.1401,0.1868,0.0645,0.0236
05107,Phillips,2011,16901,6851,2386,740,1858,5806,0.4054,0.1412,0.3435,0.1099,0.0438
05149,Yell,2011,17236,9981,2289,377,1321,3645,0.5791,0.1328,0.2115,0.0766,0.0219
05019,Clark,2011,19317,8471,1783,403,1432,7631,0.4385,0.0923,0.395,0.0741,0.0209
05095,Monroe,2011,6753,3209,780,241,793,1971,0.4752,0.1155,0.2919,0.1174,0.0357
05103,Ouachita,2011,21131,11124,2937,733,2128,4942,0.5264,0.139,0.2339,0.1007,0.0347
05001,Arkansas,2011,15511,8579,1931,469,1442,3559,0.5531,0.1245,0.2295,0.093,0.0302
05015,Carroll,2011,22059,13809,2650,499,1480,4120,0.626,0.1201,0.1868,0.0671,0.0226
05119,Pulaski,2011,302857,147937,41686,8205,18694,94540,0.4885,0.1376,0.3122,0.0617,0.0271
05099,Nevada,2012,7245,3914,1078,253,598,1655,0.5402,0.1488,0.2284,0.0825,0.0349
05037,Cross,2012,14254,8275,1488,484,1300,3191,0.5805,0.1044,0.2239,0.0912,0.034
05039,Dallas,2012,6440,3426,714,269,694,1606,0.532,0.1109,0.2494,0.1078,0.0418
05027,Columbia,2012,20135,9837,2244,696,1725,6329,0.4886,0.1114,0.3143,0.0857,0.0346
05125,Saline,2012,85821,51478,10967,1385,5351,18025,0.5998,0.1278,0.21,0.0624,0.0161
05141,Van Buren,2012,14355,8411,1900,348,1382,2662,0.5859,0.1324,0.1854,0.0963,0.0242
05065,Izard,2012,11566,7251,1405,232,994,1916,0.6269,0.1215,0.1657,0.0859,0.0201
05063,Independence,2012,29181,17261,3434,879,2251,6235,0.5915,0.1177,0.2137,0.0771,0.0301
05079,Lincoln,2012,11901,5415,1721,359,642,4123,0.455,0.1446,0.3464,0.0539,0.0302
05083,Logan,2012,17877,10140,2630,459,1424,3683,0.5672,0.1471,0.206,0.0797,0.0257
05053,Grant,2012,14360,9117,1331,198,948,2964,0.6349,0.0927,0.2064,0.066,0.0138
05035,Crittenden,2012,38465,17701,4777,1455,2618,13369,0.4602,0.1242,0.3476,0.0681,0.0378
05047,Franklin,2012,14463,8263,1942,482,1223,3035,0.5713,0.1343,0.2098,0.0846,0.0333
05045,Faulkner,2012,90444,47702,10137,1730,4549,28056,0.5274,0.1121,0.3102,0.0503,0.0191
05109,Pike,2012,9050,5269,1113,216,771,1897,0.5822,0.123,0.2096,0.0852,0.0239
05069,Jefferson,2012,61871,26577,8742,2116,4601,21951,0.4296,0.1413,0.3548,0.0744,0.0342
05089,Marion,2012,14302,9205,1576,369,1303,2218,0.6436,0.1102,0.1551,0.0911,0.0258
05097,Montgomery,2012,7838,5055,990,244,571,1222,0.6449,0.1263,0.1559,0.0729,0.0311
05127,Scott,2012,8938,5434,1120,213,757,1627,0.608,0.1253,0.182,0.0847,0.0238
05129,Searcy,2012,6730,3877,1129,132,596,1128,0.5761,0.1678,0.1676,0.0886,0.0196
05131,Sebastian,2012,99250,53158,13733,2806,6485,25874,0.5356,0.1384,0.2607,0.0653,0.0283
05033,Crawford,2012,48343,28522,6399,961,3090,10332,0.59,0.1324,0.2137,0.0639,0.0199
05007,Benton,2012,169628,105549,17174,2092,8604,38301,0.6222,0.1012,0.2258,0.0507,0.0123
05017,Chicot,2012,9487,4433,1051,401,1102,2901,0.4673,0.1108,0.3058,0.1162,0.0423
05059,Hot Spring,2012,26811,14567,4182,721,1798,6264,0.5433,0.156,0.2336,0.0671,0.0269
05071,Johnson,2012,20284,11172,2874,417,1560,4678,0.5508,0.1417,0.2306,0.0769,0.0206
05077,Lee,2012,8643,3064,1179,344,772,3628,0.3545,0.1364,0.4198,0.0893,0.0398
05087,Madison,2012,12585,7230,1872,220,942,2541,0.5745,0.1487,0.2019,0.0749,0.0175
05049,Fulton,2012,10239,6184,1331,130,881,1843,0.604,0.13,0.18,0.086,0.0127
05061,Howard,2012,10754,5665,1353,311,907,2829,0.5268,0.1258,0.2631,0.0843,0.0289
05093,Mississippi,2012,35483,17631,4658,1235,2799,10395,0.4969,0.1313,0.293,0.0789,0.0348
05117,Prairie,2012,7144,4419,751,156,664,1310,0.6186,0.1051,0.1834,0.0929,0.0218
05139,Union,2012,33340,17907,4359,1190,2723,8351,0.5371,0.1307,0.2505,0.0817,0.0357
05025,Cleveland,2012,6882,3971,914,141,488,1509,0.577,0.1328,0.2193,0.0709,0.0205
05057,Hempstead,2012,17582,9255,2284,534,1322,4721,0.5264,0.1299,0.2685,0.0752,0.0304
05135,Sharp,2012,14347,8287,2230,376,1358,2472,0.5776,0.1554,0.1723,0.0947,0.0262
05143,Washington,2012,160208,81919,17619,2709,8271,52399,0.5113,0.11,0.3271,0.0516,0.0169
05003,Ashley,2012,17415,10308,1907,509,1336,3864,0.5919,0.1095,0.2219,0.0767,0.0292
05031,Craighead,2012,76384,40243,9335,1718,4802,22004,0.5269,0.1222,0.2881,0.0629,0.0225
05073,Lafayette,2012,6215,3035,729,219,671,1780,0.4883,0.1173,0.2864,0.108,0.0352
05105,Perry,2012,8576,4779,1277,164,724,1796,0.5573,0.1489,0.2094,0.0844,0.0191
05111,Poinsett,2012,19629,10054,3027,646,2107,4441,0.5122,0.1542,0.2262,0.1073,0.0329
05133,Sevier,2012,12792,7409,1324,498,1144,2915,0.5792,0.1035,0.2279,0.0894,0.0389
05013,Calhoun,2012,4509,2442,535,185,524,1008,0.5416,0.1187,0.2236,0.1162,0.041
05011,Bradley,2012,9180,5478,1036,403,767,1899,0.5967,0.1129,0.2069,0.0836,0.0439
05075,Lawrence,2012,14101,7677,1724,388,1285,3415,0.5444,0.1223,0.2422,0.0911,0.0275
05113,Polk,2012,16526,9582,2303,253,1623,3018,0.5798,0.1394,0.1826,0.0982,0.0153
05029,Conway,2012,16998,9178,2563,433,1387,3870,0.5399,0.1508,0.2277,0.0816,0.0255
05101,Newton,2012,6872,4388,775,181,526,1183,0.6385,0.1128,0.1721,0.0765,0.0263
05081,Little River,2012,10585,5817,1586,211,875,2307,0.5496,0.1498,0.2179,0.0827,0.0199
05085,Lonoke,2012,52730,31644,6247,1164,3295,11544,0.6001,0.1185,0.2189,0.0625,0.0221
05091,Miller,2012,34504,18057,4568,1369,2954,8925,0.5233,0.1324,0.2587,0.0856,0.0397
05123,St. Francis,2012,22544,9364,3669,1046,1751,7760,0.4154,0.1627,0.3442,0.0777,0.0464
05145,White,2012,61665,35546,7290,1489,4036,14793,0.5764,0.1182,0.2399,0.0655,0.0241
05023,Cleburne,2012,21647,13095,2686,434,1949,3917,0.6049,0.1241,0.1809,0.09,0.02
05021,Clay,2012,13138,7453,1950,159,1251,2484,0.5673,0.1484,0.1891,0.0952,0.0121
05043,Drew,2012,14979,7744,1658,236,1209,4368,0.517,0.1107,0.2916,0.0807,0.0158
05121,Randolph,2012,14558,9003,1755,409,1236,2564,0.6184,0.1206,0.1761,0.0849,0.0281
05009,Boone,2012,29985,18119,3837,479,2212,5817,0.6043,0.128,0.194,0.0738,0.016
05041,Desha,2012,10125,5083,1115,324,1045,2882,0.502,0.1101,0.2846,0.1032,0.032
05051,Garland,2012,79744,42848,12103,1891,7183,17610,0.5373,0.1518,0.2208,0.0901,0.0237
05115,Pope,2012,49821,27519,6042,955,3158,13102,0.5524,0.1213,0.263,0.0634,0.0192
05147,Woodruff,2012,5919,3058,934,149,563,1364,0.5166,0.1578,0.2304,0.0951,0.0252
05067,Jackson,2012,14844,7123,2143,637,1528,4050,0.4799,0.1444,0.2728,0.1029,0.0429
05137,Stone,2012,10410,6191,1486,267,886,1847,0.5947,0.1427,0.1774,0.0851,0.0256
05005,Baxter,2012,35279,20985,4969,479,3317,6008,0.5948,0.1408,0.1703,0.094,0.0136
05055,Greene,2012,33403,19241,5004,831,2274,6884,0.576,0.1498,0.2061,0.0681,0.0249
05107,Phillips,2012,16662,6821,2413,891,1678,5750,0.4094,0.1448,0.3451,0.1007,0.0535
05149,Yell,2012,17285,10037,2182,364,1138,3928,0.5807,0.1262,0.2272,0.0658,0.0211
05019,Clark,2012,19335,8521,1949,435,1496,7369,0.4407,0.1008,0.3811,0.0774,0.0225
05095,Monroe,2012,6668,3152,781,217,782,1953,0.4727,0.1171,0.2929,0.1173,0.0325
05103,Ouachita,2012,20949,11155,2673,685,2167,4954,0.5325,0.1276,0.2365,0.1034,0.0327
05001,Arkansas,2012,15399,8762,1795,448,1351,3491,0.569,0.1166,0.2267,0.0877,0.0291
05015,Carroll,2012,22232,13526,2920,415,1572,4214,0.6084,0.1313,0.1895,0.0707,0.0187
05119,Pulaski,2012,305709,146173,42583,8182,18404,98549,0.4781,0.1393,0.3224,0.0602,0.0268
05105,Perry,2013,8462,4989,987,139,722,1764,0.5896,0.1166,0.2085,0.0853,0.0164
05111,Poinsett,2013,19475,10106,3098,611,1993,4278,0.5189,0.1591,0.2197,0.1023,0.0314
05133,Sevier,2013,12954,7490,1476,644,1108,2880,0.5782,0.1139,0.2223,0.0855,0.0497
05013,Calhoun,2013,4493,2406,579,148,502,1006,0.5355,0.1289,0.2239,0.1117,0.0329
05011,Bradley,2013,9162,5222,956,346,833,2151,0.57,0.1043,0.2348,0.0909,0.0378
05075,Lawrence,2013,14029,7546,1653,266,1424,3406,0.5379,0.1178,0.2428,0.1015,0.019
05113,Polk,2013,16514,9305,2518,242,1598,3093,0.5635,0.1525,0.1873,0.0968,0.0147
05029,Conway,2013,17030,9198,2581,465,1411,3840,0.5401,0.1516,0.2255,0.0829,0.0273
05101,Newton,2013,6859,4225,869,135,553,1212,0.616,0.1267,0.1767,0.0806,0.0197
05081,Little River,2013,10558,5842,1560,181,879,2277,0.5533,0.1478,0.2157,0.0833,0.0171
05085,Lonoke,2013,53574,31829,6559,1062,3367,11819,0.5941,0.1224,0.2206,0.0628,0.0198
05091,Miller,2013,34635,17892,4720,1276,3003,9020,0.5166,0.1363,0.2604,0.0867,0.0368
05123,St. Francis,2013,22460,9767,3385,970,1661,7647,0.4349,0.1507,0.3405,0.074,0.0432
05145,White,2013,62335,36456,6939,1382,3800,15140,0.5848,0.1113,0.2429,0.061,0.0222
05063,Independence,2013,29438,16832,3554,958,2381,6671,0.5718,0.1207,0.2266,0.0809,0.0325
05079,Lincoln,2013,11956,5009,1615,281,715,4617,0.419,0.1351,0.3862,0.0598,0.0235
05083,Logan,2013,17923,9530,2775,406,1490,4128,0.5317,0.1548,0.2303,0.0831,0.0227
05053,Grant,2013,14425,9024,1431,218,987,2983,0.6256,0.0992,0.2068,0.0684,0.0151
05035,Crittenden,2013,38572,17619,5013,1575,2556,13384,0.4568,0.13,0.347,0.0663,0.0408
05047,Franklin,2013,14458,8067,1993,499,1248,3150,0.558,0.1378,0.2179,0.0863,0.0345
05045,Faulkner,2013,92226,47480,10868,1725,4565,29313,0.5148,0.1178,0.3178,0.0495,0.0187
05109,Pike,2013,9032,5339,1218,183,625,1850,0.5911,0.1349,0.2048,0.0692,0.0203
05069,Jefferson,2013,61119,26647,8334,2072,4616,21522,0.436,0.1364,0.3521,0.0755,0.0339
05089,Marion,2013,14244,8893,1751,359,1313,2287,0.6243,0.1229,0.1606,0.0922,0.0252
05097,Montgomery,2013,7816,5025,1018,245,578,1195,0.6429,0.1302,0.1529,0.074,0.0313
05127,Scott,2013,8906,5512,1039,269,657,1698,0.6189,0.1167,0.1907,0.0738,0.0302
05129,Searcy,2013,6720,3826,1105,125,620,1169,0.5693,0.1644,0.174,0.0923,0.0186
05131,Sebastian,2013,100017,53227,14222,2907,6510,26058,0.5322,0.1422,0.2605,0.0651,0.0291
05033,Crawford,2013,48557,28706,6554,928,2920,10377,0.5912,0.135,0.2137,0.0601,0.0191
05007,Benton,2013,174229,107855,17893,2339,8958,39523,0.619,0.1027,0.2268,0.0514,0.0134
05017,Chicot,2013,9363,4462,1043,409,928,2930,0.4766,0.1114,0.3129,0.0991,0.0437
05059,Hot Spring,2013,27063,14636,4390,683,1711,6326,0.5408,0.1622,0.2338,0.0632,0.0252
05071,Johnson,2013,20428,11594,2980,315,1480,4374,0.5676,0.1459,0.2141,0.0724,0.0154
05077,Lee,2013,8540,3089,1125,346,711,3615,0.3617,0.1317,0.4233,0.0833,0.0405
05087,Madison,2013,12593,7237,1865,222,1002,2489,0.5747,0.1481,0.1976,0.0796,0.0176
05049,Fulton,2013,10250,6249,1281,102,918,1802,0.6097,0.125,0.1758,0.0896,0.01
05061,Howard,2013,10693,5607,1512,331,804,2770,0.5244,0.1414,0.259,0.0752,0.031
05093,Mississippi,2013,35322,17596,5005,1297,2672,10049,0.4982,0.1417,0.2845,0.0756,0.0367
05117,Prairie,2013,7100,3983,935,142,768,1414,0.561,0.1317,0.1992,0.1082,0.02
05139,Union,2013,33199,17916,4383,1055,2700,8200,0.5397,0.132,0.247,0.0813,0.0318
05023,Cleburne,2013,21587,12601,3256,364,1812,3918,0.5837,0.1508,0.1815,0.0839,0.0169
05025,Cleveland,2013,6907,4172,727,142,509,1499,0.604,0.1053,0.217,0.0737,0.0206
05057,Hempstead,2013,17497,8839,2467,489,1314,4877,0.5052,0.141,0.2787,0.0751,0.0279
05135,Sharp,2013,14290,8393,2089,329,1381,2427,0.5873,0.1462,0.1698,0.0966,0.023
05143,Washington,2013,163166,83005,17514,2634,8411,54236,0.5087,0.1073,0.3324,0.0515,0.0161
05003,Ashley,2013,17338,10032,2060,459,1428,3818,0.5786,0.1188,0.2202,0.0824,0.0265
05031,Craighead,2013,77692,40824,9442,1822,4922,22504,0.5255,0.1215,0.2897,0.0634,0.0235
05073,Lafayette,2013,6156,2851,805,225,621,1879,0.4631,0.1308,0.3052,0.1009,0.0365
05099,Nevada,2013,7108,4102,924,306,672,1410,0.5771,0.13,0.1984,0.0945,0.0431
05037,Cross,2013,14146,8140,1557,482,1229,3220,0.5754,0.1101,0.2276,0.0869,0.0341
05039,Dallas,2013,6473,3544,639,210,711,1579,0.5475,0.0987,0.2439,0.1098,0.0324
05027,Columbia,2013,20056,9986,2245,606,1553,6272,0.4979,0.1119,0.3127,0.0774,0.0302
05125,Saline,2013,87736,51530,11898,1749,5467,18841,0.5873,0.1356,0.2147,0.0623,0.0199
05141,Van Buren,2013,14286,8186,2032,312,1427,2641,0.573,0.1422,0.1849,0.0999,0.0218
05065,Izard,2013,11562,6937,1507,272,1157,1961,0.6,0.1303,0.1696,0.1001,0.0235
05021,Clay,2013,12994,7081,2142,136,1296,2475,0.5449,0.1648,0.1905,0.0997,0.0105
05043,Drew,2013,15082,7829,1570,286,1005,4678,0.5191,0.1041,0.3102,0.0666,0.019
05121,Randolph,2013,14504,9214,1671,312,1111,2508,0.6353,0.1152,0.1729,0.0766,0.0215
05009,Boone,2013,30073,18483,3653,472,2065,5872,0.6146,0.1215,0.1953,0.0687,0.0157
05041,Desha,2013,10003,4755,1323,369,1019,2906,0.4754,0.1323,0.2905,0.1019,0.0369
05051,Garland,2013,79937,42374,12312,2001,7326,17925,0.5301,0.154,0.2242,0.0916,0.025
05115,Pope,2013,50179,27048,5988,819,3142,14001,0.539,0.1193,0.279,0.0626,0.0163
05147,Woodruff,2013,5862,3033,893,181,547,1389,0.5174,0.1523,0.2369,0.0933,0.0309
05067,Jackson,2013,14800,7166,2411,563,1544,3679,0.4842,0.1629,0.2486,0.1043,0.038
05137,Stone,2013,10335,6406,1176,307,789,1964,0.6198,0.1138,0.19,0.0763,0.0297
05005,Baxter,2013,35188,21130,4726,487,3380,5952,0.6005,0.1343,0.1691,0.0961,0.0138
05055,Greene,2013,33693,19167,5342,851,2187,6997,0.5689,0.1585,0.2077,0.0649,0.0253
05107,Phillips,2013,16408,6851,2105,896,1636,5816,0.4175,0.1283,0.3545,0.0997,0.0546
05149,Yell,2013,17368,9633,2492,376,1285,3958,0.5546,0.1435,0.2279,0.074,0.0216
05019,Clark,2013,19202,8745,1858,344,1370,7229,0.4554,0.0968,0.3765,0.0713,0.0179
05095,Monroe,2013,6522,3189,727,236,770,1836,0.489,0.1115,0.2815,0.1181,0.0362
05103,Ouachita,2013,20704,10435,2833,638,2162,5274,0.504,0.1368,0.2547,0.1044,0.0308
05001,Arkansas,2013,15344,8591,1777,530,1388,3588,0.5599,0.1158,0.2338,0.0905,0.0345
05015,Carroll,2013,22408,13259,3059,431,1612,4478,0.5917,0.1365,0.1998,0.0719,0.0192
05119,Pulaski,2013,308081,144796,43052,8501,18012,102221,0.47,0.1397,0.3318,0.0585,0.0276
05021,Clay,2014,12938,6854,2119,97,1314,2651,0.5298,0.1638,0.2049,0.1016,0.0075
05043,Drew,2014,15179,7928,1357,290,948,4946,0.5223,0.0894,0.3258,0.0625,0.0191
05125,Saline,2014,89556,51946,12240,1823,5384,19986,0.58,0.1367,0.2232,0.0601,0.0204
05009,Boone,2014,30136,17779,4248,324,2255,5854,0.59,0.141,0.1943,0.0748,0.0108
05041,Desha,2014,9859,4657,1290,402,1034,2878,0.4724,0.1308,0.2919,0.1049,0.0408
05051,Garland,2014,80072,42360,12818,2084,6714,18180,0.529,0.1601,0.227,0.0838,0.026
05115,Pope,2014,50632,27000,6080,809,3094,14458,0.5333,0.1201,0.2856,0.0611,0.016
05147,Woodruff,2014,5803,2787,879,248,614,1523,0.4803,0.1515,0.2625,0.1058,0.0427
05067,Jackson,2014,14744,6808,2475,541,1630,3831,0.4617,0.1679,0.2598,0.1106,0.0367
05137,Stone,2014,10394,6272,1331,271,981,1810,0.6034,0.1281,0.1741,0.0944,0.0261
05005,Baxter,2014,35151,20518,4853,487,3641,6139,0.5837,0.1381,0.1746,0.1036,0.0139
05055,Greene,2014,34123,19291,5180,949,2271,7381,0.5653,0.1518,0.2163,0.0666,0.0278
05107,Phillips,2014,16103,6630,2174,820,1461,5838,0.4117,0.135,0.3625,0.0907,0.0509
05149,Yell,2014,17293,9613,2343,474,1232,4105,0.5559,0.1355,0.2374,0.0712,0.0274
05019,Clark,2014,19115,8650,1859,269,1309,7297,0.4525,0.0973,0.3817,0.0685,0.0141
05095,Monroe,2014,6427,3108,607,274,822,1890,0.4836,0.0944,0.2941,0.1279,0.0426
05103,Ouachita,2014,20543,10445,2758,528,2024,5316,0.5084,0.1343,0.2588,0.0985,0.0257
05001,Arkansas,2014,15225,8268,1847,392,1465,3645,0.5431,0.1213,0.2394,0.0962,0.0257
05015,Carroll,2014,22478,13599,3082,477,1772,4025,0.605,0.1371,0.1791,0.0788,0.0212
05119,Pulaski,2014,310461,144381,43596,8380,18102,104382,0.4651,0.1404,0.3362,0.0583,0.027
05099,Nevada,2014,7113,3821,1038,265,764,1490,0.5372,0.1459,0.2095,0.1074,0.0373
05037,Cross,2014,14069,8033,1702,424,1193,3141,0.571,0.121,0.2233,0.0848,0.0301
05039,Dallas,2014,6431,3598,629,156,645,1559,0.5595,0.0978,0.2424,0.1003,0.0243
05027,Columbia,2014,19996,10108,2023,496,1433,6432,0.5055,0.1012,0.3217,0.0717,0.0248
05121,Randolph,2014,14480,8762,1953,339,1139,2626,0.6051,0.1349,0.1814,0.0787,0.0234
05141,Van Buren,2014,14244,7764,2361,319,1406,2713,0.5451,0.1658,0.1905,0.0987,0.0224
05065,Izard,2014,11523,6792,1455,270,1286,1990,0.5894,0.1263,0.1727,0.1116,0.0234
05083,Logan,2014,17946,9346,2749,328,1570,4281,0.5208,0.1532,0.2385,0.0875,0.0183
05063,Independence,2014,29372,16974,3351,941,2279,6768,0.5779,0.1141,0.2304,0.0776,0.032
05079,Lincoln,2014,11959,5094,1556,240,710,4599,0.426,0.1301,0.3846,0.0594,0.0201
05053,Grant,2014,14542,8778,1532,256,949,3283,0.6036,0.1054,0.2258,0.0653,0.0176
05035,Crittenden,2014,38353,17638,4745,1679,2543,13427,0.4599,0.1237,0.3501,0.0663,0.0438
05047,Franklin,2014,14440,8273,1807,490,1129,3231,0.5729,0.1251,0.2238,0.0782,0.0339
05045,Faulkner,2014,93930,47625,10828,1433,4609,30868,0.507,0.1153,0.3286,0.0491,0.0153
05109,Pike,2014,8989,5271,1367,179,671,1680,0.5864,0.1521,0.1869,0.0746,0.0199
05069,Jefferson,2014,60328,26260,8096,2177,4562,21410,0.4353,0.1342,0.3549,0.0756,0.0361
05089,Marion,2014,14174,8711,1884,346,1222,2357,0.6146,0.1329,0.1663,0.0862,0.0244
05097,Montgomery,2014,7815,4784,1153,267,614,1264,0.6122,0.1475,0.1617,0.0786,0.0342
05127,Scott,2014,8830,5330,1115,263,552,1833,0.6036,0.1263,0.2076,0.0625,0.0298
05129,Searcy,2014,6617,3777,912,100,665,1263,0.5708,0.1378,0.1909,0.1005,0.0151
05131,Sebastian,2014,100408,53285,14152,2868,6375,26596,0.5307,0.1409,0.2649,0.0635,0.0286
05033,Crawford,2014,48796,29185,6142,870,2951,10518,0.5981,0.1259,0.2156,0.0605,0.0178
05007,Benton,2014,178805,109726,18436,2428,8935,41708,0.6137,0.1031,0.2333,0.05,0.0136
05017,Chicot,2014,9247,4431,1100,406,864,2852,0.4792,0.119,0.3084,0.0934,0.0439
05059,Hot Spring,2014,27354,14613,4372,630,1730,6639,0.5342,0.1598,0.2427,0.0632,0.023
05071,Johnson,2014,20507,11418,3012,252,1416,4661,0.5568,0.1469,0.2273,0.069,0.0123
05077,Lee,2014,8482,3311,885,412,574,3712,0.3904,0.1043,0.4376,0.0677,0.0486
05087,Madison,2014,12668,7772,1655,183,884,2357,0.6135,0.1306,0.1861,0.0698,0.0144
05049,Fulton,2014,10214,6452,1234,85,849,1679,0.6317,0.1208,0.1644,0.0831,0.0083
05061,Howard,2014,10683,5444,1503,333,801,2935,0.5096,0.1407,0.2747,0.075,0.0312
05093,Mississippi,2014,35064,17682,4693,1315,2642,10047,0.5043,0.1338,0.2865,0.0753,0.0375
05117,Prairie,2014,7043,4027,943,148,686,1387,0.5718,0.1339,0.1969,0.0974,0.021
05139,Union,2014,32876,17570,4468,1001,2687,8151,0.5344,0.1359,0.2479,0.0817,0.0304
05023,Cleburne,2014,21539,12367,3250,422,1921,4001,0.5742,0.1509,0.1858,0.0892,0.0196
05025,Cleveland,2014,6884,4224,686,184,495,1479,0.6136,0.0997,0.2148,0.0719,0.0267
05057,Hempstead,2014,17378,8933,2281,669,1340,4824,0.514,0.1313,0.2776,0.0771,0.0385
05135,Sharp,2014,14196,8341,2002,320,1504,2349,0.5876,0.141,0.1655,0.1059,0.0225
05143,Washington,2014,166574,84032,18707,2404,8257,55578,0.5045,0.1123,0.3337,0.0496,0.0144
05003,Ashley,2014,17219,9671,2242,358,1318,3988,0.5616,0.1302,0.2316,0.0765,0.0208
05031,Craighead,2014,78985,40296,10220,1674,4877,23592,0.5102,0.1294,0.2987,0.0617,0.0212
05073,Lafayette,2014,6117,2858,880,240,583,1796,0.4672,0.1439,0.2936,0.0953,0.0392
05105,Perry,2014,8482,4942,988,142,744,1808,0.5826,0.1165,0.2132,0.0877,0.0167
05111,Poinsett,2014,19529,10032,3010,609,1876,4611,0.5137,0.1541,0.2361,0.0961,0.0312
05133,Sevier,2014,13042,7525,1496,482,1105,2916,0.577,0.1147,0.2236,0.0847,0.037
05013,Calhoun,2014,4465,2502,521,93,396,1046,0.5604,0.1167,0.2343,0.0887,0.0208
05011,Bradley,2014,9129,5279,949,350,815,2086,0.5783,0.104,0.2285,0.0893,0.0383
05075,Lawrence,2014,14006,7449,1756,271,1340,3461,0.5318,0.1254,0.2471,0.0957,0.0193
05113,Polk,2014,16470,8749,2735,251,1623,3363,0.5312,0.1661,0.2042,0.0985,0.0152
05029,Conway,2014,17074,9341,2454,456,1366,3913,0.5471,0.1437,0.2292,0.08,0.0267
05101,Newton,2014,6788,4172,846,130,521,1249,0.6146,0.1246,0.184,0.0768,0.0192
05081,Little River,2014,10466,5583,1698,334,880,2305,0.5334,0.1622,0.2202,0.0841,0.0319
05085,Lonoke,2014,54405,32422,6753,1227,3275,11955,0.5959,0.1241,0.2197,0.0602,0.0226
05091,Miller,2014,34656,17678,5046,1346,2811,9121,0.5101,0.1456,0.2632,0.0811,0.0388
05123,St. Francis,2014,22304,9692,3272,907,1634,7706,0.4345,0.1467,0.3455,0.0733,0.0407
05145,White,2014,62769,36555,6937,1404,3982,15295,0.5824,0.1105,0.2437,0.0634,0.0224
05099,Nevada,2015,7016,3897,933,217,710,1476,0.5554,0.133,0.2104,0.1012,0.0309
05037,Cross,2015,13961,7867,1653,473,1280,3161,0.5635,0.1184,0.2264,0.0917,0.0339
05039,Dallas,2015,6392,3598,593,252,616,1585,0.5629,0.0928,0.248,0.0964,0.0394
05027,Columbia,2015,19968,9907,2125,484,1509,6427,0.4961,0.1064,0.3219,0.0756,0.0242
05125,Saline,2015,91326,52527,13096,1737,5625,20078,0.5752,0.1434,0.2198,0.0616,0.019
05141,Van Buren,2015,14187,7840,2302,278,1251,2794,0.5526,0.1623,0.1969,0.0882,0.0196
05065,Izard,2015,11511,6779,1440,249,1208,2084,0.5889,0.1251,0.181,0.1049,0.0216
05063,Independence,2015,29520,16654,3693,942,2287,6886,0.5642,0.1251,0.2333,0.0775,0.0319
05079,Lincoln,2015,11965,4800,1538,351,706,4921,0.4012,0.1285,0.4113,0.059,0.0293
05083,Logan,2015,17961,9407,2648,299,1790,4116,0.5237,0.1474,0.2292,0.0997,0.0166
05053,Grant,2015,14597,8782,1612,331,908,3295,0.6016,0.1104,0.2257,0.0622,0.0227
05035,Crittenden,2015,38143,17230,4702,1845,2556,13655,0.4517,0.1233,0.358,0.067,0.0484
05047,Franklin,2015,14355,8336,1917,428,1157,2945,0.5807,0.1335,0.2052,0.0806,0.0298
05045,Faulkner,2015,95391,48098,11239,1386,4724,31330,0.5042,0.1178,0.3284,0.0495,0.0145
05109,Pike,2015,8954,5271,1296,173,714,1673,0.5887,0.1447,0.1868,0.0797,0.0193
05069,Jefferson,2015,59520,25770,7800,1985,4484,21466,0.433,0.131,0.3607,0.0753,0.0334
05089,Marion,2015,14113,8557,1849,345,1196,2511,0.6063,0.131,0.1779,0.0847,0.0244
05097,Montgomery,2015,7784,4940,1058,282,578,1208,0.6346,0.1359,0.1552,0.0743,0.0362
05127,Scott,2015,8730,5233,1172,273,541,1784,0.5994,0.1342,0.2044,0.062,0.0313
05129,Searcy,2015,6590,3894,874,108,572,1250,0.5909,0.1326,0.1897,0.0868,0.0164
05131,Sebastian,2015,101035,53640,14249,2836,6381,26765,0.5309,0.141,0.2649,0.0632,0.0281
05033,Crawford,2015,48917,29196,6273,820,3453,9995,0.5968,0.1282,0.2043,0.0706,0.0168
05007,Benton,2015,183561,112118,19440,2235,9598,42405,0.6108,0.1059,0.231,0.0523,0.0122
05017,Chicot,2015,9146,4426,1142,323,845,2733,0.4839,0.1249,0.2988,0.0924,0.0353
05059,Hot Spring,2015,27442,14998,4021,535,1804,6619,0.5465,0.1465,0.2412,0.0657,0.0195
05071,Johnson,2015,20616,11557,3025,299,1313,4721,0.5606,0.1467,0.229,0.0637,0.0145
05077,Lee,2015,8355,3235,994,359,597,3529,0.3872,0.119,0.4224,0.0715,0.043
05087,Madison,2015,12701,8063,1652,157,786,2200,0.6348,0.1301,0.1732,0.0619,0.0124
05049,Fulton,2015,10222,6450,1239,94,888,1645,0.631,0.1212,0.1609,0.0869,0.0092
05061,Howard,2015,10592,5387,1432,300,854,2919,0.5086,0.1352,0.2756,0.0806,0.0283
05093,Mississippi,2015,34767,17263,4674,1326,2584,10246,0.4965,0.1344,0.2947,0.0743,0.0381
05117,Prairie,2015,6991,4104,889,151,668,1330,0.587,0.1272,0.1902,0.0956,0.0216
05139,Union,2015,32614,17489,4377,929,2646,8102,0.5362,0.1342,0.2484,0.0811,0.0285
05023,Cleburne,2015,21485,12614,3041,360,1895,3935,0.5871,0.1415,0.1832,0.0882,0.0168
05025,Cleveland,2015,6885,4170,779,160,503,1433,0.6057,0.1131,0.2081,0.0731,0.0232
05057,Hempstead,2015,17353,8636,2488,778,1394,4835,0.4977,0.1434,0.2786,0.0803,0.0448
05135,Sharp,2015,14136,8003,2078,390,1581,2474,0.5661,0.147,0.175,0.1118,0.0276
05143,Washington,2015,170100,85674,18892,2248,8183,57351,0.5037,0.1111,0.3372,0.0481,0.0132
05003,Ashley,2015,17071,9491,2278,447,1280,4022,0.556,0.1334,0.2356,0.075,0.0262
05031,Craighead,2015,80263,40590,10511,1634,5101,24061,0.5057,0.131,0.2998,0.0636,0.0204
05073,Lafayette,2015,6045,2699,950,188,593,1803,0.4465,0.1572,0.2983,0.0981,0.0311
05105,Perry,2015,8460,4775,1104,177,712,1869,0.5644,0.1305,0.2209,0.0842,0.0209
05111,Poinsett,2015,19460,9976,3096,648,1709,4679,0.5126,0.1591,0.2404,0.0878,0.0333
05133,Sevier,2015,13047,7331,1301,377,1113,3302,0.5619,0.0997,0.2531,0.0853,0.0289
05013,Calhoun,2015,4409,2530,511,75,366,1002,0.5738,0.1159,0.2273,0.083,0.017
05011,Bradley,2015,8951,4998,1076,377,786,2091,0.5584,0.1202,0.2336,0.0878,0.0421
05075,Lawrence,2015,13889,7138,2143,351,1306,3302,0.5139,0.1543,0.2377,0.094,0.0253
05113,Polk,2015,16450,8745,2759,298,1603,3343,0.5316,0.1677,0.2032,0.0974,0.0181
05029,Conway,2015,17070,9617,2190,358,1366,3897,0.5634,0.1283,0.2283,0.08,0.021
05101,Newton,2015,6745,3913,958,89,571,1303,0.5801,0.142,0.1932,0.0847,0.0132
05081,Little River,2015,10384,5423,1593,324,949,2419,0.5222,0.1534,0.233,0.0914,0.0312
05085,Lonoke,2015,55058,33144,6684,1025,3325,11905,0.602,0.1214,0.2162,0.0604,0.0186
05091,Miller,2015,34789,17278,5322,1393,2728,9461,0.4967,0.153,0.272,0.0784,0.04
05123,St. Francis,2015,22160,9236,3423,955,1662,7839,0.4168,0.1545,0.3537,0.075,0.0431
05145,White,2015,63083,35544,7215,1610,3983,16341,0.5634,0.1144,0.259,0.0631,0.0255
05021,Clay,2015,12782,6812,1921,124,1311,2738,0.5329,0.1503,0.2142,0.1026,0.0097
05043,Drew,2015,15256,8003,1172,264,971,5110,0.5246,0.0768,0.335,0.0636,0.0173
05121,Randolph,2015,14422,8417,2136,289,1238,2631,0.5836,0.1481,0.1824,0.0858,0.02
05009,Boone,2015,30249,17823,4289,363,2188,5949,0.5892,0.1418,0.1967,0.0723,0.012
05041,Desha,2015,9723,4713,1225,417,982,2803,0.4847,0.126,0.2883,0.101,0.0429
05051,Garland,2015,80292,42746,12661,1871,6724,18161,0.5324,0.1577,0.2262,0.0837,0.0233
05115,Pope,2015,50613,26768,6242,684,3017,14586,0.5289,0.1233,0.2882,0.0596,0.0135
05147,Woodruff,2015,5737,2685,890,271,644,1518,0.468,0.1551,0.2646,0.1123,0.0472
05067,Jackson,2015,14628,6565,2566,494,1644,3853,0.4488,0.1754,0.2634,0.1124,0.0338
05137,Stone,2015,10377,5904,1354,160,1092,2027,0.569,0.1305,0.1953,0.1052,0.0154
05005,Baxter,2015,35127,20643,4932,442,3439,6113,0.5877,0.1404,0.174,0.0979,0.0126
05055,Greene,2015,34583,19294,5170,925,2451,7668,0.5579,0.1495,0.2217,0.0709,0.0267
05107,Phillips,2015,15792,6524,2092,893,1434,5742,0.4131,0.1325,0.3636,0.0908,0.0565
05149,Yell,2015,17285,9597,2088,411,1349,4251,0.5552,0.1208,0.2459,0.078,0.0238
05019,Clark,2015,19104,8491,1668,266,1381,7564,0.4445,0.0873,0.3959,0.0723,0.0139
05095,Monroe,2015,6333,3005,694,299,716,1918,0.4745,0.1096,0.3029,0.1131,0.0472
05103,Ouachita,2015,20255,10349,2584,581,2042,5280,0.5109,0.1276,0.2607,0.1008,0.0287
05001,Arkansas,2015,15135,7926,2135,391,1294,3780,0.5237,0.1411,0.2498,0.0855,0.0258
05015,Carroll,2015,22511,13046,3143,411,1831,4491,0.5795,0.1396,0.1995,0.0813,0.0183
05119,Pulaski,2015,312203,143826,42808,7983,18292,107277,0.4607,0.1371,0.3436,0.0586,0.0256
05021,Clay,2016,12618,6535,1870,164,1338,2875,0.5179,0.1482,0.2278,0.106,0.013
05043,Drew,2016,15238,7790,1234,296,1019,5195,0.5112,0.081,0.3409,0.0669,0.0194
05121,Randolph,2016,14368,8268,2117,288,1158,2825,0.5754,0.1473,0.1966,0.0806,0.02
05009,Boone,2016,30444,17785,4201,562,2117,6341,0.5842,0.138,0.2083,0.0695,0.0185
05041,Desha,2016,9660,4547,1210,370,943,2960,0.4707,0.1253,0.3064,0.0976,0.0383
05051,Garland,2016,80494,42302,12676,1756,6526,18990,0.5255,0.1575,0.2359,0.0811,0.0218
05115,Pope,2016,50931,25870,6716,797,3047,15298,0.5079,0.1319,0.3004,0.0598,0.0156
05147,Woodruff,2016,5629,2753,821,266,694,1361,0.4891,0.1459,0.2418,0.1233,0.0473
05067,Jackson,2016,14492,6324,2718,493,1548,3902,0.4364,0.1876,0.2693,0.1068,0.034
05137,Stone,2016,10450,6109,1443,192,989,1909,0.5846,0.1381,0.1827,0.0946,0.0184
05005,Baxter,2016,35017,20732,4742,422,3526,6017,0.5921,0.1354,0.1718,0.1007,0.0121
05055,Greene,2016,34918,19724,5248,903,2230,7716,0.5649,0.1503,0.221,0.0639,0.0259
05107,Phillips,2016,15488,6500,2003,833,1347,5638,0.4197,0.1293,0.364,0.087,0.0538
05149,Yell,2016,17233,9641,1993,513,1376,4223,0.5594,0.1157,0.2451,0.0798,0.0298
05019,Clark,2016,19036,8599,1631,281,1355,7451,0.4517,0.0857,0.3914,0.0712,0.0148
05095,Monroe,2016,6233,2935,773,245,673,1852,0.4709,0.124,0.2971,0.108,0.0393
05103,Ouachita,2016,20010,9901,2507,635,1993,5609,0.4948,0.1253,0.2803,0.0996,0.0317
05001,Arkansas,2016,15024,7735,1994,452,1208,4087,0.5148,0.1327,0.272,0.0804,0.0301
05015,Carroll,2016,22631,12797,3226,408,1894,4714,0.5655,0.1425,0.2083,0.0837,0.018
05119,Pulaski,2016,313614,143597,43205,8030,18624,108188,0.4579,0.1378,0.345,0.0594,0.0256
05099,Nevada,2016,7038,3644,1035,214,690,1669,0.5178,0.1471,0.2371,0.098,0.0304
05037,Cross,2016,13854,7723,1576,410,1332,3223,0.5575,0.1138,0.2326,0.0961,0.0296
05039,Dallas,2016,6328,3461,620,291,628,1619,0.5469,0.098,0.2558,0.0992,0.046
05027,Columbia,2016,19897,9823,1993,444,1563,6518,0.4937,0.1002,0.3276,0.0786,0.0223
05125,Saline,2016,92899,53416,12786,1984,5954,20743,0.575,0.1376,0.2233,0.0641,0.0214
05141,Van Buren,2016,14104,7865,2286,207,1274,2679,0.5576,0.1621,0.1899,0.0903,0.0147
05065,Izard,2016,11490,6508,1460,188,1215,2307,0.5664,0.1271,0.2008,0.1057,0.0164
05063,Independence,2016,29648,16542,3956,918,2227,6923,0.5579,0.1334,0.2335,0.0751,0.031
05079,Lincoln,2016,11887,5063,1519,355,661,4644,0.4259,0.1278,0.3907,0.0556,0.0299
05083,Logan,2016,17936,9583,2455,261,1753,4145,0.5343,0.1369,0.2311,0.0977,0.0146
05053,Grant,2016,14599,8577,1807,370,927,3288,0.5875,0.1238,0.2252,0.0635,0.0253
05035,Crittenden,2016,37943,17161,4944,1729,2585,13253,0.4523,0.1303,0.3493,0.0681,0.0456
05047,Franklin,2016,14321,8067,2047,344,1197,3010,0.5633,0.1429,0.2102,0.0836,0.024
05045,Faulkner,2016,96554,48487,11387,1605,5004,31676,0.5022,0.1179,0.3281,0.0518,0.0166
05109,Pike,2016,8930,5298,1275,127,728,1629,0.5933,0.1428,0.1824,0.0815,0.0142
05069,Jefferson,2016,58623,25509,7436,2158,4469,21209,0.4351,0.1268,0.3618,0.0762,0.0368
05089,Marion,2016,14007,8473,1852,457,1133,2549,0.6049,0.1322,0.182,0.0809,0.0326
05097,Montgomery,2016,7703,4901,990,259,560,1252,0.6362,0.1285,0.1625,0.0727,0.0336
05127,Scott,2016,8566,4891,1290,310,597,1788,0.571,0.1506,0.2087,0.0697,0.0362
05129,Searcy,2016,6630,4106,827,129,523,1174,0.6193,0.1247,0.1771,0.0789,0.0195
05131,Sebastian,2016,101363,53221,14400,2687,6366,27376,0.5251,0.1421,0.2701,0.0628,0.0265
05033,Crawford,2016,49171,29671,5926,818,3294,10280,0.6034,0.1205,0.2091,0.067,0.0166
05007,Benton,2016,189252,114301,20044,2580,10082,44825,0.604,0.1059,0.2369,0.0533,0.0136
05017,Chicot,2016,9033,4175,1143,325,810,2905,0.4622,0.1265,0.3216,0.0897,0.036
05059,Hot Spring,2016,27631,15367,3915,584,1799,6550,0.5562,0.1417,0.2371,0.0651,0.0211
05071,Johnson,2016,20698,11827,2961,455,1273,4637,0.5714,0.1431,0.224,0.0615,0.022
05077,Lee,2016,8191,3381,942,332,560,3308,0.4128,0.115,0.4039,0.0684,0.0405
05087,Madison,2016,12727,7931,1622,218,882,2292,0.6232,0.1274,0.1801,0.0693,0.0171
05049,Fulton,2016,10168,6425,1107,75,914,1722,0.6319,0.1089,0.1694,0.0899,0.0074
05061,Howard,2016,10583,5345,1418,348,847,2973,0.5051,0.134,0.2809,0.08,0.0329
05093,Mississippi,2016,34326,16355,5031,1293,2576,10364,0.4765,0.1466,0.3019,0.075,0.0377
05117,Prairie,2016,6922,3849,972,154,697,1404,0.5561,0.1404,0.2028,0.1007,0.0222
05139,Union,2016,32302,16866,4551,731,2598,8287,0.5221,0.1409,0.2565,0.0804,0.0226
05023,Cleburne,2016,21407,12520,3241,450,1972,3674,0.5849,0.1514,0.1716,0.0921,0.021
05025,Cleveland,2016,6884,4007,834,159,529,1514,0.5821,0.1212,0.2199,0.0768,0.0231
05057,Hempstead,2016,17265,8459,2572,694,1437,4797,0.49,0.149,0.2778,0.0832,0.0402
05135,Sharp,2016,14105,7694,2308,347,1498,2605,0.5455,0.1636,0.1847,0.1062,0.0246
05143,Washington,2016,173312,87081,18619,2180,8409,59203,0.5025,0.1074,0.3416,0.0485,0.0126
05003,Ashley,2016,16909,9903,1902,424,1300,3804,0.5857,0.1125,0.225,0.0769,0.0251
05031,Craighead,2016,81453,40348,11347,1787,5142,24616,0.4954,0.1393,0.3022,0.0631,0.0219
05073,Lafayette,2016,5962,2615,948,180,666,1733,0.4386,0.159,0.2907,0.1117,0.0302
05105,Perry,2016,8430,4831,1128,162,659,1812,0.5731,0.1338,0.2149,0.0782,0.0192
05111,Poinsett,2016,19445,9934,2953,592,1721,4837,0.5109,0.1519,0.2488,0.0885,0.0304
05133,Sevier,2016,13008,7283,1535,385,1013,3177,0.5599,0.118,0.2442,0.0779,0.0296
05013,Calhoun,2016,4360,2322,541,55,385,1112,0.5326,0.1241,0.255,0.0883,0.0126
05011,Bradley,2016,8901,4661,1019,375,829,2392,0.5236,0.1145,0.2687,0.0931,0.0421
05075,Lawrence,2016,13832,7316,2057,350,1246,3213,0.5289,0.1487,0.2323,0.0901,0.0253
05113,Polk,2016,16409,8761,2729,328,1615,3304,0.5339,0.1663,0.2014,0.0984,0.02
05029,Conway,2016,17032,9631,2088,360,1415,3898,0.5655,0.1226,0.2289,0.0831,0.0211
05101,Newton,2016,6707,3955,886,73,559,1307,0.5897,0.1321,0.1949,0.0833,0.0109
05081,Little River,2016,10332,5445,1552,361,966,2369,0.527,0.1502,0.2293,0.0935,0.0349
05085,Lonoke,2016,55696,32548,7247,1014,3615,12286,0.5844,0.1301,0.2206,0.0649,0.0182
05091,Miller,2016,34837,17132,5269,1269,2706,9730,0.4918,0.1512,0.2793,0.0777,0.0364
05123,St. Francis,2016,22035,9335,3441,962,1648,7611,0.4236,0.1562,0.3454,0.0748,0.0437
05145,White,2016,63302,34708,7706,1637,3984,16904,0.5483,0.1217,0.267,0.0629,0.0259
05099,Nevada,2017,6866,3752,944,133,635,1535,0.5465,0.1375,0.2236,0.0925,0.0194
05021,Clay,2017,12487,6332,1734,261,1384,3037,0.5071,0.1389,0.2432,0.1108,0.0209
05037,Cross,2017,13778,7566,1570,357,1324,3318,0.5491,0.1139,0.2408,0.0961,0.0259
05039,Dallas,2017,6235,3357,716,242,655,1507,0.5384,0.1148,0.2417,0.1051,0.0388
05043,Drew,2017,15253,7340,1655,404,1092,5166,0.4812,0.1085,0.3387,0.0716,0.0265
05027,Columbia,2017,19833,9342,2015,559,1550,6926,0.471,0.1016,0.3492,0.0782,0.0282
05121,Randolph,2017,14236,7949,2103,295,1295,2889,0.5584,0.1477,0.2029,0.091,0.0207
05125,Saline,2017,93392,53309,13276,2047,5812,20995,0.5708,0.1422,0.2248,0.0622,0.0219
05141,Van Buren,2017,14002,7996,2208,320,1245,2553,0.5711,0.1577,0.1823,0.0889,0.0229
05009,Boone,2017,30242,17896,3896,638,2103,6347,0.5918,0.1288,0.2099,0.0695,0.0211
05065,Izard,2017,11545,6332,1537,226,1159,2517,0.5485,0.1331,0.218,0.1004,0.0196
05063,Independence,2017,29733,16502,4111,832,2324,6796,0.555,0.1383,0.2286,0.0782,0.028
05079,Lincoln,2017,11875,5114,1553,352,706,4502,0.4307,0.1308,0.3791,0.0595,0.0296
05083,Logan,2017,17819,9526,2571,292,1543,4179,0.5346,0.1443,0.2345,0.0866,0.0164
05053,Grant,2017,14665,8698,1965,399,859,3143,0.5931,0.134,0.2143,0.0586,0.0272
05035,Crittenden,2017,37904,17137,4713,1756,2683,13371,0.4521,0.1243,0.3528,0.0708,0.0463
05047,Franklin,2017,14431,8108,1962,427,1270,3091,0.5618,0.136,0.2142,0.088,0.0296
05045,Faulkner,2017,97501,48381,11573,1784,5379,32168,0.4962,0.1187,0.3299,0.0552,0.0183
05109,Pike,2017,8884,5221,1189,137,816,1658,0.5877,0.1338,0.1866,0.0919,0.0154
05069,Jefferson,2017,58039,25575,7319,2122,4414,20731,0.4407,0.1261,0.3572,0.0761,0.0366
05089,Marion,2017,13943,8266,2010,320,1198,2469,0.5928,0.1442,0.1771,0.0859,0.023
05097,Montgomery,2017,7694,4865,942,222,651,1236,0.6323,0.1224,0.1606,0.0846,0.0289
05127,Scott,2017,8446,4889,1263,366,598,1696,0.5789,0.1495,0.2008,0.0708,0.0433
05129,Searcy,2017,6624,4229,811,138,448,1136,0.6384,0.1224,0.1715,0.0676,0.0208
05131,Sebastian,2017,101595,53083,14861,2676,6557,27094,0.5225,0.1463,0.2667,0.0645,0.0263
05033,Crawford,2017,49393,30198,5679,996,3472,10044,0.6114,0.115,0.2033,0.0703,0.0202
05007,Benton,2017,194838,117752,21060,2504,9673,46353,0.6044,0.1081,0.2379,0.0496,0.0129
05017,Chicot,2017,8939,4157,1110,327,787,2885,0.465,0.1242,0.3227,0.088,0.0366
05059,Hot Spring,2017,27698,15477,4080,611,1865,6276,0.5588,0.1473,0.2266,0.0673,0.0221
05071,Johnson,2017,20768,11621,2963,418,1422,4762,0.5596,0.1427,0.2293,0.0685,0.0201
05077,Lee,2017,8090,3499,1038,385,555,2998,0.4325,0.1283,0.3706,0.0686,0.0476
05087,Madison,2017,12860,7874,1727,195,878,2381,0.6123,0.1343,0.1851,0.0683,0.0152
05041,Desha,2017,9537,4702,1073,365,869,2893,0.493,0.1125,0.3033,0.0911,0.0383
05049,Fulton,2017,10091,6103,1235,90,965,1788,0.6048,0.1224,0.1772,0.0956,0.0089
05061,Howard,2017,10531,5476,1415,351,814,2826,0.52,0.1344,0.2684,0.0773,0.0333
05051,Garland,2017,81546,41738,12974,1852,6713,20121,0.5118,0.1591,0.2467,0.0823,0.0227
05093,Mississippi,2017,33985,16174,4733,1264,2553,10525,0.4759,0.1393,0.3097,0.0751,0.0372
05115,Pope,2017,51201,25337,6799,853,3167,15898,0.4949,0.1328,0.3105,0.0619,0.0167
05117,Prairie,2017,6905,3821,910,127,779,1395,0.5534,0.1318,0.202,0.1128,0.0184
05139,Union,2017,32026,15971,4536,535,2628,8891,0.4987,0.1416,0.2776,0.0821,0.0167
05147,Woodruff,2017,5540,2739,801,351,704,1296,0.4944,0.1446,0.2339,0.1271,0.0634
05023,Cleburne,2017,21357,12452,3130,469,2145,3630,0.583,0.1466,0.17,0.1004,0.022
05025,Cleveland,2017,6824,3971,694,170,523,1636,0.5819,0.1017,0.2397,0.0766,0.0249
05067,Jackson,2017,14437,6437,2718,499,1470,3812,0.4459,0.1883,0.264,0.1018,0.0346
05057,Hempstead,2017,17305,8786,2311,683,1506,4702,0.5077,0.1335,0.2717,0.087,0.0395
05135,Sharp,2017,14080,8054,2091,460,1433,2502,0.572,0.1485,0.1777,0.1018,0.0327
05137,Stone,2017,10459,6063,1500,237,985,1911,0.5797,0.1434,0.1827,0.0942,0.0227
05143,Washington,2017,176662,88567,18965,2193,8390,60740,0.5013,0.1074,0.3438,0.0475,0.0124
05005,Baxter,2017,35111,20889,4691,472,3546,5985,0.5949,0.1336,0.1705,0.101,0.0134
05003,Ashley,2017,16763,9488,1978,437,1453,3844,0.566,0.118,0.2293,0.0867,0.0261
05031,Craighead,2017,82618,41271,11412,1819,5055,24880,0.4995,0.1381,0.3011,0.0612,0.022
05055,Greene,2017,35320,20493,4925,1003,2189,7713,0.5802,0.1394,0.2184,0.062,0.0284
05073,Lafayette,2017,5939,2729,987,153,633,1590,0.4595,0.1662,0.2677,0.1066,0.0258
05105,Perry,2017,8432,4843,1119,120,642,1828,0.5744,0.1327,0.2168,0.0761,0.0142
05107,Phillips,2017,15252,6466,1908,736,1283,5595,0.4239,0.1251,0.3668,0.0841,0.0483
05111,Poinsett,2017,19391,10114,2886,495,1584,4807,0.5216,0.1488,0.2479,0.0817,0.0255
05133,Sevier,2017,12995,7140,1530,367,1040,3285,0.5494,0.1177,0.2528,0.08,0.0282
05149,Yell,2017,17220,9160,2076,440,1428,4556,0.5319,0.1206,0.2646,0.0829,0.0256
05013,Calhoun,2017,4353,2377,596,68,327,1053,0.5461,0.1369,0.2419,0.0751,0.0156
05019,Clark,2017,18912,8746,1499,248,1252,7415,0.4625,0.0793,0.3921,0.0662,0.0131
05011,Bradley,2017,8798,4691,916,345,795,2396,0.5332,0.1041,0.2723,0.0904,0.0392
05075,Lawrence,2017,13719,7589,1975,348,1158,2997,0.5532,0.144,0.2185,0.0844,0.0254
05095,Monroe,2017,6152,2771,773,265,694,1914,0.4504,0.1257,0.3111,0.1128,0.0431
05113,Polk,2017,16400,9038,2548,279,1423,3391,0.5511,0.1554,0.2068,0.0868,0.017
05029,Conway,2017,16965,9368,2029,393,1487,4081,0.5522,0.1196,0.2406,0.0877,0.0232
05103,Ouachita,2017,19734,9543,2753,682,1918,5520,0.4836,0.1395,0.2797,0.0972,0.0346
05101,Newton,2017,6623,3904,884,75,544,1291,0.5895,0.1335,0.1949,0.0821,0.0113
05001,Arkansas,2017,14955,7644,2101,522,1187,4023,0.5111,0.1405,0.269,0.0794,0.0349
05081,Little River,2017,10253,5481,1372,434,870,2530,0.5346,0.1338,0.2468,0.0849,0.0423
05085,Lonoke,2017,55961,32563,7527,1098,3569,12302,0.5819,0.1345,0.2198,0.0638,0.0196
05015,Carroll,2017,22666,12719,3216,370,1866,4865,0.5611,0.1419,0.2146,0.0823,0.0163
05091,Miller,2017,35066,17893,4906,1218,2587,9680,0.5103,0.1399,0.2761,0.0738,0.0347
05123,St. Francis,2017,21787,9188,3244,848,1632,7723,0.4217,0.1489,0.3545,0.0749,0.0389
05119,Pulaski,2017,315010,144612,43391,8203,18919,108088,0.4591,0.1377,0.3431,0.0601,0.026
05145,White,2017,63235,35153,7431,1794,3927,16724,0.5559,0.1175,0.2645,0.0621,0.0284
05099,Nevada,2018,6851,3299,1045,152,756,1751,0.4815,0.1525,0.2556,0.1103,0.0222
05037,Cross,2018,13630,7577,1736,479,1149,3168,0.5559,0.1274,0.2324,0.0843,0.0351
05039,Dallas,2018,6150,2965,746,217,689,1750,0.4821,0.1213,0.2846,0.112,0.0353
05027,Columbia,2018,19733,8963,1995,483,1688,7087,0.4542,0.1011,0.3591,0.0855,0.0245
05125,Saline,2018,95051,54064,13358,1714,5966,21663,0.5688,0.1405,0.2279,0.0628,0.018
05141,Van Buren,2018,13929,8245,2045,326,1154,2485,0.5919,0.1468,0.1784,0.0828,0.0234
05065,Izard,2018,11508,6493,1445,257,1085,2485,0.5642,0.1256,0.2159,0.0943,0.0223
05063,Independence,2018,29850,16454,4088,642,2339,6969,0.5512,0.137,0.2335,0.0784,0.0215
05083,Logan,2018,17842,9780,2499,343,1520,4043,0.5481,0.1401,0.2266,0.0852,0.0192
05053,Grant,2018,14736,8518,1980,409,919,3319,0.578,0.1344,0.2252,0.0624,0.0278
05047,Franklin,2018,14450,8277,1868,248,1289,3016,0.5728,0.1293,0.2087,0.0892,0.0172
05109,Pike,2018,8868,5235,1047,151,829,1757,0.5903,0.1181,0.1981,0.0935,0.017
05069,Jefferson,2018,57465,24879,7644,1891,4353,20589,0.4329,0.133,0.3583,0.0758,0.0329
05097,Montgomery,2018,7646,4645,1088,152,679,1234,0.6075,0.1423,0.1614,0.0888,0.0199
05127,Scott,2018,8147,4782,1216,286,596,1553,0.587,0.1493,0.1906,0.0732,0.0351
05131,Sebastian,2018,101842,53054,14563,2513,6440,27785,0.5209,0.143,0.2728,0.0632,0.0247
05033,Crawford,2018,49744,29544,5855,1131,3714,10631,0.5939,0.1177,0.2137,0.0747,0.0227
05017,Chicot,2018,8769,4051,1020,223,787,2911,0.462,0.1163,0.332,0.0897,0.0254
05071,Johnson,2018,20952,11641,2880,548,1378,5053,0.5556,0.1375,0.2412,0.0658,0.0262
05077,Lee,2018,7948,3374,987,318,458,3129,0.4245,0.1242,0.3937,0.0576,0.04
05073,Lafayette,2018,5823,2796,1001,141,609,1417,0.4802,0.1719,0.2433,0.1046,0.0242
05107,Phillips,2018,14921,6458,1989,751,1284,5190,0.4328,0.1333,0.3478,0.0861,0.0503
05149,Yell,2018,17174,9243,2178,494,1367,4386,0.5382,0.1268,0.2554,0.0796,0.0288
05011,Bradley,2018,8761,4803,974,319,679,2305,0.5482,0.1112,0.2631,0.0775,0.0364
05113,Polk,2018,16373,9143,2462,277,1319,3449,0.5584,0.1504,0.2107,0.0806,0.0169
05103,Ouachita,2018,19547,9759,2702,726,1813,5273,0.4993,0.1382,0.2698,0.0928,0.0371
05081,Little River,2018,10151,5469,1433,390,869,2380,0.5388,0.1412,0.2345,0.0856,0.0384
05091,Miller,2018,35134,17116,5145,1357,2623,10250,0.4872,0.1464,0.2917,0.0747,0.0386
05145,White,2018,63429,35125,7455,1768,4309,16540,0.5538,0.1175,0.2608,0.0679,0.0279
05041,Desha,2018,9361,4835,874,383,695,2957,0.5165,0.0934,0.3159,0.0742,0.0409
05049,Fulton,2018,10116,5838,1453,99,1070,1755,0.5771,0.1436,0.1735,0.1058,0.0098
05061,Howard,2018,10516,5559,1404,312,884,2669,0.5286,0.1335,0.2538,0.0841,0.0297
05051,Garland,2018,81806,41751,12683,2071,6608,20764,0.5104,0.155,0.2538,0.0808,0.0253
05093,Mississippi,2018,33427,15968,4671,1231,2390,10398,0.4777,0.1397,0.3111,0.0715,0.0368
05115,Pope,2018,51359,25445,6930,930,3144,15840,0.4954,0.1349,0.3084,0.0612,0.0181
05117,Prairie,2018,6860,3903,853,114,680,1424,0.569,0.1243,0.2076,0.0991,0.0166
05139,Union,2018,31746,16113,4404,539,2416,8813,0.5076,0.1387,0.2776,0.0761,0.017
05147,Woodruff,2018,5430,2829,672,258,675,1254,0.521,0.1238,0.2309,0.1243,0.0475
05023,Cleburne,2018,21302,12819,2957,441,2156,3370,0.6018,0.1388,0.1582,0.1012,0.0207
05025,Cleveland,2018,6689,3866,792,164,484,1547,0.578,0.1184,0.2313,0.0724,0.0245
05067,Jackson,2018,14289,6446,2459,566,1421,3963,0.4511,0.1721,0.2773,0.0994,0.0396
05057,Hempstead,2018,17211,8814,2278,680,1462,4657,0.5121,0.1324,0.2706,0.0849,0.0395
05135,Sharp,2018,14099,7649,2276,498,1417,2757,0.5425,0.1614,0.1955,0.1005,0.0353
05137,Stone,2018,10500,6162,1584,224,1034,1720,0.5869,0.1509,0.1638,0.0985,0.0213
05143,Washington,2018,180910,89939,19553,2331,8562,62856,0.4971,0.1081,0.3474,0.0473,0.0129
05005,Baxter,2018,35283,21015,4778,557,3476,6014,0.5956,0.1354,0.1705,0.0985,0.0158
05003,Ashley,2018,16532,9326,1932,455,1398,3876,0.5641,0.1169,0.2345,0.0846,0.0275
05031,Craighead,2018,83834,40467,12126,1814,5210,26031,0.4827,0.1446,0.3105,0.0621,0.0216
05055,Greene,2018,35532,20535,4957,1199,2354,7686,0.5779,0.1395,0.2163,0.0663,0.0337
05105,Perry,2018,8455,4648,1361,110,601,1845,0.5497,0.161,0.2182,0.0711,0.013
05111,Poinsett,2018,19324,10151,2876,531,1508,4789,0.5253,0.1488,0.2478,0.078,0.0275
05133,Sevier,2018,13051,7251,1357,265,1003,3440,0.5556,0.104,0.2636,0.0769,0.0203
05013,Calhoun,2018,4355,2176,685,74,338,1156,0.4997,0.1573,0.2654,0.0776,0.017
05019,Clark,2018,18847,8600,1596,380,1204,7447,0.4563,0.0847,0.3951,0.0639,0.0202
05075,Lawrence,2018,13644,7424,2022,302,1165,3033,0.5441,0.1482,0.2223,0.0854,0.0221
05095,Monroe,2018,6029,2727,722,236,684,1896,0.4523,0.1198,0.3145,0.1135,0.0391
05029,Conway,2018,16943,9455,1924,380,1469,4095,0.558,0.1136,0.2417,0.0867,0.0224
05101,Newton,2018,6604,3814,817,128,543,1430,0.5775,0.1237,0.2165,0.0822,0.0194
05001,Arkansas,2018,14726,7501,2199,500,1125,3901,0.5094,0.1493,0.2649,0.0764,0.034
05085,Lonoke,2018,56656,33372,7284,1281,3326,12674,0.589,0.1286,0.2237,0.0587,0.0226
05015,Carroll,2018,22844,13340,2862,476,1732,4910,0.584,0.1253,0.2149,0.0758,0.0208
05123,St. Francis,2018,21525,8740,3438,763,1475,7872,0.406,0.1597,0.3657,0.0685,0.0354
05119,Pulaski,2018,315958,144140,43963,8161,19620,108235,0.4562,0.1391,0.3426,0.0621,0.0258
05021,Clay,2018,12334,6566,1576,336,1309,2883,0.5323,0.1278,0.2337,0.1061,0.0272
05043,Drew,2018,15192,7489,1690,380,1043,4970,0.493,0.1112,0.3271,0.0687,0.025
05121,Randolph,2018,14340,8008,2079,410,1272,2981,0.5584,0.145,0.2079,0.0887,0.0286
05009,Boone,2018,30231,17721,3961,649,2236,6313,0.5862,0.131,0.2088,0.074,0.0215
05079,Lincoln,2018,11768,5285,1622,319,604,4257,0.4491,0.1378,0.3617,0.0513,0.0271
05035,Crittenden,2018,37876,16670,4859,1563,2785,13562,0.4401,0.1283,0.3581,0.0735,0.0413
05045,Faulkner,2018,98536,48717,11730,1783,5265,32824,0.4944,0.119,0.3331,0.0534,0.0181
05089,Marion,2018,13907,8023,2192,302,1187,2505,0.5769,0.1576,0.1801,0.0854,0.0217
05129,Searcy,2018,6620,4093,823,187,512,1192,0.6183,0.1243,0.1801,0.0773,0.0282
05007,Benton,2018,200993,120701,20604,2598,10260,49428,0.6005,0.1025,0.2459,0.051,0.0129
05059,Hot Spring,2018,27744,15712,3839,611,1864,6329,0.5663,0.1384,0.2281,0.0672,0.022
05087,Madison,2018,13053,7761,1558,189,1053,2681,0.5946,0.1194,0.2054,0.0807,0.0145
05041,Desha,2019,9232,4893,776,336,805,2758,0.53,0.0841,0.2987,0.0872,0.0364
05049,Fulton,2019,10183,5649,1663,115,1201,1670,0.5547,0.1633,0.164,0.1179,0.0113
05061,Howard,2019,10533,5354,1399,220,992,2788,0.5083,0.1328,0.2647,0.0942,0.0209
05051,Garland,2019,82173,41520,13033,1902,6913,20707,0.5053,0.1586,0.252,0.0841,0.0231
05093,Mississippi,2019,32986,14814,4752,1055,2430,10990,0.4491,0.1441,0.3332,0.0737,0.032
05115,Pope,2019,51465,25140,7006,1096,3258,16061,0.4885,0.1361,0.3121,0.0633,0.0213
05117,Prairie,2019,6828,3970,882,127,675,1301,0.5814,0.1292,0.1905,0.0989,0.0186
05139,Union,2019,31474,16050,4281,689,2330,8813,0.5099,0.136,0.28,0.074,0.0219
05147,Woodruff,2019,5328,2859,710,262,561,1198,0.5366,0.1333,0.2248,0.1053,0.0492
05023,Cleburne,2019,21155,12890,3071,348,1957,3237,0.6093,0.1452,0.153,0.0925,0.0165
05025,Cleveland,2019,6621,3669,821,112,603,1528,0.5541,0.124,0.2308,0.0911,0.0169
05067,Jackson,2019,14163,6405,2406,557,1363,3989,0.4522,0.1699,0.2816,0.0962,0.0393
05057,Hempstead,2019,17114,8840,2329,555,1394,4551,0.5165,0.1361,0.2659,0.0815,0.0324
05135,Sharp,2019,14211,7524,2391,533,1477,2819,0.5294,0.1682,0.1984,0.1039,0.0375
05137,Stone,2019,10546,6029,1732,321,985,1800,0.5717,0.1642,0.1707,0.0934,0.0304
05143,Washington,2019,184404,90838,19633,2300,8848,65085,0.4926,0.1065,0.3529,0.048,0.0125
05005,Baxter,2019,35549,21337,4641,533,3599,5972,0.6002,0.1306,0.168,0.1012,0.015
05003,Ashley,2019,16284,9607,1781,362,1348,3548,0.59,0.1094,0.2179,0.0828,0.0222
05031,Craighead,2019,84925,41299,11656,1741,5675,26295,0.4863,0.1373,0.3096,0.0668,0.0205
05055,Greene,2019,35821,20520,5178,1092,2463,7660,0.5728,0.1446,0.2138,0.0688,0.0305
05105,Perry,2019,8466,4789,1310,102,605,1762,0.5657,0.1547,0.2081,0.0715,0.012
05111,Poinsett,2019,19189,10133,2966,456,1469,4621,0.5281,0.1546,0.2408,0.0766,0.0238
05133,Sevier,2019,12993,7142,1508,246,1025,3318,0.5497,0.1161,0.2554,0.0789,0.0189
05013,Calhoun,2019,4418,2111,705,55,312,1290,0.4778,0.1596,0.292,0.0706,0.0124
05019,Clark,2019,18855,8431,1806,382,1212,7406,0.4471,0.0958,0.3928,0.0643,0.0203
05075,Lawrence,2019,13496,7425,1962,300,1013,3096,0.5502,0.1454,0.2294,0.0751,0.0222
05095,Monroe,2019,5810,2599,799,171,691,1721,0.4473,0.1375,0.2962,0.1189,0.0294
05029,Conway,2019,16896,9558,1914,428,1443,3981,0.5657,0.1133,0.2356,0.0854,0.0253
05101,Newton,2019,6572,3363,1184,112,662,1363,0.5117,0.1802,0.2074,0.1007,0.017
05001,Arkansas,2019,14451,7486,2166,312,1072,3727,0.518,0.1499,0.2579,0.0742,0.0216
05085,Lonoke,2019,57089,33171,7295,1250,3507,13116,0.581,0.1278,0.2297,0.0614,0.0219
05015,Carroll,2019,22952,13652,2671,512,1688,4941,0.5948,0.1164,0.2153,0.0735,0.0223
05123,St. Francis,2019,21011,8690,2945,738,1547,7829,0.4136,0.1402,0.3726,0.0736,0.0351
05119,Pulaski,2019,315989,143138,44681,7373,19972,108198,0.453,0.1414,0.3424,0.0632,0.0233
05021,Clay,2019,12233,6697,1542,362,1255,2739,0.5475,0.1261,0.2239,0.1026,0.0296
05043,Drew,2019,15080,7824,1669,253,998,4589,0.5188,0.1107,0.3043,0.0662,0.0168
05121,Randolph,2019,14335,8065,2097,429,1221,2952,0.5626,0.1463,0.2059,0.0852,0.0299
05009,Boone,2019,30151,17990,3745,599,2214,6202,0.5967,0.1242,0.2057,0.0734,0.0199
05079,Lincoln,2019,11753,5339,1893,294,568,3953,0.4543,0.1611,0.3363,0.0483,0.025
05035,Crittenden,2019,37668,16302,5080,1573,2759,13527,0.4328,0.1349,0.3591,0.0732,0.0418
05045,Faulkner,2019,99800,49516,11787,2022,5364,33133,0.4962,0.1181,0.332,0.0537,0.0203
05089,Marion,2019,14006,7838,2367,335,1311,2490,0.5596,0.169,0.1778,0.0936,0.0239
05129,Searcy,2019,6618,4135,974,103,498,1011,0.6248,0.1472,0.1528,0.0752,0.0156
05007,Benton,2019,206914,123859,21416,2622,10202,51437,0.5986,0.1035,0.2486,0.0493,0.0127
05059,Hot Spring,2019,27911,15674,3943,689,1965,6329,0.5616,0.1413,0.2268,0.0704,0.0247
05087,Madison,2019,13124,7451,1658,180,1120,2895,0.5677,0.1263,0.2206,0.0853,0.0137
05099,Nevada,2019,6776,3226,1078,98,757,1715,0.4761,0.1591,0.2531,0.1117,0.0145
05037,Cross,2019,13526,7673,1626,536,1107,3120,0.5673,0.1202,0.2307,0.0818,0.0396
05039,Dallas,2019,6158,2861,701,214,753,1843,0.4646,0.1138,0.2993,0.1223,0.0348
05027,Columbia,2019,19631,8633,1921,497,1777,7300,0.4398,0.0979,0.3719,0.0905,0.0253
05125,Saline,2019,96380,54095,13386,1537,6569,22330,0.5613,0.1389,0.2317,0.0682,0.0159
05141,Van Buren,2019,13973,8126,1971,269,1293,2583,0.5816,0.1411,0.1849,0.0925,0.0193
05065,Izard,2019,11553,6140,1493,285,1244,2676,0.5315,0.1292,0.2316,0.1077,0.0247
05063,Independence,2019,29956,16249,4381,622,2381,6945,0.5424,0.1462,0.2318,0.0795,0.0208
05083,Logan,2019,17830,9997,2468,496,1452,3913,0.5607,0.1384,0.2195,0.0814,0.0278
05053,Grant,2019,14787,8565,1948,412,1090,3184,0.5792,0.1317,0.2153,0.0737,0.0279
05047,Franklin,2019,14288,8065,1946,289,1342,2935,0.5645,0.1362,0.2054,0.0939,0.0202
05109,Pike,2019,8828,5351,883,147,807,1787,0.6061,0.1,0.2024,0.0914,0.0167
05069,Jefferson,2019,56688,24592,7393,1839,4439,20264,0.4338,0.1304,0.3575,0.0783,0.0324
05097,Montgomery,2019,7626,4583,1065,165,665,1313,0.601,0.1397,0.1722,0.0872,0.0216
05127,Scott,2019,8209,4967,1082,256,724,1436,0.6051,0.1318,0.1749,0.0882,0.0312
05131,Sebastian,2019,102041,52560,14734,2733,6570,28177,0.5151,0.1444,0.2761,0.0644,0.0268
05033,Crawford,2019,50041,28896,6237,1095,4082,10826,0.5774,0.1246,0.2163,0.0816,0.0219
05017,Chicot,2019,8634,3901,1054,154,815,2864,0.4518,0.1221,0.3317,0.0944,0.0178
05071,Johnson,2019,21087,11547,2945,651,1439,5156,0.5476,0.1397,0.2445,0.0682,0.0309
05077,Lee,2019,7825,3258,1198,218,475,2894,0.4164,0.1531,0.3698,0.0607,0.0279
05073,Lafayette,2019,5719,2866,752,143,630,1471,0.5011,0.1315,0.2572,0.1102,0.025
05107,Phillips,2019,14607,6542,1662,629,1321,5082,0.4479,0.1138,0.3479,0.0904,0.0431
05149,Yell,2019,17178,9209,2103,447,1435,4431,0.5361,0.1224,0.2579,0.0835,0.026
05011,Bradley,2019,8690,4661,1036,303,689,2304,0.5364,0.1192,0.2651,0.0793,0.0349
05113,Polk,2019,16331,9432,2444,440,1302,3153,0.5776,0.1497,0.1931,0.0797,0.0269
05103,Ouachita,2019,19276,9388,2611,848,1958,5319,0.487,0.1355,0.2759,0.1016,0.044
05081,Little River,2019,10086,5617,1443,286,822,2204,0.5569,0.1431,0.2185,0.0815,0.0284
05091,Miller,2019,35052,17172,4773,1439,2620,10487,0.4899,0.1362,0.2992,0.0747,0.0411
05145,White,2019,63505,33866,8564,1688,4315,16760,0.5333,0.1349,0.2639,0.0679,0.0266
05003,Ashley,2020,16152,9245,1863,247,1337,3707,0.5724,0.1153,0.2295,0.0828,0.0153
05005,Baxter,2020,35821,21296,4542,532,3707,6276,0.5945,0.1268,0.1752,0.1035,0.0149
05009,Boone,2020,30440,17976,3666,627,2319,6479,0.5905,0.1204,0.2128,0.0762,0.0206
05013,Calhoun,2020,4408,2050,799,53,286,1273,0.4651,0.1813,0.2888,0.0649,0.012
05015,Carroll,2020,22969,13091,2807,419,1785,5286,0.5699,0.1222,0.2301,0.0777,0.0182
05019,Clark,2020,18775,8331,1833,362,1255,7356,0.4437,0.0976,0.3918,0.0668,0.0193
05021,Clay,2020,12117,6729,1567,388,1192,2629,0.5553,0.1293,0.217,0.0984,0.032
05025,Cleveland,2020,6539,3524,738,99,720,1557,0.5389,0.1129,0.2381,0.1101,0.0151
05027,Columbia,2020,19540,9165,1778,419,1584,7013,0.469,0.091,0.3589,0.0811,0.0214
05031,Craighead,2020,86533,43700,10504,1948,5494,26835,0.505,0.1214,0.3101,0.0635,0.0225
05035,Crittenden,2020,37471,16225,5098,1241,2722,13426,0.433,0.1361,0.3583,0.0726,0.0331
05037,Cross,2020,13283,7341,1714,467,1040,3188,0.5527,0.129,0.24,0.0783,0.0352
05041,Desha,2020,9097,4613,803,383,741,2940,0.5071,0.0883,0.3232,0.0815,0.0421
05043,Drew,2020,14992,7009,2196,259,1276,4511,0.4675,0.1465,0.3009,0.0851,0.0173
05047,Franklin,2020,14488,7563,2118,269,1534,3273,0.522,0.1462,0.2259,0.1059,0.0186
05049,Fulton,2020,10226,5625,1696,114,1303,1602,0.5501,0.1659,0.1567,0.1274,0.0111
05053,Grant,2020,14856,8454,1922,340,1104,3376,0.5691,0.1294,0.2272,0.0743,0.0229
05057,Hempstead,2020,17050,8915,1944,464,1373,4818,0.5229,0.114,0.2826,0.0805,0.0272
05059,Hot Spring,2020,27714,15238,3854,726,2008,6614,0.5498,0.1391,0.2387,0.0725,0.0262
05063,Independence,2020,30155,16720,3829,501,2429,7177,0.5545,0.127,0.238,0.0806,0.0166
05065,Izard,2020,11636,6255,1609,260,1201,2571,0.5376,0.1383,0.221,0.1032,0.0223
05069,Jefferson,2020,55810,24668,6968,2009,4000,20174,0.442,0.1249,0.3615,0.0717,0.036
05071,Johnson,2020,21151,11776,2816,517,1328,5231,0.5568,0.1331,0.2473,0.0628,0.0244
05075,Lawrence,2020,13541,7569,1928,228,886,3158,0.559,0.1424,0.2332,0.0654,0.0168
05079,Lincoln,2020,11430,5253,1647,241,492,4038,0.4596,0.1441,0.3533,0.043,0.0211
05081,Little River,2020,10053,5553,1556,302,775,2169,0.5524,0.1548,0.2158,0.0771,0.03
05085,Lonoke,2020,57802,32218,7935,1172,3676,13973,0.5574,0.1373,0.2417,0.0636,0.0203
05087,Madison,2020,13286,7717,1535,182,1024,3010,0.5808,0.1155,0.2266,0.0771,0.0137
05091,Miller,2020,35025,17266,5109,1267,2407,10243,0.493,0.1459,0.2924,0.0687,0.0362
05095,Monroe,2020,5655,2436,690,200,705,1824,0.4308,0.122,0.3225,0.1247,0.0354
05097,Montgomery,2020,7623,4835,945,105,614,1229,0.6343,0.124,0.1612,0.0805,0.0138
05099,Nevada,2020,6678,3337,820,109,768,1753,0.4997,0.1228,0.2625,0.115,0.0163
05101,Newton,2020,6599,3754,890,89,615,1340,0.5689,0.1349,0.2031,0.0932,0.0135
05103,Ouachita,2020,19154,9376,2608,699,1978,5192,0.4895,0.1362,0.2711,0.1033,0.0365
05105,Perry,2020,8510,4746,1219,129,626,1919,0.5577,0.1432,0.2255,0.0736,0.0152
05107,Phillips,2020,14300,6350,1547,537,1275,5128,0.4441,0.1082,0.3586,0.0892,0.0376
05109,Pike,2020,8812,5388,876,115,714,1834,0.6114,0.0994,0.2081,0.081,0.0131
05111,Poinsett,2020,19062,10041,2910,381,1579,4532,0.5268,0.1527,0.2378,0.0828,0.02
05113,Polk,2020,16271,9095,2398,389,1337,3441,0.559,0.1474,0.2115,0.0822,0.0239
05115,Pope,2020,51673,25740,6483,1083,3983,15467,0.4981,0.1255,0.2993,0.0771,0.021
05117,Prairie,2020,6757,3776,1031,133,722,1228,0.5588,0.1526,0.1817,0.1069,0.0197
05119,Pulaski,2020,316394,143010,47361,7100,19195,106828,0.452,0.1497,0.3376,0.0607,0.0224
05121,Randolph,2020,14448,8045,2024,434,1366,3013,0.5568,0.1401,0.2085,0.0945,0.03
05123,St. Francis,2020,20922,8723,3099,805,1550,7550,0.4169,0.1481,0.3609,0.0741,0.0385
05125,Saline,2020,97824,55373,12601,1717,6690,23160,0.566,0.1288,0.2368,0.0684,0.0176
05127,Scott,2020,8194,5291,1008,226,608,1287,0.6457,0.123,0.1571,0.0742,0.0276
05129,Searcy,2020,6639,4061,872,129,539,1167,0.6117,0.1313,0.1758,0.0812,0.0194
05131,Sebastian,2020,102310,53458,13816,2499,6375,28661,0.5225,0.135,0.2801,0.0623,0.0244
05133,Sevier,2020,12845,7374,1474,324,920,3077,0.5741,0.1148,0.2395,0.0716,0.0252
05135,Sharp,2020,14348,8024,2178,410,1310,2836,0.5592,0.1518,0.1977,0.0913,0.0286
05137,Stone,2020,10600,5589,2058,289,1127,1826,0.5273,0.1942,0.1723,0.1063,0.0273
05139,Union,2020,31180,15433,4630,680,2388,8729,0.495,0.1485,0.28,0.0766,0.0218
05143,Washington,2020,188066,92038,18593,3135,9185,68250,0.4894,0.0989,0.3629,0.0488,0.0167
05145,White,2020,63561,33185,8903,1537,4366,17107,0.5221,0.1401,0.2691,0.0687,0.0242
05149,Yell,2020,17230,9381,2160,363,1326,4363,0.5445,0.1254,0.2532,0.077,0.0211
05001,Arkansas,2020,14304,7407,2020,303,1025,3852,0.5178,0.1412,0.2693,0.0717,0.0212
05007,Benton,2020,213567,127551,20854,3136,10147,55015,0.5972,0.0976,0.2576,0.0475,0.0147
05011,Bradley,2020,8556,4555,1064,277,709,2228,0.5324,0.1244,0.2604,0.0829,0.0324
05017,Chicot,2020,8383,3803,1030,154,809,2741,0.4537,0.1229,0.327,0.0965,0.0184
05023,Cleburne,2020,21182,12569,3295,388,1939,3379,0.5934,0.1556,0.1595,0.0915,0.0183
05029,Conway,2020,16906,9110,2430,391,1418,3948,0.5389,0.1437,0.2335,0.0839,0.0231
05033,Crawford,2020,50466,30303,5614,1019,3573,10976,0.6005,0.1112,0.2175,0.0708,0.0202
05039,Dallas,2020,6067,2962,585,149,737,1783,0.4882,0.0964,0.2939,0.1215,0.0246
05045,Faulkner,2020,101018,50086,11819,1977,5166,33947,0.4958,0.117,0.336,0.0511,0.0196
05051,Garland,2020,82762,41774,12641,1940,6968,21379,0.5047,0.1527,0.2583,0.0842,0.0234
05055,Greene,2020,36020,20769,5183,1030,2436,7632,0.5766,0.1439,0.2119,0.0676,0.0286
05061,Howard,2020,10449,5252,1476,190,1120,2601,0.5026,0.1413,0.2489,0.1072,0.0182
05067,Jackson,2020,14126,6218,2728,522,1295,3885,0.4402,0.1931,0.275,0.0917,0.037
05073,Lafayette,2020,5680,2806,765,131,711,1398,0.494,0.1347,0.2461,0.1252,0.0231
05077,Lee,2020,7620,2950,1200,226,484,2986,0.3871,0.1575,0.3919,0.0635,0.0297
05083,Logan,2020,17809,10124,2476,452,1308,3901,0.5685,0.139,0.219,0.0734,0.0254
05089,Marion,2020,14092,7957,2449,372,1329,2357,0.5646,0.1738,0.1673,0.0943,0.0264
05093,Mississippi,2020,32426,15677,4381,953,2111,10257,0.4835,0.1351,0.3163,0.0651,0.0294
05141,Van Buren,2020,14052,7888,2109,243,1421,2634,0.5613,0.1501,0.1874,0.1011,0.0173
05147,Woodruff,2020,5306,3013,636,205,500,1157,0.5678,0.1199,0.2181,0.0942,0.0386
05001,Arkansas,2021,13846,6805,2049,213,1140,3852,0.4915,0.148,0.2782,0.0823,0.0154
05003,Ashley,2021,15673,8394,2193,266,1406,3680,0.5356,0.1399,0.2348,0.0897,0.017
05005,Baxter,2021,35497,20465,4890,585,3786,6356,0.5765,0.1378,0.1791,0.1067,0.0165
05007,Benton,2021,218048,128368,21606,2752,9862,58212,0.5887,0.0991,0.267,0.0452,0.0126
05009,Boone,2021,30406,17631,3877,570,2263,6635,0.5799,0.1275,0.2182,0.0744,0.0187
05011,Bradley,2021,8305,3920,1408,228,737,2240,0.472,0.1695,0.2697,0.0887,0.0275
05013,Calhoun,2021,4115,1967,722,33,241,1185,0.478,0.1755,0.288,0.0586,0.008
05015,Carroll,2021,23150,13223,2767,409,1630,5530,0.5712,0.1195,0.2389,0.0704,0.0177
05017,Chicot,2021,8462,3672,1084,221,967,2739,0.4339,0.1281,0.3237,0.1143,0.0261
05019,Clark,2021,18133,7903,1760,340,1261,7209,0.4358,0.0971,0.3976,0.0695,0.0188
05021,Clay,2021,12066,6474,1763,388,1187,2642,0.5365,0.1461,0.219,0.0984,0.0322
05023,Cleburne,2021,20996,12201,3427,294,1821,3547,0.5811,0.1632,0.1689,0.0867,0.014
05025,Cleveland,2021,6348,3321,684,70,676,1667,0.5232,0.1078,0.2626,0.1065,0.011
05027,Columbia,2021,18924,8759,1883,481,1438,6844,0.4629,0.0995,0.3617,0.076,0.0254
05029,Conway,2021,16733,8758,2657,379,1206,4112,0.5234,0.1588,0.2457,0.0721,0.0226
05031,Craighead,2021,86845,42808,11090,2173,5409,27538,0.4929,0.1277,0.3171,0.0623,0.025
05033,Crawford,2021,48299,27699,5959,1160,3565,11076,0.5735,0.1234,0.2293,0.0738,0.024
05035,Crittenden,2021,37445,15828,5206,1335,2608,13803,0.4227,0.139,0.3686,0.0696,0.0357
05037,Cross,2021,13608,6825,2150,436,1298,3335,0.5015,0.158,0.2451,0.0954,0.032
05039,Dallas,2021,5613,2168,829,80,735,1881,0.3862,0.1477,0.3351,0.1309,0.0143
05041,Desha,2021,9052,4280,979,429,768,3025,0.4728,0.1082,0.3342,0.0848,0.0474
05043,Drew,2021,14363,6815,2168,286,1115,4265,0.4745,0.1509,0.2969,0.0776,0.0199
05045,Faulkner,2021,99699,50545,12000,1758,4764,32390,0.507,0.1204,0.3249,0.0478,0.0176
05047,Franklin,2021,13893,7777,1726,336,1385,3005,0.5598,0.1242,0.2163,0.0997,0.0242
05049,Fulton,2021,9979,5005,1958,141,1202,1814,0.5016,0.1962,0.1818,0.1205,0.0141
05051,Garland,2021,83268,42370,12773,1729,7060,21065,0.5088,0.1534,0.253,0.0848,0.0208
05053,Grant,2021,14580,8172,1885,301,1082,3441,0.5605,0.1293,0.236,0.0742,0.0206
05055,Greene,2021,36375,19810,5868,1169,2643,8054,0.5446,0.1613,0.2214,0.0727,0.0321
05057,Hempstead,2021,15977,8051,2091,424,1418,4417,0.5039,0.1309,0.2765,0.0888,0.0265
05059,Hot Spring,2021,27145,14145,3929,607,1942,7129,0.5211,0.1447,0.2626,0.0715,0.0224
05061,Howard,2021,10154,5205,1379,216,1080,2490,0.5126,0.1358,0.2452,0.1064,0.0213
05063,Independence,2021,30362,16260,4291,445,2296,7515,0.5355,0.1413,0.2475,0.0756,0.0147
05065,Izard,2021,11599,5993,1675,305,1226,2705,0.5167,0.1444,0.2332,0.1057,0.0263
05067,Jackson,2021,14040,6179,2624,469,1215,4022,0.4401,0.1869,0.2865,0.0865,0.0334
05069,Jefferson,2021,55881,23682,7171,1877,4144,20884,0.4238,0.1283,0.3737,0.0742,0.0336
05071,Johnson,2021,20656,10994,2999,379,1258,5405,0.5322,0.1452,0.2617,0.0609,0.0183
05073,Lafayette,2021,5432,2581,698,138,628,1525,0.4751,0.1285,0.2807,0.1156,0.0254
05075,Lawrence,2021,13301,7094,1822,243,878,3507,0.5333,0.137,0.2637,0.066,0.0183
05077,Lee,2021,7468,2409,1240,164,552,3267,0.3226,0.166,0.4375,0.0739,0.022
05079,Lincoln,2021,11314,4779,1655,317,576,4304,0.4224,0.1463,0.3804,0.0509,0.028
05081,Little River,2021,9867,5208,1377,209,907,2375,0.5278,0.1396,0.2407,0.0919,0.0212
05083,Logan,2021,17523,9676,2378,428,1241,4228,0.5522,0.1357,0.2413,0.0708,0.0244
05085,Lonoke,2021,58303,32686,7594,1137,3579,14444,0.5606,0.1303,0.2477,0.0614,0.0195
05087,Madison,2021,13322,7880,1431,182,891,3120,0.5915,0.1074,0.2342,0.0669,0.0137
05089,Marion,2021,14190,7858,2547,308,1206,2579,0.5538,0.1795,0.1817,0.085,0.0217
05091,Miller,2021,34451,16248,5371,1064,2623,10209,0.4716,0.1559,0.2963,0.0761,0.0309
05093,Mississippi,2021,32184,15163,4260,1119,2080,10681,0.4711,0.1324,0.3319,0.0646,0.0348
05095,Monroe,2021,5661,2441,657,272,669,1894,0.4312,0.1161,0.3346,0.1182,0.048
05097,Montgomery,2021,7242,4324,1145,92,625,1148,0.5971,0.1581,0.1585,0.0863,0.0127
05099,Nevada,2021,6682,2873,1022,184,931,1856,0.43,0.1529,0.2778,0.1393,0.0275
05101,Newton,2021,6195,3340,957,67,584,1314,0.5391,0.1545,0.2121,0.0943,0.0108
05103,Ouachita,2021,18551,8416,2848,526,2052,5235,0.4537,0.1535,0.2822,0.1106,0.0284
05105,Perry,2021,8208,4532,1207,150,603,1866,0.5521,0.1471,0.2273,0.0735,0.0183
05107,Phillips,2021,13203,5292,1488,610,1315,5108,0.4008,0.1127,0.3869,0.0996,0.0462
05109,Pike,2021,8434,5005,854,125,698,1877,0.5934,0.1013,0.2226,0.0828,0.0148
05111,Poinsett,2021,18593,9049,3146,330,1610,4788,0.4867,0.1692,0.2575,0.0866,0.0177
05113,Polk,2021,15831,9113,2157,371,1230,3331,0.5756,0.1363,0.2104,0.0777,0.0234
05115,Pope,2021,51054,25491,6511,1037,4083,14969,0.4993,0.1275,0.2932,0.08,0.0203
05117,Prairie,2021,6982,3525,1199,137,668,1590,0.5049,0.1717,0.2277,0.0957,0.0196
05119,Pulaski,2021,320018,146200,46644,6512,18213,108961,0.4568,0.1458,0.3405,0.0569,0.0203
05121,Randolph,2021,14751,7846,2154,247,1492,3259,0.5319,0.146,0.2209,0.1011,0.0167
05123,St. Francis,2021,19425,7662,2875,646,1482,7406,0.3944,0.148,0.3813,0.0763,0.0333
05125,Saline,2021,98871,57588,12412,1422,6424,22447,0.5825,0.1255,0.227,0.065,0.0144
05127,Scott,2021,7947,5001,975,136,582,1389,0.6293,0.1227,0.1748,0.0732,0.0171
05129,Searcy,2021,6583,3786,921,90,514,1362,0.5751,0.1399,0.2069,0.0781,0.0137
05131,Sebastian,2021,102443,52282,14160,2410,6532,29469,0.5104,0.1382,0.2877,0.0638,0.0235
05133,Sevier,2021,12211,6528,1450,233,870,3363,0.5346,0.1187,0.2754,0.0712,0.0191
05135,Sharp,2021,14367,7865,2164,462,1315,3023,0.5474,0.1506,0.2104,0.0915,0.0322
05137,Stone,2021,10434,4727,2154,310,1258,2295,0.453,0.2064,0.22,0.1206,0.0297
05139,Union,2021,31335,14760,4469,818,2485,9621,0.471,0.1426,0.307,0.0793,0.0261
05141,Van Buren,2021,13417,7201,2125,234,1350,2741,0.5367,0.1584,0.2043,0.1006,0.0174
05143,Washington,2021,193538,94236,20321,2988,8881,70100,0.4869,0.105,0.3622,0.0459,0.0154
05145,White,2021,62255,32631,8222,1573,4506,16896,0.5242,0.1321,0.2714,0.0724,0.0253
05147,Woodruff,2021,5239,2829,671,295,446,1293,0.54,0.1281,0.2468,0.0851,0.0563
05149,Yell,2021,16473,9073,2099,325,1183,4118,0.5508,0.1274,0.25,0.0718,0.0197
05001,Arkansas,2022,13652,6890,1952,182,1023,3787,0.5047,0.143,0.2774,0.0749,0.0133
05003,Ashley,2022,15479,8044,2164,437,1557,3714,0.5197,0.1398,0.2399,0.1006,0.0282
05005,Baxter,2022,35896,20516,5078,481,4068,6234,0.5715,0.1415,0.1737,0.1133,0.0134
05007,Benton,2022,225450,131822,21448,2681,10660,61520,0.5847,0.0951,0.2729,0.0473,0.0119
05009,Boone,2022,30675,17491,3926,542,2433,6825,0.5702,0.128,0.2225,0.0793,0.0177
05011,Bradley,2022,8241,3710,1354,217,699,2478,0.4502,0.1643,0.3007,0.0848,0.0263
05013,Calhoun,2022,4071,1852,587,27,343,1289,0.4549,0.1442,0.3166,0.0843,0.0066
05015,Carroll,2022,23384,13603,2640,459,1684,5457,0.5817,0.1129,0.2334,0.072,0.0196
05017,Chicot,2022,8377,3570,1314,207,888,2605,0.4262,0.1569,0.311,0.106,0.0247
05019,Clark,2022,17990,7665,1732,259,1235,7358,0.4261,0.0963,0.409,0.0686,0.0144
05021,Clay,2022,12049,6451,1756,301,1241,2601,0.5354,0.1457,0.2159,0.103,0.025
05023,Cleburne,2022,21156,12479,3087,300,1996,3594,0.5899,0.1459,0.1699,0.0943,0.0142
05025,Cleveland,2022,6316,3248,870,67,646,1552,0.5142,0.1377,0.2457,0.1023,0.0106
05027,Columbia,2022,18695,8576,1998,485,1470,6651,0.4587,0.1069,0.3558,0.0786,0.0259
05029,Conway,2022,16831,8941,2623,435,1196,4071,0.5312,0.1558,0.2419,0.0711,0.0258
05031,Craighead,2022,87984,43798,10559,1990,5350,28277,0.4978,0.12,0.3214,0.0608,0.0226
05033,Crawford,2022,48703,26679,6388,957,3628,12008,0.5478,0.1312,0.2466,0.0745,0.0196
05035,Crittenden,2022,37249,15367,5439,1230,2726,13717,0.4125,0.146,0.3683,0.0732,0.033
05037,Cross,2022,13484,6933,1992,423,1102,3457,0.5142,0.1477,0.2564,0.0817,0.0314
05039,Dallas,2022,5427,2329,707,48,681,1710,0.4292,0.1303,0.3151,0.1255,0.0088
05041,Desha,2022,8944,3908,996,501,828,3212,0.4369,0.1114,0.3591,0.0926,0.056
05043,Drew,2022,14178,6677,1915,236,1068,4518,0.4709,0.1351,0.3187,0.0753,0.0166
05045,Faulkner,2022,101486,51201,11221,1516,4946,34118,0.5045,0.1106,0.3362,0.0487,0.0149
05047,Franklin,2022,14027,7357,1933,288,1484,3253,0.5245,0.1378,0.2319,0.1058,0.0205
05049,Fulton,2022,10105,5183,1733,93,1172,2017,0.5129,0.1715,0.1996,0.116,0.0092
05051,Garland,2022,83782,41993,13126,1522,7212,21451,0.5012,0.1567,0.256,0.0861,0.0182
05053,Grant,2022,14829,8313,1577,304,1249,3690,0.5606,0.1063,0.2488,0.0842,0.0205
05055,Greene,2022,36909,19613,6026,1071,2938,8332,0.5314,0.1633,0.2257,0.0796,0.029
05057,Hempstead,2022,15768,7816,2081,422,1333,4538,0.4957,0.132,0.2878,0.0845,0.0268
05059,Hot Spring,2022,27721,14202,3940,582,2234,7345,0.5123,0.1421,0.265,0.0806,0.021
05061,Howard,2022,10043,5278,1330,208,1012,2423,0.5255,0.1324,0.2413,0.1008,0.0207
05063,Independence,2022,30357,16505,3864,536,2380,7608,0.5437,0.1273,0.2506,0.0784,0.0177
05065,Izard,2022,11839,6163,1813,350,1236,2627,0.5206,0.1531,0.2219,0.1044,0.0296
05067,Jackson,2022,14099,5867,2860,438,1105,4267,0.4161,0.2029,0.3026,0.0784,0.0311
05069,Jefferson,2022,55064,23183,7083,1821,4047,20751,0.421,0.1286,0.3769,0.0735,0.0331
05071,Johnson,2022,20665,11145,2895,353,1332,5293,0.5393,0.1401,0.2561,0.0645,0.0171
05073,Lafayette,2022,5308,2620,636,135,606,1446,0.4936,0.1198,0.2724,0.1142,0.0254
05075,Lawrence,2022,13274,6863,2009,243,967,3435,0.517,0.1513,0.2588,0.0728,0.0183
05077,Lee,2022,7325,2212,1249,160,522,3342,0.302,0.1705,0.4562,0.0713,0.0218
05079,Lincoln,2022,11407,4877,1902,400,526,4102,0.4275,0.1667,0.3596,0.0461,0.0351
05081,Little River,2022,9820,5001,1460,219,1105,2254,0.5093,0.1487,0.2295,0.1125,0.0223
05083,Logan,2022,17563,9850,2243,386,1258,4212,0.5608,0.1277,0.2398,0.0716,0.022
05085,Lonoke,2022,59076,32691,7351,1102,3693,15341,0.5534,0.1244,0.2597,0.0625,0.0187
05087,Madison,2022,13507,7978,1462,211,860,3207,0.5907,0.1082,0.2374,0.0637,0.0156
05089,Marion,2022,14305,8200,2274,389,1346,2485,0.5732,0.159,0.1737,0.0941,0.0272
05091,Miller,2022,34307,15000,5508,939,2785,11014,0.4372,0.1606,0.321,0.0812,0.0274
05093,Mississippi,2022,31705,14673,4059,1041,2155,10818,0.4628,0.128,0.3412,0.068,0.0328
05095,Monroe,2022,5571,2484,637,296,650,1800,0.4459,0.1143,0.3231,0.1167,0.0531
05097,Montgomery,2022,7287,4310,1219,97,571,1187,0.5915,0.1673,0.1629,0.0784,0.0133
05099,Nevada,2022,6619,2568,1097,181,901,2053,0.388,0.1657,0.3102,0.1361,0.0273
05101,Newton,2022,6159,3433,951,53,504,1271,0.5574,0.1544,0.2064,0.0818,0.0086
05103,Ouachita,2022,18417,8367,2473,459,2109,5468,0.4543,0.1343,0.2969,0.1145,0.0249
05105,Perry,2022,8255,4788,1074,107,537,1856,0.58,0.1301,0.2248,0.0651,0.013
05107,Phillips,2022,12784,4987,1450,509,1318,5029,0.3901,0.1134,0.3934,0.1031,0.0398
05109,Pike,2022,8418,4907,887,123,679,1945,0.5829,0.1054,0.2311,0.0807,0.0146
05111,Poinsett,2022,18464,8821,3286,371,1454,4903,0.4777,0.178,0.2655,0.0787,0.0201
05113,Polk,2022,15803,9139,1903,338,1431,3330,0.5783,0.1204,0.2107,0.0906,0.0214
05115,Pope,2022,51338,26190,6061,969,3865,15222,0.5101,0.1181,0.2965,0.0753,0.0189
05117,Prairie,2022,6981,3534,1205,155,666,1576,0.5062,0.1726,0.2258,0.0954,0.0222
05119,Pulaski,2022,321636,144992,46374,5723,18308,111962,0.4508,0.1442,0.3481,0.0569,0.0178
05121,Randolph,2022,14897,8026,2170,304,1420,3281,0.5388,0.1457,0.2202,0.0953,0.0204
05123,St. Francis,2022,19016,7542,2639,700,1558,7277,0.3966,0.1388,0.3827,0.0819,0.0368
05125,Saline,2022,100647,58589,11978,1209,6808,23272,0.5821,0.119,0.2312,0.0676,0.012
05127,Scott,2022,7947,4910,1135,83,584,1318,0.6178,0.1428,0.1658,0.0735,0.0104
05129,Searcy,2022,6616,3659,907,113,560,1490,0.5531,0.1371,0.2252,0.0846,0.0171
05131,Sebastian,2022,103014,53324,13482,2316,6696,29512,0.5176,0.1309,0.2865,0.065,0.0225
05133,Sevier,2022,12207,6700,1425,199,780,3302,0.5489,0.1167,0.2705,0.0639,0.0163
05135,Sharp,2022,14571,7798,2270,317,1437,3066,0.5352,0.1558,0.2104,0.0986,0.0218
05137,Stone,2022,10422,4788,1878,308,1425,2331,0.4594,0.1802,0.2237,0.1367,0.0296
05139,Union,2022,31146,15354,4143,886,2500,9149,0.493,0.133,0.2937,0.0803,0.0284
05141,Van Buren,2022,13506,6953,2085,231,1551,2917,0.5148,0.1544,0.216,0.1148,0.0171
05143,Washington,2022,198719,96006,20617,3094,8884,73212,0.4831,0.1037,0.3684,0.0447,0.0156
05145,White,2022,62444,31892,8753,1234,4595,17204,0.5107,0.1402,0.2755,0.0736,0.0198
05147,Woodruff,2022,5207,2878,558,247,451,1320,0.5527,0.1072,0.2535,0.0866,0.0474
05149,Yell,2022,16379,9264,1987,416,1221,3907,0.5656,0.1213,0.2385,0.0745,0.0254
05001,Arkansas,2023,13410,6896,1713,188,1046,3755,0.5142,0.1277,0.28,0.078,0.014
05003,Ashley,2023,15252,7810,2237,330,1419,3786,0.5121,0.1467,0.2482,0.093,0.0216
05005,Baxter,2023,36165,20258,5123,373,4065,6719,0.5602,0.1417,0.1858,0.1124,0.0103
05007,Benton,2023,231892,136637,21781,2697,10195,63279,0.5892,0.0939,0.2729,0.044,0.0116
05009,Boone,2023,30905,17780,3805,462,2445,6875,0.5753,0.1231,0.2225,0.0791,0.0149
05011,Bradley,2023,8131,3364,1450,210,693,2624,0.4137,0.1783,0.3227,0.0852,0.0258
05013,Calhoun,2023,4035,1919,497,37,398,1221,0.4756,0.1232,0.3026,0.0986,0.0092
05015,Carroll,2023,23478,12930,2932,416,1731,5885,0.5507,0.1249,0.2507,0.0737,0.0177
05017,Chicot,2023,8147,3526,1338,197,891,2392,0.4328,0.1642,0.2936,0.1094,0.0242
05019,Clark,2023,17876,7673,1863,274,1257,7083,0.4292,0.1042,0.3962,0.0703,0.0153
05021,Clay,2023,11867,6213,1815,305,1130,2709,0.5236,0.1529,0.2283,0.0952,0.0257
05023,Cleburne,2023,21237,12144,3086,447,2022,3985,0.5718,0.1453,0.1876,0.0952,0.021
05025,Cleveland,2023,6263,3379,669,127,673,1542,0.5395,0.1068,0.2462,0.1075,0.0203
05027,Columbia,2023,18431,8639,2094,467,1219,6479,0.4687,0.1136,0.3515,0.0661,0.0253
05029,Conway,2023,16877,8641,3051,410,1088,4097,0.512,0.1808,0.2428,0.0645,0.0243
05031,Craighead,2023,88565,45199,10001,1883,5170,28195,0.5103,0.1129,0.3184,0.0584,0.0213
05033,Crawford,2023,48785,27505,6178,866,3658,11444,0.5638,0.1266,0.2346,0.075,0.0178
05035,Crittenden,2023,36873,15196,5481,1240,2710,13486,0.4121,0.1486,0.3657,0.0735,0.0336
05037,Cross,2023,13350,6734,1990,262,1173,3453,0.5044,0.1491,0.2587,0.0879,0.0196
05039,Dallas,2023,5411,2435,665,81,608,1703,0.45,0.1229,0.3147,0.1124,0.015
05041,Desha,2023,8747,3833,1033,361,796,3085,0.4382,0.1181,0.3527,0.091,0.0413
05043,Drew,2023,14080,6094,1920,233,1322,4744,0.4328,0.1364,0.3369,0.0939,0.0165
05045,Faulkner,2023,102458,52132,11041,1380,5149,34136,0.5088,0.1078,0.3332,0.0503,0.0135
05047,Franklin,2023,14099,7531,1902,287,1476,3190,0.5342,0.1349,0.2263,0.1047,0.0204
05049,Fulton,2023,10253,5263,1762,131,1175,2053,0.5133,0.1719,0.2002,0.1146,0.0128
05051,Garland,2023,83650,42170,12986,1326,7151,21343,0.5041,0.1552,0.2551,0.0855,0.0159
05053,Grant,2023,14956,8171,1787,334,1086,3912,0.5463,0.1195,0.2616,0.0726,0.0223
05055,Greene,2023,37096,19360,6090,936,2794,8852,0.5219,0.1642,0.2386,0.0753,0.0252
05057,Hempstead,2023,15571,8090,1762,443,1249,4470,0.5196,0.1132,0.2871,0.0802,0.0285
05059,Hot Spring,2023,27905,14708,3622,575,2279,7296,0.5271,0.1298,0.2615,0.0817,0.0206
05061,Howard,2023,9992,5093,1341,222,956,2602,0.5097,0.1342,0.2604,0.0957,0.0222
05063,Independence,2023,30474,17173,3725,494,2189,7387,0.5635,0.1222,0.2424,0.0718,0.0162
05065,Izard,2023,11910,5879,2006,369,1175,2850,0.4936,0.1684,0.2393,0.0987,0.031
05067,Jackson,2023,14167,5808,2734,432,1041,4584,0.41,0.193,0.3236,0.0735,0.0305
05069,Jefferson,2023,54074,22072,6909,1606,4098,20995,0.4082,0.1278,0.3883,0.0758,0.0297
05071,Johnson,2023,20726,11269,2796,527,1321,5340,0.5437,0.1349,0.2576,0.0637,0.0254
05073,Lafayette,2023,5311,2541,612,172,640,1518,0.4784,0.1152,0.2858,0.1205,0.0324
05075,Lawrence,2023,13290,6916,1910,267,1018,3446,0.5204,0.1437,0.2593,0.0766,0.0201
05077,Lee,2023,7139,2181,1148,242,721,3089,0.3055,0.1608,0.4327,0.101,0.0339
05079,Lincoln,2023,11198,4767,1693,478,620,4118,0.4257,0.1512,0.3677,0.0554,0.0427
05081,Little River,2023,9682,4719,1424,247,1067,2472,0.4874,0.1471,0.2553,0.1102,0.0255
05083,Logan,2023,17490,9860,2259,436,1288,4083,0.5638,0.1292,0.2334,0.0736,0.0249
05085,Lonoke,2023,59438,32225,7815,861,3838,15560,0.5422,0.1315,0.2618,0.0646,0.0145
05087,Madison,2023,13773,8517,1512,148,755,2989,0.6184,0.1098,0.217,0.0548,0.0107
05089,Marion,2023,14439,8762,2092,372,1301,2284,0.6068,0.1449,0.1582,0.0901,0.0258
05091,Miller,2023,34254,15112,5358,708,2797,10987,0.4412,0.1564,0.3208,0.0817,0.0207
05093,Mississippi,2023,31193,14901,4080,949,2205,10007,0.4777,0.1308,0.3208,0.0707,0.0304
05095,Monroe,2023,5290,2338,706,208,639,1607,0.442,0.1335,0.3038,0.1208,0.0393
05097,Montgomery,2023,7277,4530,1034,174,500,1213,0.6225,0.1421,0.1667,0.0687,0.0239
05099,Nevada,2023,6614,2680,975,177,912,2047,0.4052,0.1474,0.3095,0.1379,0.0268
05101,Newton,2023,6114,3505,893,52,532,1184,0.5733,0.1461,0.1937,0.087,0.0085
05103,Ouachita,2023,18267,8273,2480,475,1906,5608,0.4529,0.1358,0.307,0.1043,0.026
05105,Perry,2023,8319,4798,1228,194,492,1801,0.5768,0.1476,0.2165,0.0591,0.0233
05107,Phillips,2023,12371,5157,1230,453,1136,4848,0.4169,0.0994,0.3919,0.0918,0.0366
05109,Pike,2023,8377,4748,1029,100,757,1843,0.5668,0.1228,0.22,0.0904,0.0119
05111,Poinsett,2023,18230,8445,3243,370,1537,5005,0.4632,0.1779,0.2745,0.0843,0.0203
05113,Polk,2023,15783,9088,1855,367,1557,3283,0.5758,0.1175,0.208,0.0987,0.0233
05115,Pope,2023,51495,26434,5976,967,3922,15163,0.5133,0.1161,0.2945,0.0762,0.0188
05117,Prairie,2023,6922,3549,1185,169,664,1524,0.5127,0.1712,0.2202,0.0959,0.0244
05119,Pulaski,2023,321039,145795,44918,5755,18332,111994,0.4541,0.1399,0.3488,0.0571,0.0179
05121,Randolph,2023,14946,7951,2331,266,1390,3274,0.532,0.156,0.2191,0.093,0.0178
05123,St. Francis,2023,18713,7289,2466,806,1500,7458,0.3895,0.1318,0.3985,0.0802,0.0431
05125,Saline,2023,101764,59026,11693,1513,6768,24277,0.58,0.1149,0.2386,0.0665,0.0149
05127,Scott,2023,7955,4751,1133,162,566,1505,0.5972,0.1424,0.1892,0.0712,0.0204
05129,Searcy,2023,6578,3625,904,79,632,1417,0.5511,0.1374,0.2154,0.0961,0.012
05131,Sebastian,2023,103171,52832,13936,1915,6775,29628,0.5121,0.1351,0.2872,0.0657,0.0186
05133,Sevier,2023,12066,6522,1574,265,796,3174,0.5405,0.1304,0.2631,0.066,0.022
05135,Sharp,2023,14675,7758,2395,351,1405,3117,0.5287,0.1632,0.2124,0.0957,0.0239
05137,Stone,2023,10468,4698,1980,345,1413,2377,0.4488,0.1891,0.2271,0.135,0.033
05139,Union,2023,30762,14706,4292,912,2665,9099,0.4781,0.1395,0.2958,0.0866,0.0296
05141,Van Buren,2023,13521,7214,2106,134,1486,2715,0.5335,0.1558,0.2008,0.1099,0.0099
05143,Washington,2023,202347,97020,20560,3267,8954,75813,0.4795,0.1016,0.3747,0.0443,0.0161
05145,White,2023,62637,32064,8605,1234,4248,17720,0.5119,0.1374,0.2829,0.0678,0.0197
05147,Woodruff,2023,5110,2607,641,325,478,1384,0.5102,0.1254,0.2708,0.0935,0.0636
05149,Yell,2023,16200,9007,1921,343,1214,4058,0.556,0.1186,0.2505,0.0749,0.0212
