fips,county,year,fatal_crashes,total_fatalities,alcohol_fatal_crashes,alcohol_share,alcohol_flag_source,countywide_wet,first_treated_year,cohort,years_since_treatment,any_wet_neighbor,n_wet_neighbors,share_wet_neighbors,any_wet_area_neighbor,n_neighbors,partial_county,treated_unit,neighbor_unit,clean_control
05001,Arkansas,2008,2,4,0,0.0,DRUNK_DR,1,,0,,1,5,0.7142857142857143,1,7,0,0,1,0
05001,Arkansas,2009,4,5,1,0.25,DRUNK_DR,1,,0,,1,5,0.7142857142857143,1,7,0,0,1,0
05001,Arkansas,2010,4,5,3,0.75,DRUNK_DR,1,,0,,1,5,0.7142857142857143,1,7,0,0,1,0
05001,Arkansas,2011,2,2,0,0.0,DRUNK_DR,1,,0,,1,5,0.7142857142857143,1,7,0,0,1,0
05001,Arkansas,2012,2,2,0,0.0,DRUNK_DR,1,,0,,1,5,0.7142857142857143,1,7,0,0,1,0
05001,Arkansas,2013,2,2,0,0.0,DRUNK_DR,1,,0,,1,5,0.7142857142857143,1,7,0,0,1,0
05001,Arkansas,2014,2,2,2,1.0,DRUNK_DR,1,,0,,1,5,0.7142857142857143,1,7,0,0,1,0
05001,Arkansas,2015,1,1,0,0.0,DRUNK_DR,1,,0,,1,5,0.7142857142857143,1,7,0,0,1,0
05001,Arkansas,2016,5,5,3,0.6,DRUNK_DR,1,,0,,1,5,0.7142857142857143,1,7,0,0,1,0
05001,Arkansas,2017,3,3,1,0.3333333333333333,DRUNK_DR,1,,0,,1,5,0.7142857142857143,1,7,0,0,1,0
05001,Arkansas,2018,2,2,0,0.0,DRUNK_DR,1,,0,,1,5,0.7142857142857143,1,7,0,0,1,0
05001,Arkansas,2019,3,3,1,0.3333333333333333,DRUNK_DR,1,,0,,1,5,0.7142857142857143,1,7,0,0,1,0
05001,Arkansas,2020,5,5,2,0.4,DRUNK_DR,1,,0,,1,5,0.7142857142857143,1,7,0,0,1,0
05001,Arkansas,2021,4,4,2,0.5,DR_DRINK,1,,0,,1,5,0.7142857142857143,1,7,0,0,1,0
05001,Arkansas,2022,4,4,1,0.25,DR_DRINK,1,,0,,1,5,0.7142857142857143,1,7,0,0,1,0
05001,Arkansas,2023,3,3,1,0.3333333333333333,DR_DRINK,1,,0,,1,5,0.7142857142857143,1,7,0,0,1,0
05003,Ashley,2008,5,5,3,0.6,DRUNK_DR,0,,0,,1,3,0.75,1,4,0,0,1,0
05003,Ashley,2009,4,4,1,0.25,DRUNK_DR,0,,0,,1,3,0.75,1,4,0,0,1,0
05003,Ashley,2010,3,3,1,0.3333333333333333,DRUNK_DR,0,,0,,1,3,0.75,1,4,0,0,1,0
05003,Ashley,2011,3,3,0,0.0,DRUNK_DR,0,,0,,1,3,0.75,1,4,0,0,1,0
05003,Ashley,2012,5,6,4,0.8,DRUNK_DR,0,,0,,1,3,0.75,1,4,0,0,1,0
05003,Ashley,2013,3,5,1,0.3333333333333333,DRUNK_DR,0,,0,,1,3,0.75,1,4,0,0,1,0
05003,Ashley,2014,5,5,1,0.2,DRUNK_DR,0,,0,,1,3,0.75,1,4,0,0,1,0
05003,Ashley,2015,6,7,2,0.3333333333333333,DRUNK_DR,0,,0,,1,3,0.75,1,4,0,0,1,0
05003,Ashley,2016,3,3,0,0.0,DRUNK_DR,0,,0,,1,3,0.75,1,4,0,0,1,0
05003,Ashley,2017,4,5,1,0.25,DRUNK_DR,0,,0,,1,3,0.75,1,4,0,0,1,0
05003,Ashley,2018,4,4,1,0.25,DRUNK_DR,0,,0,,1,3,0.75,1,4,0,0,1,0
05003,Ashley,2019,2,2,1,0.5,DRUNK_DR,0,,0,,1,3,0.75,1,4,0,0,1,0
05003,Ashley,2020,5,6,3,0.6,DRUNK_DR,0,,0,,1,3,0.75,1,4,0,0,1,0
05003,Ashley,2021,4,5,1,0.25,DR_DRINK,0,,0,,1,3,0.75,1,4,0,0,1,0
05003,Ashley,2022,3,3,1,0.3333333333333333,DR_DRINK,0,,0,,1,3,0.75,1,4,0,0,1,0
05003,Ashley,2023,3,4,1,0.3333333333333333,DR_DRINK,0,,0,,1,3,0.75,1,4,0,0,1,0
05005,Baxter,2008,10,10,0,0.0,DRUNK_DR,1,,0,,1,1,0.2,1,5,0,0,1,0
05005,Baxter,2009,8,9,2,0.25,DRUNK_DR,1,,0,,1,1,0.2,1,5,0,0,1,0
05005,Baxter,2010,7,7,0,0.0,DRUNK_DR,1,,0,,1,1,0.2,1,5,0,0,1,0
05005,Baxter,2011,5,5,1,0.2,DRUNK_DR,1,,0,,1,1,0.2,1,5,0,0,1,0
05005,Baxter,2012,5,5,2,0.4,DRUNK_DR,1,,0,,1,1,0.2,1,5,0,0,1,0
05005,Baxter,2013,4,4,1,0.25,DRUNK_DR,1,,0,,1,1,0.2,1,5,0,0,1,0
05005,Baxter,2014,6,6,1,0.16666666666666666,DRUNK_DR,1,,0,,1,1,0.2,1,5,0,0,1,0
05005,Baxter,2015,12,12,2,0.16666666666666666,DRUNK_DR,1,,0,,1,1,0.2,1,5,0,0,1,0
05005,Baxter,2016,3,4,0,0.0,DRUNK_DR,1,,0,,1,1,0.2,1,5,0,0,1,0
05005,Baxter,2017,10,11,2,0.2,DRUNK_DR,1,,0,,1,1,0.2,1,5,0,0,1,0
05005,Baxter,2018,5,7,3,0.6,DRUNK_DR,1,,0,,1,1,0.2,1,5,0,0,1,0
05005,Baxter,2019,8,8,2,0.25,DRUNK_DR,1,,0,,1,1,0.2,1,5,0,0,1,0
05005,Baxter,2020,7,8,2,0.2857142857142857,DRUNK_DR,1,,0,,1,1,0.2,1,5,0,0,1,0
05005,Baxter,2021,8,8,3,0.375,DR_DRINK,1,,0,,1,1,0.2,1,5,0,0,1,0
05005,Baxter,2022,4,4,2,0.5,DR_DRINK,1,,0,,1,1,0.2,1,5,0,0,1,0
05005,Baxter,2023,6,7,2,0.3333333333333333,DR_DRINK,1,,0,,1,1,0.2,1,5,0,0,1,0
05007,Benton,2008,24,25,6,0.25,DRUNK_DR,0,2012.0,2012,-4.0,1,3,1.0,1,3,0,1,0,0
05007,Benton,2009,20,22,4,0.2,DRUNK_DR,0,2012.0,2012,-3.0,1,3,1.0,1,3,0,1,0,0
05007,Benton,2010,26,28,10,0.38461538461538464,DRUNK_DR,0,2012.0,2012,-2.0,1,3,1.0,1,3,0,1,0,0
05007,Benton,2011,16,22,3,0.1875,DRUNK_DR,0,2012.0,2012,-1.0,1,3,1.0,1,3,0,1,0,0
05007,Benton,2012,21,22,12,0.5714285714285714,DRUNK_DR,1,2012.0,2012,0.0,1,3,1.0,1,3,0,1,0,0
05007,Benton,2013,17,18,1,0.058823529411764705,DRUNK_DR,1,2012.0,2012,1.0,1,3,1.0,1,3,0,1,0,0
05007,Benton,2014,12,13,2,0.16666666666666666,DRUNK_DR,1,2012.0,2012,2.0,1,3,1.0,1,3,0,1,0,0
05007,Benton,2015,21,25,8,0.38095238095238093,DRUNK_DR,1,2012.0,2012,3.0,1,3,1.0,1,3,0,1,0,0
05007,Benton,2016,27,30,4,0.14814814814814814,DRUNK_DR,1,2012.0,2012,4.0,1,3,1.0,1,3,0,1,0,0
05007,Benton,2017,15,15,4,0.26666666666666666,DRUNK_DR,1,2012.0,2012,5.0,1,3,1.0,1,3,0,1,0,0
05007,Benton,2018,17,18,7,0.4117647058823529,DRUNK_DR,1,2012.0,2012,6.0,1,3,1.0,1,3,0,1,0,0
05007,Benton,2019,22,23,5,0.22727272727272727,DRUNK_DR,1,2012.0,2012,7.0,1,3,1.0,1,3,0,1,0,0
05007,Benton,2020,34,35,13,0.38235294117647056,DRUNK_DR,1,2012.0,2012,8.0,1,3,1.0,1,3,0,1,0,0
05007,Benton,2021,30,35,10,0.3333333333333333,DR_DRINK,1,2012.0,2012,9.0,1,3,1.0,1,3,0,1,0,0
05007,Benton,2022,25,27,5,0.2,DR_DRINK,1,2012.0,2012,10.0,1,3,1.0,1,3,0,1,0,0
05007,Benton,2023,23,26,7,0.30434782608695654,DR_DRINK,1,2012.0,2012,11.0,1,3,1.0,1,3,0,1,0,0
05009,Boone,2008,5,6,1,0.2,DRUNK_DR,1,2010.0,2010,-2.0,1,2,0.5,1,4,0,1,0,0
05009,Boone,2009,8,9,6,0.75,DRUNK_DR,1,2010.0,2010,-1.0,1,2,0.5,1,4,0,1,0,0
05009,Boone,2010,6,6,3,0.5,DRUNK_DR,1,2010.0,2010,0.0,1,2,0.5,1,4,0,1,0,0
05009,Boone,2011,5,6,1,0.2,DRUNK_DR,1,2010.0,2010,1.0,1,2,0.5,1,4,0,1,0,0
05009,Boone,2012,5,5,2,0.4,DRUNK_DR,1,2010.0,2010,2.0,1,2,0.5,1,4,0,1,0,0
05009,Boone,2013,5,6,2,0.4,DRUNK_DR,1,2010.0,2010,3.0,1,2,0.5,1,4,0,1,0,0
05009,Boone,2014,2,3,0,0.0,DRUNK_DR,1,2010.0,2010,4.0,1,2,0.5,1,4,0,1,0,0
05009,Boone,2015,7,9,1,0.14285714285714285,DRUNK_DR,1,2010.0,2010,5.0,1,2,0.5,1,4,0,1,0,0
05009,Boone,2016,6,6,1,0.16666666666666666,DRUNK_DR,1,2010.0,2010,6.0,1,2,0.5,1,4,0,1,0,0
05009,Boone,2017,8,8,1,0.125,DRUNK_DR,1,2010.0,2010,7.0,1,2,0.5,1,4,0,1,0,0
05009,Boone,2018,11,12,3,0.2727272727272727,DRUNK_DR,1,2010.0,2010,8.0,1,2,0.5,1,4,0,1,0,0
05009,Boone,2019,5,6,1,0.2,DRUNK_DR,1,2010.0,2010,9.0,1,2,0.5,1,4,0,1,0,0
05009,Boone,2020,6,7,1,0.16666666666666666,DRUNK_DR,1,2010.0,2010,10.0,1,2,0.5,1,4,0,1,0,0
05009,Boone,2021,12,13,4,0.3333333333333333,DR_DRINK,1,2010.0,2010,11.0,1,2,0.5,1,4,0,1,0,0
05009,Boone,2022,6,6,2,0.3333333333333333,DR_DRINK,1,2010.0,2010,12.0,1,2,0.5,1,4,0,1,0,0
05009,Boone,2023,3,3,0,0.0,DR_DRINK,1,2010.0,2010,13.0,1,2,0.5,1,4,0,1,0,0
05011,Bradley,2008,0,0,0,,,0,,0,,1,4,0.8,1,5,0,0,1,0
05011,Bradley,2009,1,1,0,0.0,DRUNK_DR,0,,0,,1,4,0.8,1,5,0,0,1,0
05011,Bradley,2010,2,2,2,1.0,DRUNK_DR,0,,0,,1,4,0.8,1,5,0,0,1,0
05011,Bradley,2011,5,5,4,0.8,DRUNK_DR,0,,0,,1,4,0.8,1,5,0,0,1,0
05011,Bradley,2012,2,2,1,0.5,DRUNK_DR,0,,0,,1,4,0.8,1,5,0,0,1,0
05011,Bradley,2013,4,4,1,0.25,DRUNK_DR,0,,0,,1,4,0.8,1,5,0,0,1,0
05011,Bradley,2014,0,0,0,,,0,,0,,1,4,0.8,1,5,0,0,1,0
05011,Bradley,2015,1,1,0,0.0,DRUNK_DR,0,,0,,1,4,0.8,1,5,0,0,1,0
05011,Bradley,2016,2,2,0,0.0,DRUNK_DR,0,,0,,1,4,0.8,1,5,0,0,1,0
05011,Bradley,2017,1,1,0,0.0,DRUNK_DR,0,,0,,1,4,0.8,1,5,0,0,1,0
05011,Bradley,2018,0,0,0,,,0,,0,,1,4,0.8,1,5,0,0,1,0
05011,Bradley,2019,2,2,1,0.5,DRUNK_DR,0,,0,,1,4,0.8,1,5,0,0,1,0
05011,Bradley,2020,7,13,3,0.42857142857142855,DRUNK_DR,0,,0,,1,4,0.8,1,5,0,0,1,0
05011,Bradley,2021,1,3,0,0.0,DR_DRINK,0,,0,,1,4,0.8,1,5,0,0,1,0
05011,Bradley,2022,3,3,0,0.0,DR_DRINK,0,,0,,1,4,0.8,1,5,0,0,1,0
05011,Bradley,2023,1,1,0,0.0,DR_DRINK,0,,0,,1,4,0.8,1,5,0,0,1,0
05013,Calhoun,2008,1,1,0,0.0,DRUNK_DR,1,,0,,1,4,0.8,1,5,0,0,1,0
05013,Calhoun,2009,4,4,0,0.0,DRUNK_DR,1,,0,,1,4,0.8,1,5,0,0,1,0
05013,Calhoun,2010,2,3,0,0.0,DRUNK_DR,1,,0,,1,4,0.8,1,5,0,0,1,0
05013,Calhoun,2011,3,3,1,0.3333333333333333,DRUNK_DR,1,,0,,1,4,0.8,1,5,0,0,1,0
05013,Calhoun,2012,3,3,1,0.3333333333333333,DRUNK_DR,1,,0,,1,4,0.8,1,5,0,0,1,0
05013,Calhoun,2013,2,3,1,0.5,DRUNK_DR,1,,0,,1,4,0.8,1,5,0,0,1,0
05013,Calhoun,2014,3,3,1,0.3333333333333333,DRUNK_DR,1,,0,,1,4,0.8,1,5,0,0,1,0
05013,Calhoun,2015,1,1,0,0.0,DRUNK_DR,1,,0,,1,4,0.8,1,5,0,0,1,0
05013,Calhoun,2016,0,0,0,,,1,,0,,1,4,0.8,1,5,0,0,1,0
05013,Calhoun,2017,0,0,0,,,1,,0,,1,4,0.8,1,5,0,0,1,0
05013,Calhoun,2018,2,2,0,0.0,DRUNK_DR,1,,0,,1,4,0.8,1,5,0,0,1,0
05013,Calhoun,2019,3,3,1,0.3333333333333333,DRUNK_DR,1,,0,,1,4,0.8,1,5,0,0,1,0
05013,Calhoun,2020,2,2,1,0.5,DRUNK_DR,1,,0,,1,4,0.8,1,5,0,0,1,0
05013,Calhoun,2021,5,5,0,0.0,DR_DRINK,1,,0,,1,4,0.8,1,5,0,0,1,0
05013,Calhoun,2022,5,5,0,0.0,DR_DRINK,1,,0,,1,4,0.8,1,5,0,0,1,0
05013,Calhoun,2023,0,0,0,,,1,,0,,1,4,0.8,1,5,0,0,1,0
05015,Carroll,2008,11,11,3,0.2727272727272727,DRUNK_DR,1,,0,,1,2,0.5,1,4,0,0,1,0
05015,Carroll,2009,9,10,5,0.5555555555555556,DRUNK_DR,1,,0,,1,2,0.5,1,4,0,0,1,0
05015,Carroll,2010,9,11,5,0.5555555555555556,DRUNK_DR,1,,0,,1,2,0.5,1,4,0,0,1,0
05015,Carroll,2011,10,11,6,0.6,DRUNK_DR,1,,0,,1,2,0.5,1,4,0,0,1,0
05015,Carroll,2012,8,8,1,0.125,DRUNK_DR,1,,0,,1,3,0.75,1,4,0,0,1,0
05015,Carroll,2013,8,8,0,0.0,DRUNK_DR,1,,0,,1,3,0.75,1,4,0,0,1,0
05015,Carroll,2014,3,4,0,0.0,DRUNK_DR,1,,0,,1,3,0.75,1,4,0,0,1,0
05015,Carroll,2015,13,13,6,0.46153846153846156,DRUNK_DR,1,,0,,1,3,0.75,1,4,0,0,1,0
05015,Carroll,2016,9,14,2,0.2222222222222222,DRUNK_DR,1,,0,,1,3,0.75,1,4,0,0,1,0
05015,Carroll,2017,9,11,4,0.4444444444444444,DRUNK_DR,1,,0,,1,3,0.75,1,4,0,0,1,0
05015,Carroll,2018,9,11,4,0.4444444444444444,DRUNK_DR,1,,0,,1,3,0.75,1,4,0,0,1,0
05015,Carroll,2019,3,4,1,0.3333333333333333,DRUNK_DR,1,,0,,1,3,0.75,1,4,0,0,1,0
05015,Carroll,2020,10,10,3,0.3,DRUNK_DR,1,,0,,1,3,0.75,1,4,0,0,1,0
05015,Carroll,2021,4,4,1,0.25,DR_DRINK,1,,0,,1,3,0.75,1,4,0,0,1,0
05015,Carroll,2022,5,5,0,0.0,DR_DRINK,1,,0,,1,3,0.75,1,4,0,0,1,0
05015,Carroll,2023,7,9,2,0.2857142857142857,DR_DRINK,1,,0,,1,3,0.75,1,4,0,0,1,0
05017,Chicot,2008,3,3,1,0.3333333333333333,DRUNK_DR,1,,0,,1,2,0.6666666666666666,1,3,0,0,1,0
05017,Chicot,2009,4,5,1,0.25,DRUNK_DR,1,,0,,1,2,0.6666666666666666,1,3,0,0,1,0
05017,Chicot,2010,2,2,1,0.5,DRUNK_DR,1,,0,,1,2,0.6666666666666666,1,3,0,0,1,0
05017,Chicot,2011,3,3,3,1.0,DRUNK_DR,1,,0,,1,2,0.6666666666666666,1,3,0,0,1,0
05017,Chicot,2012,4,6,1,0.25,DRUNK_DR,1,,0,,1,2,0.6666666666666666,1,3,0,0,1,0
05017,Chicot,2013,0,0,0,,,1,,0,,1,2,0.6666666666666666,1,3,0,0,1,0
05017,Chicot,2014,2,2,0,0.0,DRUNK_DR,1,,0,,1,2,0.6666666666666666,1,3,0,0,1,0
05017,Chicot,2015,6,8,0,0.0,DRUNK_DR,1,,0,,1,2,0.6666666666666666,1,3,0,0,1,0
05017,Chicot,2016,7,10,1,0.14285714285714285,DRUNK_DR,1,,0,,1,2,0.6666666666666666,1,3,0,0,1,0
05017,Chicot,2017,4,5,2,0.5,DRUNK_DR,1,,0,,1,2,0.6666666666666666,1,3,0,0,1,0
05017,Chicot,2018,2,2,0,0.0,DRUNK_DR,1,,0,,1,2,0.6666666666666666,1,3,0,0,1,0
05017,Chicot,2019,5,5,2,0.4,DRUNK_DR,1,,0,,1,2,0.6666666666666666,1,3,0,0,1,0
05017,Chicot,2020,0,0,0,,,1,,0,,1,2,0.6666666666666666,1,3,0,0,1,0
05017,Chicot,2021,3,4,0,0.0,DR_DRINK,1,,0,,1,2,0.6666666666666666,1,3,0,0,1,0
05017,Chicot,2022,3,8,1,0.3333333333333333,DR_DRINK,1,,0,,1,2,0.6666666666666666,1,3,0,0,1,0
05017,Chicot,2023,4,6,2,0.5,DR_DRINK,1,,0,,1,2,0.6666666666666666,1,3,0,0,1,0
05019,Clark,2008,4,4,0,0.0,DRUNK_DR,1,2010.0,2010,-2.0,1,2,0.3333333333333333,1,6,0,1,0,0
05019,Clark,2009,7,7,2,0.2857142857142857,DRUNK_DR,1,2010.0,2010,-1.0,1,2,0.3333333333333333,1,6,0,1,0,0
05019,Clark,2010,6,9,2,0.3333333333333333,DRUNK_DR,1,2010.0,2010,0.0,1,2,0.3333333333333333,1,6,0,1,0,0
05019,Clark,2011,3,3,1,0.3333333333333333,DRUNK_DR,1,2010.0,2010,1.0,1,2,0.3333333333333333,1,6,0,1,0,0
05019,Clark,2012,5,5,2,0.4,DRUNK_DR,1,2010.0,2010,2.0,1,2,0.3333333333333333,1,6,0,1,0,0
05019,Clark,2013,5,6,0,0.0,DRUNK_DR,1,2010.0,2010,3.0,1,2,0.3333333333333333,1,6,0,1,0,0
05019,Clark,2014,7,7,3,0.42857142857142855,DRUNK_DR,1,2010.0,2010,4.0,1,2,0.3333333333333333,1,6,0,1,0,0
05019,Clark,2015,3,3,0,0.0,DRUNK_DR,1,2010.0,2010,5.0,1,2,0.3333333333333333,1,6,0,1,0,0
05019,Clark,2016,2,2,1,0.5,DRUNK_DR,1,2010.0,2010,6.0,1,2,0.3333333333333333,1,6,0,1,0,0
05019,Clark,2017,5,6,1,0.2,DRUNK_DR,1,2010.0,2010,7.0,1,2,0.3333333333333333,1,6,0,1,0,0
05019,Clark,2018,8,8,5,0.625,DRUNK_DR,1,2010.0,2010,8.0,1,2,0.3333333333333333,1,6,0,1,0,0
05019,Clark,2019,5,8,2,0.4,DRUNK_DR,1,2010.0,2010,9.0,1,2,0.3333333333333333,1,6,0,1,0,0
05019,Clark,2020,4,6,1,0.25,DRUNK_DR,1,2010.0,2010,10.0,1,2,0.3333333333333333,1,6,0,1,0,0
05019,Clark,2021,10,13,2,0.2,DR_DRINK,1,2010.0,2010,11.0,1,2,0.3333333333333333,1,6,0,1,0,0
05019,Clark,2022,6,6,0,0.0,DR_DRINK,1,2010.0,2010,12.0,1,3,0.5,1,6,0,1,0,0
05019,Clark,2023,6,7,2,0.3333333333333333,DR_DRINK,1,2010.0,2010,13.0,1,3,0.5,1,6,0,1,0,0
05021,Clay,2008,2,2,0,0.0,DRUNK_DR,0,,0,,1,1,0.5,1,2,0,0,1,0
05021,Clay,2009,2,2,1,0.5,DRUNK_DR,0,,0,,1,1,0.5,1,2,0,0,1,0
05021,Clay,2010,5,5,2,0.4,DRUNK_DR,0,,0,,1,1,0.5,1,2,0,0,1,0
05021,Clay,2011,6,9,0,0.0,DRUNK_DR,0,,0,,1,1,0.5,1,2,0,0,1,0
05021,Clay,2012,2,2,1,0.5,DRUNK_DR,0,,0,,1,1,0.5,1,2,0,0,1,0
05021,Clay,2013,0,0,0,,,0,,0,,1,1,0.5,1,2,0,0,1,0
05021,Clay,2014,4,4,1,0.25,DRUNK_DR,0,,0,,1,1,0.5,1,2,0,0,1,0
05021,Clay,2015,6,6,3,0.5,DRUNK_DR,0,,0,,1,1,0.5,1,2,0,0,1,0
05021,Clay,2016,5,7,0,0.0,DRUNK_DR,0,,0,,1,1,0.5,1,2,0,0,1,0
05021,Clay,2017,5,5,1,0.2,DRUNK_DR,0,,0,,1,1,0.5,1,2,0,0,1,0
05021,Clay,2018,5,7,2,0.4,DRUNK_DR,0,,0,,1,2,1.0,1,2,0,0,1,0
05021,Clay,2019,2,2,1,0.5,DRUNK_DR,0,,0,,1,2,1.0,1,2,0,0,1,0
05021,Clay,2020,1,1,0,0.0,DRUNK_DR,0,,0,,1,2,1.0,1,2,0,0,1,0
05021,Clay,2021,7,8,1,0.14285714285714285,DR_DRINK,0,,0,,1,2,1.0,1,2,0,0,1,0
05021,Clay,2022,3,3,1,0.3333333333333333,DR_DRINK,0,,0,,1,2,1.0,1,2,0,0,1,0
05021,Clay,2023,1,1,0,0.0,DR_DRINK,0,,0,,1,2,1.0,1,2,0,0,1,0
05023,Cleburne,2008,6,6,1,0.16666666666666666,DRUNK_DR,0,,0,,0,0,0.0,0,5,0,0,1,0
05023,Cleburne,2009,4,4,1,0.25,DRUNK_DR,0,,0,,0,0,0.0,0,5,0,0,1,0
05023,Cleburne,2010,6,6,4,0.6666666666666666,DRUNK_DR,0,,0,,0,0,0.0,0,5,0,0,1,0
05023,Cleburne,2011,13,14,8,0.6153846153846154,DRUNK_DR,0,,0,,0,0,0.0,0,5,0,0,1,0
05023,Cleburne,2012,9,9,3,0.3333333333333333,DRUNK_DR,0,,0,,0,0,0.0,0,5,0,0,1,0
05023,Cleburne,2013,5,5,1,0.2,DRUNK_DR,0,,0,,0,0,0.0,0,5,0,0,1,0
05023,Cleburne,2014,6,6,1,0.16666666666666666,DRUNK_DR,0,,0,,0,0,0.0,0,5,0,0,1,0
05023,Cleburne,2015,5,6,1,0.2,DRUNK_DR,0,,0,,0,0,0.0,0,5,0,0,1,0
05023,Cleburne,2016,2,2,2,1.0,DRUNK_DR,0,,0,,0,0,0.0,0,5,0,0,1,0
05023,Cleburne,2017,7,7,2,0.2857142857142857,DRUNK_DR,0,,0,,0,0,0.0,0,5,0,0,1,0
05023,Cleburne,2018,6,6,0,0.0,DRUNK_DR,0,,0,,0,0,0.0,0,5,0,0,1,0
05023,Cleburne,2019,8,10,3,0.375,DRUNK_DR,0,,0,,0,0,0.0,0,5,0,0,1,0
05023,Cleburne,2020,13,14,6,0.46153846153846156,DRUNK_DR,0,,0,,1,1,0.2,1,5,0,0,1,0
05023,Cleburne,2021,5,5,1,0.2,DR_DRINK,0,,0,,1,1,0.2,1,5,0,0,1,0
05023,Cleburne,2022,4,5,2,0.5,DR_DRINK,0,,0,,1,1,0.2,1,5,0,0,1,0
05023,Cleburne,2023,4,4,1,0.25,DR_DRINK,0,,0,,1,1,0.2,1,5,0,0,1,0
05025,Cleveland,2008,2,2,0,0.0,DRUNK_DR,1,,0,,1,4,0.5714285714285714,1,7,0,0,1,0
05025,Cleveland,2009,3,3,0,0.0,DRUNK_DR,1,,0,,1,4,0.5714285714285714,1,7,0,0,1,0
05025,Cleveland,2010,4,4,0,0.0,DRUNK_DR,1,,0,,1,4,0.5714285714285714,1,7,0,0,1,0
05025,Cleveland,2011,3,3,0,0.0,DRUNK_DR,1,,0,,1,4,0.5714285714285714,1,7,0,0,1,0
05025,Cleveland,2012,3,3,1,0.3333333333333333,DRUNK_DR,1,,0,,1,4,0.5714285714285714,1,7,0,0,1,0
05025,Cleveland,2013,3,3,1,0.3333333333333333,DRUNK_DR,1,,0,,1,4,0.5714285714285714,1,7,0,0,1,0
05025,Cleveland,2014,0,0,0,,,1,,0,,1,4,0.5714285714285714,1,7,0,0,1,0
05025,Cleveland,2015,2,2,0,0.0,DRUNK_DR,1,,0,,1,4,0.5714285714285714,1,7,0,0,1,0
05025,Cleveland,2016,3,3,1,0.3333333333333333,DRUNK_DR,1,,0,,1,4,0.5714285714285714,1,7,0,0,1,0
05025,Cleveland,2017,2,2,1,0.5,DRUNK_DR,1,,0,,1,4,0.5714285714285714,1,7,0,0,1,0
05025,Cleveland,2018,1,1,0,0.0,DRUNK_DR,1,,0,,1,4,0.5714285714285714,1,7,0,0,1,0
05025,Cleveland,2019,3,3,0,0.0,DRUNK_DR,1,,0,,1,4,0.5714285714285714,1,7,0,0,1,0
05025,Cleveland,2020,1,1,0,0.0,DRUNK_DR,1,,0,,1,4,0.5714285714285714,1,7,0,0,1,0
05025,Cleveland,2021,3,5,0,0.0,DR_DRINK,1,,0,,1,4,0.5714285714285714,1,7,0,0,1,0
05025,Cleveland,2022,5,5,2,0.4,DR_DRINK,1,,0,,1,4,0.5714285714285714,1,7,0,0,1,0
05025,Cleveland,2023,3,4,0,0.0,DR_DRINK,1,,0,,1,4,0.5714285714285714,1,7,0,0,1,0
05027,Columbia,2008,4,4,1,0.25,DRUNK_DR,0,2014.0,2014,-6.0,1,2,0.5,1,4,0,1,0,0
05027,Columbia,2009,3,3,1,0.3333333333333333,DRUNK_DR,0,2014.0,2014,-5.0,1,2,0.5,1,4,0,1,0,0
05027,Columbia,2010,5,6,1,0.2,DRUNK_DR,0,2014.0,2014,-4.0,1,2,0.5,1,4,0,1,0,0
05027,Columbia,2011,9,11,3,0.3333333333333333,DRUNK_DR,0,2014.0,2014,-3.0,1,2,0.5,1,4,0,1,0,0
05027,Columbia,2012,5,5,4,0.8,DRUNK_DR,0,2014.0,2014,-2.0,1,2,0.5,1,4,0,1,0,0
05027,Columbia,2013,5,5,3,0.6,DRUNK_DR,0,2014.0,2014,-1.0,1,2,0.5,1,4,0,1,0,0
05027,Columbia,2014,4,4,1,0.25,DRUNK_DR,1,2014.0,2014,0.0,1,2,0.5,1,4,0,1,0,0
05027,Columbia,2015,1,1,1,1.0,DRUNK_DR,1,2014.0,2014,1.0,1,2,0.5,1,4,0,1,0,0
05027,Columbia,2016,5,5,1,0.2,DRUNK_DR,1,2014.0,2014,2.0,1,2,0.5,1,4,0,1,0,0
05027,Columbia,2017,3,3,3,1.0,DRUNK_DR,1,2014.0,2014,3.0,1,2,0.5,1,4,0,1,0,0
05027,Columbia,2018,2,2,0,0.0,DRUNK_DR,1,2014.0,2014,4.0,1,2,0.5,1,4,0,1,0,0
05027,Columbia,2019,4,4,2,0.5,DRUNK_DR,1,2014.0,2014,5.0,1,2,0.5,1,4,0,1,0,0
05027,Columbia,2020,6,7,1,0.16666666666666666,DRUNK_DR,1,2014.0,2014,6.0,1,2,0.5,1,4,0,1,0,0
05027,Columbia,2021,6,7,4,0.6666666666666666,DR_DRINK,1,2014.0,2014,7.0,1,2,0.5,1,4,0,1,0,0
05027,Columbia,2022,8,8,2,0.25,DR_DRINK,1,2014.0,2014,8.0,1,2,0.5,1,4,0,1,0,0
05027,Columbia,2023,2,2,1,0.5,DR_DRINK,1,2014.0,2014,9.0,1,2,0.5,1,4,0,1,0,0
05029,Conway,2008,7,7,0,0.0,DRUNK_DR,1,,0,,0,0,0.0,0,5,0,0,1,0
05029,Conway,2009,4,4,2,0.5,DRUNK_DR,1,,0,,0,0,0.0,0,5,0,0,1,0
05029,Conway,2010,9,9,2,0.2222222222222222,DRUNK_DR,1,,0,,0,0,0.0,0,5,0,0,1,0
05029,Conway,2011,4,4,1,0.25,DRUNK_DR,1,,0,,0,0,0.0,0,5,0,0,1,0
05029,Conway,2012,9,11,3,0.3333333333333333,DRUNK_DR,1,,0,,0,0,0.0,0,5,0,0,1,0
05029,Conway,2013,7,7,3,0.42857142857142855,DRUNK_DR,1,,0,,0,0,0.0,0,5,0,0,1,0
05029,Conway,2014,6,6,1,0.16666666666666666,DRUNK_DR,1,,0,,0,0,0.0,0,5,0,0,1,0
05029,Conway,2015,5,5,0,0.0,DRUNK_DR,1,,0,,0,0,0.0,0,5,0,0,1,0
05029,Conway,2016,4,4,1,0.25,DRUNK_DR,1,,0,,0,0,0.0,0,5,0,0,1,0
05029,Conway,2017,4,4,1,0.25,DRUNK_DR,1,,0,,0,0,0.0,0,5,0,0,1,0
05029,Conway,2018,4,4,3,0.75,DRUNK_DR,1,,0,,0,0,0.0,0,5,0,0,1,0
05029,Conway,2019,5,6,1,0.2,DRUNK_DR,1,,0,,0,0,0.0,0,5,0,0,1,0
05029,Conway,2020,6,6,3,0.5,DRUNK_DR,1,,0,,1,1,0.2,1,5,0,0,1,0
05029,Conway,2021,6,6,1,0.16666666666666666,DR_DRINK,1,,0,,1,1,0.2,1,5,0,0,1,0
05029,Conway,2022,5,5,1,0.2,DR_DRINK,1,,0,,1,1,0.2,1,5,0,0,1,0
05029,Conway,2023,4,4,1,0.25,DR_DRINK,1,,0,,1,1,0.2,1,5,0,0,1,0
05031,Craighead,2008,17,17,6,0.35294117647058826,DRUNK_DR,0,,0,,1,4,0.8,1,5,0,0,1,0
05031,Craighead,2009,19,25,2,0.10526315789473684,DRUNK_DR,0,,0,,1,4,0.8,1,5,0,0,1,0
05031,Craighead,2010,16,17,2,0.125,DRUNK_DR,0,,0,,1,4,0.8,1,5,0,0,1,0
05031,Craighead,2011,17,20,4,0.23529411764705882,DRUNK_DR,0,,0,,1,4,0.8,1,5,0,0,1,0
05031,Craighead,2012,18,23,4,0.2222222222222222,DRUNK_DR,0,,0,,1,4,0.8,1,5,0,0,1,0
05031,Craighead,2013,12,14,5,0.4166666666666667,DRUNK_DR,0,,0,,1,4,0.8,1,5,0,0,1,0
05031,Craighead,2014,11,12,3,0.2727272727272727,DRUNK_DR,0,,0,,1,4,0.8,1,5,0,0,1,0
05031,Craighead,2015,16,17,2,0.125,DRUNK_DR,0,,0,,1,4,0.8,1,5,0,0,1,0
05031,Craighead,2016,17,18,5,0.29411764705882354,DRUNK_DR,0,,0,,1,4,0.8,1,5,0,0,1,0
05031,Craighead,2017,16,17,5,0.3125,DRUNK_DR,0,,0,,1,4,0.8,1,5,0,0,1,0
05031,Craighead,2018,17,18,2,0.11764705882352941,DRUNK_DR,0,,0,,1,4,0.8,1,5,0,0,1,0
05031,Craighead,2019,17,18,3,0.17647058823529413,DRUNK_DR,0,,0,,1,4,0.8,1,5,0,0,1,0
05031,Craighead,2020,17,20,8,0.47058823529411764,DRUNK_DR,0,,0,,1,4,0.8,1,5,0,0,1,0
05031,Craighead,2021,18,19,4,0.2222222222222222,DR_DRINK,0,,0,,1,4,0.8,1,5,0,0,1,0
05031,Craighead,2022,17,26,4,0.23529411764705882,DR_DRINK,0,,0,,1,4,0.8,1,5,0,0,1,0
05031,Craighead,2023,9,10,2,0.2222222222222222,DR_DRINK,0,,0,,1,4,0.8,1,5,0,0,1,0
05033,Crawford,2008,9,11,3,0.3333333333333333,DRUNK_DR,0,,0,,1,3,0.75,1,4,0,0,1,0
05033,Crawford,2009,9,9,2,0.2222222222222222,DRUNK_DR,0,,0,,1,3,0.75,1,4,0,0,1,0
05033,Crawford,2010,4,4,0,0.0,DRUNK_DR,0,,0,,1,3,0.75,1,4,0,0,1,0
05033,Crawford,2011,8,8,2,0.25,DRUNK_DR,0,,0,,1,3,0.75,1,4,0,0,1,0
05033,Crawford,2012,7,7,2,0.2857142857142857,DRUNK_DR,0,,0,,1,3,0.75,1,4,0,0,1,0
05033,Crawford,2013,5,6,2,0.4,DRUNK_DR,0,,0,,1,3,0.75,1,4,0,0,1,0
05033,Crawford,2014,12,12,5,0.4166666666666667,DRUNK_DR,0,,0,,1,3,0.75,1,4,0,0,1,0
05033,Crawford,2015,10,10,0,0.0,DRUNK_DR,0,,0,,1,3,0.75,1,4,0,0,1,0
05033,Crawford,2016,12,12,2,0.16666666666666666,DRUNK_DR,0,,0,,1,3,0.75,1,4,0,0,1,0
05033,Crawford,2017,10,12,4,0.4,DRUNK_DR,0,,0,,1,3,0.75,1,4,0,0,1,0
05033,Crawford,2018,9,12,5,0.5555555555555556,DRUNK_DR,0,,0,,1,3,0.75,1,4,0,0,1,0
05033,Crawford,2019,6,6,1,0.16666666666666666,DRUNK_DR,0,,0,,1,3,0.75,1,4,0,0,1,0
05033,Crawford,2020,7,8,2,0.2857142857142857,DRUNK_DR,0,,0,,1,3,0.75,1,4,0,0,1,0
05033,Crawford,2021,9,10,2,0.2222222222222222,DR_DRINK,0,,0,,1,3,0.75,1,4,0,0,1,0
05033,Crawford,2022,8,10,1,0.125,DR_DRINK,0,,0,,1,3,0.75,1,4,0,0,1,0
05033,Crawford,2023,4,4,0,0.0,DR_DRINK,0,,0,,1,3,0.75,1,4,0,0,1,0
05035,Crittenden,2008,10,12,0,0.0,DRUNK_DR,1,,0,,1,5,1.0,1,5,0,0,1,0
05035,Crittenden,2009,9,12,3,0.3333333333333333,DRUNK_DR,1,,0,,1,5,1.0,1,5,0,0,1,0
05035,Crittenden,2010,11,11,5,0.45454545454545453,DRUNK_DR,1,,0,,1,5,1.0,1,5,0,0,1,0
05035,Crittenden,2011,11,12,5,0.45454545454545453,DRUNK_DR,1,,0,,1,5,1.0,1,5,0,0,1,0
05035,Crittenden,2012,13,16,3,0.23076923076923078,DRUNK_DR,1,,0,,1,5,1.0,1,5,0,0,1,0
05035,Crittenden,2013,11,15,6,0.5454545454545454,DRUNK_DR,1,,0,,1,5,1.0,1,5,0,0,1,0
05035,Crittenden,2014,11,12,4,0.36363636363636365,DRUNK_DR,1,,0,,1,5,1.0,1,5,0,0,1,0
05035,Crittenden,2015,10,14,1,0.1,DRUNK_DR,1,,0,,1,5,1.0,1,5,0,0,1,0
05035,Crittenden,2016,14,14,2,0.14285714285714285,DRUNK_DR,1,,0,,1,5,1.0,1,5,0,0,1,0
05035,Crittenden,2017,9,9,1,0.1111111111111111,DRUNK_DR,1,,0,,1,5,1.0,1,5,0,0,1,0
05035,Crittenden,2018,19,21,4,0.21052631578947367,DRUNK_DR,1,,0,,1,5,1.0,1,5,0,0,1,0
05035,Crittenden,2019,8,9,4,0.5,DRUNK_DR,1,,0,,1,5,1.0,1,5,0,0,1,0
05035,Crittenden,2020,13,13,4,0.3076923076923077,DRUNK_DR,1,,0,,1,5,1.0,1,5,0,0,1,0
05035,Crittenden,2021,9,9,2,0.2222222222222222,DR_DRINK,1,,0,,1,5,1.0,1,5,0,0,1,0
05035,Crittenden,2022,17,17,4,0.23529411764705882,DR_DRINK,1,,0,,1,5,1.0,1,5,0,0,1,0
05035,Crittenden,2023,22,23,5,0.22727272727272727,DR_DRINK,1,,0,,1,5,1.0,1,5,0,0,1,0
05037,Cross,2008,6,7,1,0.16666666666666666,DRUNK_DR,1,,0,,1,5,1.0,1,5,0,0,1,0
05037,Cross,2009,2,3,2,1.0,DRUNK_DR,1,,0,,1,5,1.0,1,5,0,0,1,0
05037,Cross,2010,6,6,1,0.16666666666666666,DRUNK_DR,1,,0,,1,5,1.0,1,5,0,0,1,0
05037,Cross,2011,2,2,0,0.0,DRUNK_DR,1,,0,,1,5,1.0,1,5,0,0,1,0
05037,Cross,2012,2,2,0,0.0,DRUNK_DR,1,,0,,1,5,1.0,1,5,0,0,1,0
05037,Cross,2013,2,2,1,0.5,DRUNK_DR,1,,0,,1,5,1.0,1,5,0,0,1,0
05037,Cross,2014,5,5,1,0.2,DRUNK_DR,1,,0,,1,5,1.0,1,5,0,0,1,0
05037,Cross,2015,3,3,1,0.3333333333333333,DRUNK_DR,1,,0,,1,5,1.0,1,5,0,0,1,0
05037,Cross,2016,2,2,0,0.0,DRUNK_DR,1,,0,,1,5,1.0,1,5,0,0,1,0
05037,Cross,2017,4,4,2,0.5,DRUNK_DR,1,,0,,1,5,1.0,1,5,0,0,1,0
05037,Cross,2018,4,4,0,0.0,DRUNK_DR,1,,0,,1,5,1.0,1,5,0,0,1,0
05037,Cross,2019,8,8,1,0.125,DRUNK_DR,1,,0,,1,5,1.0,1,5,0,0,1,0
05037,Cross,2020,4,5,0,0.0,DRUNK_DR,1,,0,,1,5,1.0,1,5,0,0,1,0
05037,Cross,2021,2,2,0,0.0,DR_DRINK,1,,0,,1,5,1.0,1,5,0,0,1,0
05037,Cross,2022,2,4,0,0.0,DR_DRINK,1,,0,,1,5,1.0,1,5,0,0,1,0
05037,Cross,2023,1,1,0,0.0,DR_DRINK,1,,0,,1,5,1.0,1,5,0,0,1,0
05039,Dallas,2008,3,3,0,0.0,DRUNK_DR,1,,0,,1,4,0.6666666666666666,1,6,0,0,1,0
05039,Dallas,2009,3,3,1,0.3333333333333333,DRUNK_DR,1,,0,,1,4,0.6666666666666666,1,6,0,0,1,0
05039,Dallas,2010,1,1,0,0.0,DRUNK_DR,1,,0,,1,4,0.6666666666666666,1,6,0,0,1,0
05039,Dallas,2011,2,2,1,0.5,DRUNK_DR,1,,0,,1,4,0.6666666666666666,1,6,0,0,1,0
05039,Dallas,2012,2,2,1,0.5,DRUNK_DR,1,,0,,1,4,0.6666666666666666,1,6,0,0,1,0
05039,Dallas,2013,1,1,1,1.0,DRUNK_DR,1,,0,,1,4,0.6666666666666666,1,6,0,0,1,0
05039,Dallas,2014,3,3,0,0.0,DRUNK_DR,1,,0,,1,4,0.6666666666666666,1,6,0,0,1,0
05039,Dallas,2015,3,5,1,0.3333333333333333,DRUNK_DR,1,,0,,1,4,0.6666666666666666,1,6,0,0,1,0
05039,Dallas,2016,0,0,0,,,1,,0,,1,4,0.6666666666666666,1,6,0,0,1,0
05039,Dallas,2017,1,1,0,0.0,DRUNK_DR,1,,0,,1,4,0.6666666666666666,1,6,0,0,1,0
05039,Dallas,2018,0,0,0,,,1,,0,,1,4,0.6666666666666666,1,6,0,0,1,0
05039,Dallas,2019,0,0,0,,,1,,0,,1,4,0.6666666666666666,1,6,0,0,1,0
05039,Dallas,2020,2,2,1,0.5,DRUNK_DR,1,,0,,1,4,0.6666666666666666,1,6,0,0,1,0
05039,Dallas,2021,3,3,1,0.3333333333333333,DR_DRINK,1,,0,,1,4,0.6666666666666666,1,6,0,0,1,0
05039,Dallas,2022,2,2,1,0.5,DR_DRINK,1,,0,,1,5,0.8333333333333334,1,6,0,0,1,0
05039,Dallas,2023,4,4,1,0.25,DR_DRINK,1,,0,,1,5,0.8333333333333334,1,6,0,0,1,0
05041,Desha,2008,1,1,0,0.0,DRUNK_DR,1,,0,,1,4,0.8,1,5,0,0,1,0
05041,Desha,2009,3,3,0,0.0,DRUNK_DR,1,,0,,1,4,0.8,1,5,0,0,1,0
05041,Desha,2010,5,6,0,0.0,DRUNK_DR,1,,0,,1,4,0.8,1,5,0,0,1,0
05041,Desha,2011,3,3,0,0.0,DRUNK_DR,1,,0,,1,4,0.8,1,5,0,0,1,0
05041,Desha,2012,5,7,0,0.0,DRUNK_DR,1,,0,,1,4,0.8,1,5,0,0,1,0
05041,Desha,2013,2,2,1,0.5,DRUNK_DR,1,,0,,1,4,0.8,1,5,0,0,1,0
05041,Desha,2014,2,2,0,0.0,DRUNK_DR,1,,0,,1,4,0.8,1,5,0,0,1,0
05041,Desha,2015,3,3,1,0.3333333333333333,DRUNK_DR,1,,0,,1,4,0.8,1,5,0,0,1,0
05041,Desha,2016,3,3,1,0.3333333333333333,DRUNK_DR,1,,0,,1,4,0.8,1,5,0,0,1,0
05041,Desha,2017,1,1,1,1.0,DRUNK_DR,1,,0,,1,4,0.8,1,5,0,0,1,0
05041,Desha,2018,3,3,1,0.3333333333333333,DRUNK_DR,1,,0,,1,4,0.8,1,5,0,0,1,0
05041,Desha,2019,2,2,1,0.5,DRUNK_DR,1,,0,,1,4,0.8,1,5,0,0,1,0
05041,Desha,2020,2,3,0,0.0,DRUNK_DR,1,,0,,1,4,0.8,1,5,0,0,1,0
05041,Desha,2021,1,1,0,0.0,DR_DRINK,1,,0,,1,4,0.8,1,5,0,0,1,0
05041,Desha,2022,0,0,0,,,1,,0,,1,4,0.8,1,5,0,0,1,0
05041,Desha,2023,2,2,0,0.0,DR_DRINK,1,,0,,1,4,0.8,1,5,0,0,1,0
05043,Drew,2008,7,7,1,0.14285714285714285,DRUNK_DR,1,,0,,1,3,0.5,1,6,0,0,1,0
05043,Drew,2009,4,4,1,0.25,DRUNK_DR,1,,0,,1,3,0.5,1,6,0,0,1,0
05043,Drew,2010,2,2,1,0.5,DRUNK_DR,1,,0,,1,3,0.5,1,6,0,0,1,0
05043,Drew,2011,3,3,0,0.0,DRUNK_DR,1,,0,,1,3,0.5,1,6,0,0,1,0
05043,Drew,2012,3,3,0,0.0,DRUNK_DR,1,,0,,1,3,0.5,1,6,0,0,1,0
05043,Drew,2013,4,4,0,0.0,DRUNK_DR,1,,0,,1,3,0.5,1,6,0,0,1,0
05043,Drew,2014,3,3,0,0.0,DRUNK_DR,1,,0,,1,3,0.5,1,6,0,0,1,0
05043,Drew,2015,5,5,1,0.2,DRUNK_DR,1,,0,,1,3,0.5,1,6,0,0,1,0
05043,Drew,2016,7,8,0,0.0,DRUNK_DR,1,,0,,1,3,0.5,1,6,0,0,1,0
05043,Drew,2017,2,2,1,0.5,DRUNK_DR,1,,0,,1,3,0.5,1,6,0,0,1,0
05043,Drew,2018,5,6,2,0.4,DRUNK_DR,1,,0,,1,3,0.5,1,6,0,0,1,0
05043,Drew,2019,4,4,3,0.75,DRUNK_DR,1,,0,,1,3,0.5,1,6,0,0,1,0
05043,Drew,2020,4,5,1,0.25,DRUNK_DR,1,,0,,1,3,0.5,1,6,0,0,1,0
05043,Drew,2021,4,4,1,0.25,DR_DRINK,1,,0,,1,3,0.5,1,6,0,0,1,0
05043,Drew,2022,5,6,1,0.2,DR_DRINK,1,,0,,1,3,0.5,1,6,0,0,1,0
05043,Drew,2023,3,3,2,0.6666666666666666,DR_DRINK,1,,0,,1,3,0.5,1,6,0,0,1,0
05045,Faulkner,2008,16,16,7,0.4375,DRUNK_DR,0,,0,,1,2,0.2857142857142857,1,7,0,0,1,0
05045,Faulkner,2009,13,13,4,0.3076923076923077,DRUNK_DR,0,,0,,1,2,0.2857142857142857,1,7,0,0,1,0
05045,Faulkner,2010,17,20,5,0.29411764705882354,DRUNK_DR,0,,0,,1,2,0.2857142857142857,1,7,0,0,1,0
05045,Faulkner,2011,10,11,3,0.3,DRUNK_DR,0,,0,,1,2,0.2857142857142857,1,7,0,0,1,0
05045,Faulkner,2012,13,14,5,0.38461538461538464,DRUNK_DR,0,,0,,1,2,0.2857142857142857,1,7,0,0,1,0
05045,Faulkner,2013,14,14,2,0.14285714285714285,DRUNK_DR,0,,0,,1,2,0.2857142857142857,1,7,0,0,1,0
05045,Faulkner,2014,13,14,3,0.23076923076923078,DRUNK_DR,0,,0,,1,2,0.2857142857142857,1,7,0,0,1,0
05045,Faulkner,2015,13,14,6,0.46153846153846156,DRUNK_DR,0,,0,,1,2,0.2857142857142857,1,7,0,0,1,0
05045,Faulkner,2016,14,15,1,0.07142857142857142,DRUNK_DR,0,,0,,1,2,0.2857142857142857,1,7,0,0,1,0
05045,Faulkner,2017,17,19,4,0.23529411764705882,DRUNK_DR,0,,0,,1,2,0.2857142857142857,1,7,0,0,1,0
05045,Faulkner,2018,19,21,4,0.21052631578947367,DRUNK_DR,0,,0,,1,2,0.2857142857142857,1,7,0,0,1,0
05045,Faulkner,2019,4,4,1,0.25,DRUNK_DR,0,,0,,1,2,0.2857142857142857,1,7,0,0,1,0
05045,Faulkner,2020,15,15,3,0.2,DRUNK_DR,0,,0,,1,3,0.4285714285714285,1,7,0,0,1,0
05045,Faulkner,2021,20,21,7,0.35,DR_DRINK,0,,0,,1,3,0.4285714285714285,1,7,0,0,1,0
05045,Faulkner,2022,18,18,6,0.3333333333333333,DR_DRINK,0,,0,,1,3,0.4285714285714285,1,7,0,0,1,0
05045,Faulkner,2023,17,19,7,0.4117647058823529,DR_DRINK,0,,0,,1,3,0.4285714285714285,1,7,0,0,1,0
05047,Franklin,2008,5,5,3,0.6,DRUNK_DR,1,,0,,1,1,0.2,1,5,0,0,1,0
05047,Franklin,2009,5,6,1,0.2,DRUNK_DR,1,,0,,1,1,0.2,1,5,0,0,1,0
05047,Franklin,2010,1,1,1,1.0,DRUNK_DR,1,,0,,1,1,0.2,1,5,0,0,1,0
05047,Franklin,2011,5,5,2,0.4,DRUNK_DR,1,,0,,1,1,0.2,1,5,0,0,1,0
05047,Franklin,2012,6,6,2,0.3333333333333333,DRUNK_DR,1,,0,,1,1,0.2,1,5,0,0,1,0
05047,Franklin,2013,3,3,1,0.3333333333333333,DRUNK_DR,1,,0,,1,1,0.2,1,5,0,0,1,0
05047,Franklin,2014,5,5,3,0.6,DRUNK_DR,1,,0,,1,1,0.2,1,5,0,0,1,0
05047,Franklin,2015,5,5,1,0.2,DRUNK_DR,1,,0,,1,1,0.2,1,5,0,0,1,0
05047,Franklin,2016,6,6,0,0.0,DRUNK_DR,1,,0,,1,1,0.2,1,5,0,0,1,0
05047,Franklin,2017,5,7,1,0.2,DRUNK_DR,1,,0,,1,1,0.2,1,5,0,0,1,0
05047,Franklin,2018,4,4,2,0.5,DRUNK_DR,1,,0,,1,1,0.2,1,5,0,0,1,0
05047,Franklin,2019,3,3,0,0.0,DRUNK_DR,1,,0,,1,1,0.2,1,5,0,0,1,0
05047,Franklin,2020,9,10,0,0.0,DRUNK_DR,1,,0,,1,1,0.2,1,5,0,0,1,0
05047,Franklin,2021,8,9,2,0.25,DR_DRINK,1,,0,,1,1,0.2,1,5,0,0,1,0
05047,Franklin,2022,3,3,0,0.0,DR_DRINK,1,,0,,1,1,0.2,1,5,0,0,1,0
05047,Franklin,2023,5,5,1,0.2,DR_DRINK,1,,0,,1,1,0.2,1,5,0,0,1,0
05049,Fulton,2008,5,5,1,0.2,DRUNK_DR,0,,0,,1,1,0.3333333333333333,1,3,0,0,1,0
05049,Fulton,2009,6,7,1,0.16666666666666666,DRUNK_DR,0,,0,,1,1,0.3333333333333333,1,3,0,0,1,0
05049,Fulton,2010,2,2,0,0.0,DRUNK_DR,0,,0,,1,1,0.3333333333333333,1,3,0,0,1,0
05049,Fulton,2011,2,2,1,0.5,DRUNK_DR,0,,0,,1,1,0.3333333333333333,1,3,0,0,1,0
05049,Fulton,2012,4,4,1,0.25,DRUNK_DR,0,,0,,1,2,0.6666666666666666,1,3,0,0,1,0
05049,Fulton,2013,4,4,1,0.25,DRUNK_DR,0,,0,,1,2,0.6666666666666666,1,3,0,0,1,0
05049,Fulton,2014,1,1,1,1.0,DRUNK_DR,0,,0,,1,2,0.6666666666666666,1,3,0,0,1,0
05049,Fulton,2015,4,4,1,0.25,DRUNK_DR,0,,0,,1,2,0.6666666666666666,1,3,0,0,1,0
05049,Fulton,2016,4,5,0,0.0,DRUNK_DR,0,,0,,1,2,0.6666666666666666,1,3,0,0,1,0
05049,Fulton,2017,3,3,1,0.3333333333333333,DRUNK_DR,0,,0,,1,2,0.6666666666666666,1,3,0,0,1,0
05049,Fulton,2018,1,1,0,0.0,DRUNK_DR,0,,0,,1,2,0.6666666666666666,1,3,0,0,1,0
05049,Fulton,2019,4,4,0,0.0,DRUNK_DR,0,,0,,1,2,0.6666666666666666,1,3,0,0,1,0
05049,Fulton,2020,6,7,1,0.16666666666666666,DRUNK_DR,0,,0,,1,2,0.6666666666666666,1,3,0,0,1,0
05049,Fulton,2021,7,9,1,0.14285714285714285,DR_DRINK,0,,0,,1,2,0.6666666666666666,1,3,0,0,1,0
05049,Fulton,2022,6,6,2,0.3333333333333333,DR_DRINK,0,,0,,1,2,0.6666666666666666,1,3,0,0,1,0
05049,Fulton,2023,3,3,1,0.3333333333333333,DR_DRINK,0,,0,,1,2,0.6666666666666666,1,3,0,0,1,0
05051,Garland,2008,17,17,6,0.35294117647058826,DRUNK_DR,1,,0,,0,0,0.0,0,5,0,0,1,0
05051,Garland,2009,13,13,6,0.46153846153846156,DRUNK_DR,1,,0,,0,0,0.0,0,5,0,0,1,0
05051,Garland,2010,14,14,5,0.35714285714285715,DRUNK_DR,1,,0,,0,0,0.0,0,5,0,0,1,0
05051,Garland,2011,11,11,6,0.5454545454545454,DRUNK_DR,1,,0,,0,0,0.0,0,5,0,0,1,0
05051,Garland,2012,17,18,5,0.29411764705882354,DRUNK_DR,1,,0,,0,0,0.0,0,5,0,0,1,0
05051,Garland,2013,21,21,10,0.47619047619047616,DRUNK_DR,1,,0,,0,0,0.0,0,5,0,0,1,0
05051,Garland,2014,18,18,7,0.3888888888888889,DRUNK_DR,1,,0,,1,1,0.2,1,5,0,0,1,0
05051,Garland,2015,23,26,9,0.391304347826087,DRUNK_DR,1,,0,,1,1,0.2,1,5,0,0,1,0
05051,Garland,2016,27,31,6,0.2222222222222222,DRUNK_DR,1,,0,,1,1,0.2,1,5,0,0,1,0
05051,Garland,2017,13,13,1,0.07692307692307693,DRUNK_DR,1,,0,,1,1,0.2,1,5,0,0,1,0
05051,Garland,2018,16,18,6,0.375,DRUNK_DR,1,,0,,1,1,0.2,1,5,0,0,1,0
05051,Garland,2019,20,21,5,0.25,DRUNK_DR,1,,0,,1,1,0.2,1,5,0,0,1,0
05051,Garland,2020,18,18,3,0.16666666666666666,DRUNK_DR,1,,0,,1,1,0.2,1,5,0,0,1,0
05051,Garland,2021,20,23,3,0.15,DR_DRINK,1,,0,,1,1,0.2,1,5,0,0,1,0
05051,Garland,2022,17,23,6,0.35294117647058826,DR_DRINK,1,,0,,1,2,0.4,1,5,0,0,1,0
05051,Garland,2023,15,16,6,0.4,DR_DRINK,1,,0,,1,2,0.4,1,5,0,0,1,0
05053,Grant,2008,3,3,0,0.0,DRUNK_DR,0,,0,,1,4,0.6666666666666666,1,6,0,0,1,0
05053,Grant,2009,6,6,0,0.0,DRUNK_DR,0,,0,,1,4,0.6666666666666666,1,6,0,0,1,0
05053,Grant,2010,7,7,1,0.14285714285714285,DRUNK_DR,0,,0,,1,4,0.6666666666666666,1,6,0,0,1,0
05053,Grant,2011,4,4,0,0.0,DRUNK_DR,0,,0,,1,4,0.6666666666666666,1,6,0,0,1,0
05053,Grant,2012,5,8,2,0.4,DRUNK_DR,0,,0,,1,4,0.6666666666666666,1,6,0,0,1,0
05053,Grant,2013,5,5,1,0.2,DRUNK_DR,0,,0,,1,4,0.6666666666666666,1,6,0,0,1,0
05053,Grant,2014,3,3,0,0.0,DRUNK_DR,0,,0,,1,5,0.8333333333333334,1,6,0,0,1,0
05053,Grant,2015,3,3,2,0.6666666666666666,DRUNK_DR,0,,0,,1,5,0.8333333333333334,1,6,0,0,1,0
05053,Grant,2016,4,4,0,0.0,DRUNK_DR,0,,0,,1,5,0.8333333333333334,1,6,0,0,1,0
05053,Grant,2017,4,5,1,0.25,DRUNK_DR,0,,0,,1,5,0.8333333333333334,1,6,0,0,1,0
05053,Grant,2018,6,6,0,0.0,DRUNK_DR,0,,0,,1,5,0.8333333333333334,1,6,0,0,1,0
05053,Grant,2019,5,7,0,0.0,DRUNK_DR,0,,0,,1,5,0.8333333333333334,1,6,0,0,1,0
05053,Grant,2020,5,6,0,0.0,DRUNK_DR,0,,0,,1,5,0.8333333333333334,1,6,0,0,1,0
05053,Grant,2021,7,7,1,0.14285714285714285,DR_DRINK,0,,0,,1,5,0.8333333333333334,1,6,0,0,1,0
05053,Grant,2022,4,4,1,0.25,DR_DRINK,0,,0,,1,6,1.0,1,6,0,0,1,0
05053,Grant,2023,8,10,1,0.125,DR_DRINK,0,,0,,1,6,1.0,1,6,0,0,1,0
05055,Greene,2008,11,13,2,0.18181818181818182,DRUNK_DR,1,,0,,0,0,0.0,0,4,0,0,1,0
05055,Greene,2009,5,8,2,0.4,DRUNK_DR,1,,0,,0,0,0.0,0,4,0,0,1,0
05055,Greene,2010,9,11,1,0.1111111111111111,DRUNK_DR,1,,0,,0,0,0.0,0,4,0,0,1,0
05055,Greene,2011,6,6,1,0.16666666666666666,DRUNK_DR,1,,0,,0,0,0.0,0,4,0,0,1,0
05055,Greene,2012,8,9,1,0.125,DRUNK_DR,1,,0,,0,0,0.0,0,4,0,0,1,0
05055,Greene,2013,6,6,1,0.16666666666666666,DRUNK_DR,1,,0,,0,0,0.0,0,4,0,0,1,0
05055,Greene,2014,10,16,1,0.1,DRUNK_DR,1,,0,,0,0,0.0,0,4,0,0,1,0
05055,Greene,2015,8,8,1,0.125,DRUNK_DR,1,,0,,0,0,0.0,0,4,0,0,1,0
05055,Greene,2016,4,4,1,0.25,DRUNK_DR,1,,0,,0,0,0.0,0,4,0,0,1,0
05055,Greene,2017,8,9,1,0.125,DRUNK_DR,1,,0,,0,0,0.0,0,4,0,0,1,0
05055,Greene,2018,9,9,1,0.1111111111111111,DRUNK_DR,1,,0,,1,1,0.25,1,4,0,0,1,0
05055,Greene,2019,7,8,1,0.14285714285714285,DRUNK_DR,1,,0,,1,1,0.25,1,4,0,0,1,0
05055,Greene,2020,7,7,3,0.42857142857142855,DRUNK_DR,1,,0,,1,1,0.25,1,4,0,0,1,0
05055,Greene,2021,7,8,3,0.42857142857142855,DR_DRINK,1,,0,,1,1,0.25,1,4,0,0,1,0
05055,Greene,2022,7,7,1,0.14285714285714285,DR_DRINK,1,,0,,1,1,0.25,1,4,0,0,1,0
05055,Greene,2023,11,13,0,0.0,DR_DRINK,1,,0,,1,1,0.25,1,4,0,0,1,0
05057,Hempstead,2008,7,7,3,0.42857142857142855,DRUNK_DR,0,,0,,1,1,0.1666666666666667,1,6,0,0,1,0
05057,Hempstead,2009,6,7,2,0.3333333333333333,DRUNK_DR,0,,0,,1,1,0.1666666666666667,1,6,0,0,1,0
05057,Hempstead,2010,7,10,4,0.5714285714285714,DRUNK_DR,0,,0,,1,1,0.1666666666666667,1,6,0,0,1,0
05057,Hempstead,2011,11,11,4,0.36363636363636365,DRUNK_DR,0,,0,,1,1,0.1666666666666667,1,6,0,0,1,0
05057,Hempstead,2012,4,5,1,0.25,DRUNK_DR,0,,0,,1,1,0.1666666666666667,1,6,0,0,1,0
05057,Hempstead,2013,6,6,2,0.3333333333333333,DRUNK_DR,0,,0,,1,1,0.1666666666666667,1,6,0,0,1,0
05057,Hempstead,2014,4,9,2,0.5,DRUNK_DR,0,,0,,1,1,0.1666666666666667,1,6,0,0,1,0
05057,Hempstead,2015,10,12,3,0.3,DRUNK_DR,0,,0,,1,1,0.1666666666666667,1,6,0,0,1,0
05057,Hempstead,2016,8,9,2,0.25,DRUNK_DR,0,,0,,1,2,0.3333333333333333,1,6,0,0,1,0
05057,Hempstead,2017,4,4,2,0.5,DRUNK_DR,0,,0,,1,2,0.3333333333333333,1,6,0,0,1,0
05057,Hempstead,2018,5,8,0,0.0,DRUNK_DR,0,,0,,1,2,0.3333333333333333,1,6,0,0,1,0
05057,Hempstead,2019,5,5,2,0.4,DRUNK_DR,0,,0,,1,2,0.3333333333333333,1,6,0,0,1,0
05057,Hempstead,2020,8,9,3,0.375,DRUNK_DR,0,,0,,1,2,0.3333333333333333,1,6,0,0,1,0
05057,Hempstead,2021,3,3,0,0.0,DR_DRINK,0,,0,,1,2,0.3333333333333333,1,6,0,0,1,0
05057,Hempstead,2022,5,5,0,0.0,DR_DRINK,0,,0,,1,2,0.3333333333333333,1,6,0,0,1,0
05057,Hempstead,2023,10,11,2,0.2,DR_DRINK,0,,0,,1,2,0.3333333333333333,1,6,0,0,1,0
05059,Hot Spring,2008,12,14,2,0.16666666666666666,DRUNK_DR,0,2022.0,2022,-14.0,1,3,0.5,1,6,0,1,0,0
05059,Hot Spring,2009,10,11,2,0.2,DRUNK_DR,0,2022.0,2022,-13.0,1,3,0.5,1,6,0,1,0,0
05059,Hot Spring,2010,11,12,2,0.18181818181818182,DRUNK_DR,0,2022.0,2022,-12.0,1,3,0.5,1,6,0,1,0,0
05059,Hot Spring,2011,7,7,1,0.14285714285714285,DRUNK_DR,0,2022.0,2022,-11.0,1,3,0.5,1,6,0,1,0,0
05059,Hot Spring,2012,10,14,1,0.1,DRUNK_DR,0,2022.0,2022,-10.0,1,3,0.5,1,6,0,1,0,0
05059,Hot Spring,2013,13,13,2,0.15384615384615385,DRUNK_DR,0,2022.0,2022,-9.0,1,3,0.5,1,6,0,1,0,0
05059,Hot Spring,2014,16,17,5,0.3125,DRUNK_DR,0,2022.0,2022,-8.0,1,4,0.6666666666666666,1,6,0,1,0,0
05059,Hot Spring,2015,14,17,5,0.35714285714285715,DRUNK_DR,0,2022.0,2022,-7.0,1,4,0.6666666666666666,1,6,0,1,0,0
05059,Hot Spring,2016,13,15,1,0.07692307692307693,DRUNK_DR,0,2022.0,2022,-6.0,1,4,0.6666666666666666,1,6,0,1,0,0
05059,Hot Spring,2017,11,13,2,0.18181818181818182,DRUNK_DR,0,2022.0,2022,-5.0,1,4,0.6666666666666666,1,6,0,1,0,0
05059,Hot Spring,2018,9,9,3,0.3333333333333333,DRUNK_DR,0,2022.0,2022,-4.0,1,4,0.6666666666666666,1,6,0,1,0,0
05059,Hot Spring,2019,8,8,4,0.5,DRUNK_DR,0,2022.0,2022,-3.0,1,4,0.6666666666666666,1,6,0,1,0,0
05059,Hot Spring,2020,5,5,1,0.2,DRUNK_DR,0,2022.0,2022,-2.0,1,4,0.6666666666666666,1,6,0,1,0,0
05059,Hot Spring,2021,13,15,3,0.23076923076923078,DR_DRINK,0,2022.0,2022,-1.0,1,4,0.6666666666666666,1,6,0,1,0,0
05059,Hot Spring,2022,15,19,2,0.13333333333333333,DR_DRINK,1,2022.0,2022,0.0,1,4,0.6666666666666666,1,6,0,1,0,0
05059,Hot Spring,2023,12,13,4,0.3333333333333333,DR_DRINK,1,2022.0,2022,1.0,1,4,0.6666666666666666,1,6,0,1,0,0
05061,Howard,2008,4,4,0,0.0,DRUNK_DR,0,,0,,0,0,0.0,0,6,0,0,1,0
05061,Howard,2009,3,3,1,0.3333333333333333,DRUNK_DR,0,,0,,0,0,0.0,0,6,0,0,1,0
05061,Howard,2010,4,4,2,0.5,DRUNK_DR,0,,0,,0,0,0.0,0,6,0,0,1,0
05061,Howard,2011,5,5,2,0.4,DRUNK_DR,0,,0,,0,0,0.0,0,6,0,0,1,0
05061,Howard,2012,3,5,0,0.0,DRUNK_DR,0,,0,,0,0,0.0,0,6,0,0,1,0
05061,Howard,2013,1,1,0,0.0,DRUNK_DR,0,,0,,0,0,0.0,0,6,0,0,1,0
05061,Howard,2014,1,1,0,0.0,DRUNK_DR,0,,0,,0,0,0.0,0,6,0,0,1,0
05061,Howard,2015,5,7,2,0.4,DRUNK_DR,0,,0,,0,0,0.0,0,6,0,0,1,0
05061,Howard,2016,2,2,1,0.5,DRUNK_DR,0,,0,,1,1,0.1666666666666667,1,6,0,0,1,0
05061,Howard,2017,1,2,0,0.0,DRUNK_DR,0,,0,,1,1,0.1666666666666667,1,6,0,0,1,0
05061,Howard,2018,3,4,1,0.3333333333333333,DRUNK_DR,0,,0,,1,1,0.1666666666666667,1,6,0,0,1,0
05061,Howard,2019,5,5,4,0.8,DRUNK_DR,0,,0,,1,1,0.1666666666666667,1,6,0,0,1,0
05061,Howard,2020,6,6,3,0.5,DRUNK_DR,0,,0,,1,2,0.3333333333333333,1,6,0,0,1,0
05061,Howard,2021,1,2,1,1.0,DR_DRINK,0,,0,,1,2,0.3333333333333333,1,6,0,0,1,0
05061,Howard,2022,0,0,0,,,0,,0,,1,3,0.5,1,6,0,0,1,0
05061,Howard,2023,4,4,3,0.75,DR_DRINK,0,,0,,1,3,0.5,1,6,0,0,1,0
05063,Independence,2008,7,9,3,0.42857142857142855,DRUNK_DR,0,,0,,1,1,0.1428571428571428,1,7,0,0,1,0
05063,Independence,2009,15,15,5,0.3333333333333333,DRUNK_DR,0,,0,,1,1,0.1428571428571428,1,7,0,0,1,0
05063,Independence,2010,8,10,4,0.5,DRUNK_DR,0,,0,,1,1,0.1428571428571428,1,7,0,0,1,0
05063,Independence,2011,10,11,4,0.4,DRUNK_DR,0,,0,,1,1,0.1428571428571428,1,7,0,0,1,0
05063,Independence,2012,5,5,2,0.4,DRUNK_DR,0,,0,,1,2,0.2857142857142857,1,7,0,0,1,0
05063,Independence,2013,4,4,2,0.5,DRUNK_DR,0,,0,,1,2,0.2857142857142857,1,7,0,0,1,0
05063,Independence,2014,8,8,4,0.5,DRUNK_DR,0,,0,,1,2,0.2857142857142857,1,7,0,0,1,0
05063,Independence,2015,5,6,2,0.4,DRUNK_DR,0,,0,,1,2,0.2857142857142857,1,7,0,0,1,0
05063,Independence,2016,8,8,4,0.5,DRUNK_DR,0,,0,,1,2,0.2857142857142857,1,7,0,0,1,0
05063,Independence,2017,6,6,2,0.3333333333333333,DRUNK_DR,0,,0,,1,2,0.2857142857142857,1,7,0,0,1,0
05063,Independence,2018,7,7,1,0.14285714285714285,DRUNK_DR,0,,0,,1,2,0.2857142857142857,1,7,0,0,1,0
05063,Independence,2019,10,11,3,0.3,DRUNK_DR,0,,0,,1,2,0.2857142857142857,1,7,0,0,1,0
05063,Independence,2020,16,17,8,0.5,DRUNK_DR,0,,0,,1,2,0.2857142857142857,1,7,0,0,1,0
05063,Independence,2021,15,20,5,0.3333333333333333,DR_DRINK,0,,0,,1,2,0.2857142857142857,1,7,0,0,1,0
05063,Independence,2022,8,8,1,0.125,DR_DRINK,0,,0,,1,2,0.2857142857142857,1,7,0,0,1,0
05063,Independence,2023,7,7,0,0.0,DR_DRINK,0,,0,,1,2,0.2857142857142857,1,7,0,0,1,0
05065,Izard,2008,2,2,0,0.0,DRUNK_DR,0,,0,,1,1,0.2,1,5,0,0,1,0
05065,Izard,2009,2,2,0,0.0,DRUNK_DR,0,,0,,1,1,0.2,1,5,0,0,1,0
05065,Izard,2010,2,2,0,0.0,DRUNK_DR,0,,0,,1,1,0.2,1,5,0,0,1,0
05065,Izard,2011,2,3,0,0.0,DRUNK_DR,0,,0,,1,1,0.2,1,5,0,0,1,0
05065,Izard,2012,3,3,1,0.3333333333333333,DRUNK_DR,0,,0,,1,2,0.4,1,5,0,0,1,0
05065,Izard,2013,2,2,0,0.0,DRUNK_DR,0,,0,,1,2,0.4,1,5,0,0,1,0
05065,Izard,2014,2,2,0,0.0,DRUNK_DR,0,,0,,1,2,0.4,1,5,0,0,1,0
05065,Izard,2015,0,0,0,,,0,,0,,1,2,0.4,1,5,0,0,1,0
05065,Izard,2016,0,0,0,,,0,,0,,1,2,0.4,1,5,0,0,1,0
05065,Izard,2017,2,2,2,1.0,DRUNK_DR,0,,0,,1,2,0.4,1,5,0,0,1,0
05065,Izard,2018,4,4,1,0.25,DRUNK_DR,0,,0,,1,2,0.4,1,5,0,0,1,0
05065,Izard,2019,2,2,1,0.5,DRUNK_DR,0,,0,,1,2,0.4,1,5,0,0,1,0
05065,Izard,2020,0,0,0,,,0,,0,,1,2,0.4,1,5,0,0,1,0
05065,Izard,2021,4,4,3,0.75,DR_DRINK,0,,0,,1,2,0.4,1,5,0,0,1,0
05065,Izard,2022,5,5,1,0.2,DR_DRINK,0,,0,,1,2,0.4,1,5,0,0,1,0
05065,Izard,2023,0,0,0,,,0,,0,,1,2,0.4,1,5,0,0,1,0
05067,Jackson,2008,8,10,1,0.125,DRUNK_DR,1,,0,,1,3,0.4285714285714285,1,7,0,0,1,0
05067,Jackson,2009,8,10,3,0.375,DRUNK_DR,1,,0,,1,3,0.4285714285714285,1,7,0,0,1,0
05067,Jackson,2010,4,4,1,0.25,DRUNK_DR,1,,0,,1,3,0.4285714285714285,1,7,0,0,1,0
05067,Jackson,2011,2,2,2,1.0,DRUNK_DR,1,,0,,1,3,0.4285714285714285,1,7,0,0,1,0
05067,Jackson,2012,6,8,2,0.3333333333333333,DRUNK_DR,1,,0,,1,3,0.4285714285714285,1,7,0,0,1,0
05067,Jackson,2013,4,4,1,0.25,DRUNK_DR,1,,0,,1,3,0.4285714285714285,1,7,0,0,1,0
05067,Jackson,2014,4,4,0,0.0,DRUNK_DR,1,,0,,1,3,0.4285714285714285,1,7,0,0,1,0
05067,Jackson,2015,5,5,2,0.4,DRUNK_DR,1,,0,,1,3,0.4285714285714285,1,7,0,0,1,0
05067,Jackson,2016,3,4,2,0.6666666666666666,DRUNK_DR,1,,0,,1,3,0.4285714285714285,1,7,0,0,1,0
05067,Jackson,2017,6,6,1,0.16666666666666666,DRUNK_DR,1,,0,,1,3,0.4285714285714285,1,7,0,0,1,0
05067,Jackson,2018,2,2,1,0.5,DRUNK_DR,1,,0,,1,3,0.4285714285714285,1,7,0,0,1,0
05067,Jackson,2019,2,2,0,0.0,DRUNK_DR,1,,0,,1,3,0.4285714285714285,1,7,0,0,1,0
05067,Jackson,2020,7,9,2,0.2857142857142857,DRUNK_DR,1,,0,,1,3,0.4285714285714285,1,7,0,0,1,0
05067,Jackson,2021,2,2,0,0.0,DR_DRINK,1,,0,,1,3,0.4285714285714285,1,7,0,0,1,0
05067,Jackson,2022,4,4,2,0.5,DR_DRINK,1,,0,,1,3,0.4285714285714285,1,7,0,0,1,0
05067,Jackson,2023,7,8,3,0.42857142857142855,DR_DRINK,1,,0,,1,3,0.4285714285714285,1,7,0,0,1,0
05069,Jefferson,2008,14,17,5,0.35714285714285715,DRUNK_DR,1,,0,,1,3,0.5,1,6,0,0,1,0
05069,Jefferson,2009,15,17,7,0.4666666666666667,DRUNK_DR,1,,0,,1,3,0.5,1,6,0,0,1,0
05069,Jefferson,2010,10,10,5,0.5,DRUNK_DR,1,,0,,1,3,0.5,1,6,0,0,1,0
05069,Jefferson,2011,17,19,7,0.4117647058823529,DRUNK_DR,1,,0,,1,3,0.5,1,6,0,0,1,0
05069,Jefferson,2012,12,15,5,0.4166666666666667,DRUNK_DR,1,,0,,1,3,0.5,1,6,0,0,1,0
05069,Jefferson,2013,10,10,3,0.3,DRUNK_DR,1,,0,,1,3,0.5,1,6,0,0,1,0
05069,Jefferson,2014,14,16,4,0.2857142857142857,DRUNK_DR,1,,0,,1,3,0.5,1,6,0,0,1,0
05069,Jefferson,2015,7,9,5,0.7142857142857143,DRUNK_DR,1,,0,,1,3,0.5,1,6,0,0,1,0
05069,Jefferson,2016,11,11,2,0.18181818181818182,DRUNK_DR,1,,0,,1,3,0.5,1,6,0,0,1,0
05069,Jefferson,2017,14,16,2,0.14285714285714285,DRUNK_DR,1,,0,,1,3,0.5,1,6,0,0,1,0
05069,Jefferson,2018,11,11,2,0.18181818181818182,DRUNK_DR,1,,0,,1,3,0.5,1,6,0,0,1,0
05069,Jefferson,2019,14,14,3,0.21428571428571427,DRUNK_DR,1,,0,,1,3,0.5,1,6,0,0,1,0
05069,Jefferson,2020,16,16,3,0.1875,DRUNK_DR,1,,0,,1,3,0.5,1,6,0,0,1,0
05069,Jefferson,2021,15,16,5,0.3333333333333333,DR_DRINK,1,,0,,1,3,0.5,1,6,0,0,1,0
05069,Jefferson,2022,13,16,1,0.07692307692307693,DR_DRINK,1,,0,,1,3,0.5,1,6,0,0,1,0
05069,Jefferson,2023,16,18,7,0.4375,DR_DRINK,1,,0,,1,3,0.5,1,6,0,0,1,0
05071,Johnson,2008,4,4,1,0.25,DRUNK_DR,0,,0,,1,2,0.4,1,5,0,0,1,0
05071,Johnson,2009,7,7,1,0.14285714285714285,DRUNK_DR,0,,0,,1,2,0.4,1,5,0,0,1,0
05071,Johnson,2010,2,2,1,0.5,DRUNK_DR,0,,0,,1,2,0.4,1,5,0,0,1,0
05071,Johnson,2011,8,8,4,0.5,DRUNK_DR,0,,0,,1,2,0.4,1,5,0,0,1,0
05071,Johnson,2012,8,8,2,0.25,DRUNK_DR,0,,0,,1,2,0.4,1,5,0,0,1,0
05071,Johnson,2013,3,3,1,0.3333333333333333,DRUNK_DR,0,,0,,1,2,0.4,1,5,0,0,1,0
05071,Johnson,2014,4,4,0,0.0,DRUNK_DR,0,,0,,1,2,0.4,1,5,0,0,1,0
05071,Johnson,2015,1,1,1,1.0,DRUNK_DR,0,,0,,1,2,0.4,1,5,0,0,1,0
05071,Johnson,2016,4,4,0,0.0,DRUNK_DR,0,,0,,1,2,0.4,1,5,0,0,1,0
05071,Johnson,2017,1,1,1,1.0,DRUNK_DR,0,,0,,1,2,0.4,1,5,0,0,1,0
05071,Johnson,2018,5,6,0,0.0,DRUNK_DR,0,,0,,1,2,0.4,1,5,0,0,1,0
05071,Johnson,2019,4,6,0,0.0,DRUNK_DR,0,,0,,1,2,0.4,1,5,0,0,1,0
05071,Johnson,2020,6,6,1,0.16666666666666666,DRUNK_DR,0,,0,,1,2,0.4,1,5,0,0,1,0
05071,Johnson,2021,5,6,1,0.2,DR_DRINK,0,,0,,1,2,0.4,1,5,0,0,1,0
05071,Johnson,2022,6,6,1,0.16666666666666666,DR_DRINK,0,,0,,1,2,0.4,1,5,0,0,1,0
05071,Johnson,2023,2,3,0,0.0,DR_DRINK,0,,0,,1,2,0.4,1,5,0,0,1,0
05073,Lafayette,2008,1,1,1,1.0,DRUNK_DR,0,,0,,1,1,0.25,1,4,0,0,1,0
05073,Lafayette,2009,5,5,3,0.6,DRUNK_DR,0,,0,,1,1,0.25,1,4,0,0,1,0
05073,Lafayette,2010,7,7,2,0.2857142857142857,DRUNK_DR,0,,0,,1,1,0.25,1,4,0,0,1,0
05073,Lafayette,2011,6,6,2,0.3333333333333333,DRUNK_DR,0,,0,,1,1,0.25,1,4,0,0,1,0
05073,Lafayette,2012,2,2,2,1.0,DRUNK_DR,0,,0,,1,1,0.25,1,4,0,0,1,0
05073,Lafayette,2013,2,2,0,0.0,DRUNK_DR,0,,0,,1,1,0.25,1,4,0,0,1,0
05073,Lafayette,2014,2,2,1,0.5,DRUNK_DR,0,,0,,1,2,0.5,1,4,0,0,1,0
05073,Lafayette,2015,1,1,0,0.0,DRUNK_DR,0,,0,,1,2,0.5,1,4,0,0,1,0
05073,Lafayette,2016,1,2,0,0.0,DRUNK_DR,0,,0,,1,2,0.5,1,4,0,0,1,0
05073,Lafayette,2017,0,0,0,,,0,,0,,1,2,0.5,1,4,0,0,1,0
05073,Lafayette,2018,0,0,0,,,0,,0,,1,2,0.5,1,4,0,0,1,0
05073,Lafayette,2019,1,1,1,1.0,DRUNK_DR,0,,0,,1,2,0.5,1,4,0,0,1,0
05073,Lafayette,2020,3,3,1,0.3333333333333333,DRUNK_DR,0,,0,,1,2,0.5,1,4,0,0,1,0
05073,Lafayette,2021,0,0,0,,,0,,0,,1,2,0.5,1,4,0,0,1,0
05073,Lafayette,2022,0,0,0,,,0,,0,,1,2,0.5,1,4,0,0,1,0
05073,Lafayette,2023,2,2,0,0.0,DR_DRINK,0,,0,,1,2,0.5,1,4,0,0,1,0
05075,Lawrence,2008,5,5,1,0.2,DRUNK_DR,0,,0,,1,2,0.3333333333333333,1,6,0,0,1,0
05075,Lawrence,2009,10,11,3,0.3,DRUNK_DR,0,,0,,1,2,0.3333333333333333,1,6,0,0,1,0
05075,Lawrence,2010,4,4,3,0.75,DRUNK_DR,0,,0,,1,2,0.3333333333333333,1,6,0,0,1,0
05075,Lawrence,2011,3,3,1,0.3333333333333333,DRUNK_DR,0,,0,,1,2,0.3333333333333333,1,6,0,0,1,0
05075,Lawrence,2012,5,5,0,0.0,DRUNK_DR,0,,0,,1,3,0.5,1,6,0,0,1,0
05075,Lawrence,2013,4,4,2,0.5,DRUNK_DR,0,,0,,1,3,0.5,1,6,0,0,1,0
05075,Lawrence,2014,7,7,2,0.2857142857142857,DRUNK_DR,0,,0,,1,3,0.5,1,6,0,0,1,0
05075,Lawrence,2015,4,5,1,0.25,DRUNK_DR,0,,0,,1,3,0.5,1,6,0,0,1,0
05075,Lawrence,2016,8,11,2,0.25,DRUNK_DR,0,,0,,1,3,0.5,1,6,0,0,1,0
05075,Lawrence,2017,4,4,1,0.25,DRUNK_DR,0,,0,,1,3,0.5,1,6,0,0,1,0
05075,Lawrence,2018,12,14,1,0.08333333333333333,DRUNK_DR,0,,0,,1,4,0.6666666666666666,1,6,0,0,1,0
05075,Lawrence,2019,8,8,3,0.375,DRUNK_DR,0,,0,,1,4,0.6666666666666666,1,6,0,0,1,0
05075,Lawrence,2020,8,12,1,0.125,DRUNK_DR,0,,0,,1,4,0.6666666666666666,1,6,0,0,1,0
05075,Lawrence,2021,6,6,3,0.5,DR_DRINK,0,,0,,1,4,0.6666666666666666,1,6,0,0,1,0
05075,Lawrence,2022,8,11,2,0.25,DR_DRINK,0,,0,,1,4,0.6666666666666666,1,6,0,0,1,0
05075,Lawrence,2023,3,3,0,0.0,DR_DRINK,0,,0,,1,4,0.6666666666666666,1,6,0,0,1,0
05077,Lee,2008,5,6,2,0.4,DRUNK_DR,1,,0,,1,4,1.0,1,4,0,0,1,0
05077,Lee,2009,3,5,1,0.3333333333333333,DRUNK_DR,1,,0,,1,4,1.0,1,4,0,0,1,0
05077,Lee,2010,5,6,1,0.2,DRUNK_DR,1,,0,,1,4,1.0,1,4,0,0,1,0
05077,Lee,2011,1,2,1,1.0,DRUNK_DR,1,,0,,1,4,1.0,1,4,0,0,1,0
05077,Lee,2012,2,2,1,0.5,DRUNK_DR,1,,0,,1,4,1.0,1,4,0,0,1,0
05077,Lee,2013,2,2,0,0.0,DRUNK_DR,1,,0,,1,4,1.0,1,4,0,0,1,0
05077,Lee,2014,0,0,0,,,1,,0,,1,4,1.0,1,4,0,0,1,0
05077,Lee,2015,4,5,2,0.5,DRUNK_DR,1,,0,,1,4,1.0,1,4,0,0,1,0
05077,Lee,2016,1,1,0,0.0,DRUNK_DR,1,,0,,1,4,1.0,1,4,0,0,1,0
05077,Lee,2017,3,3,2,0.6666666666666666,DRUNK_DR,1,,0,,1,4,1.0,1,4,0,0,1,0
05077,Lee,2018,0,0,0,,,1,,0,,1,4,1.0,1,4,0,0,1,0
05077,Lee,2019,2,3,1,0.5,DRUNK_DR,1,,0,,1,4,1.0,1,4,0,0,1,0
05077,Lee,2020,2,2,0,0.0,DRUNK_DR,1,,0,,1,4,1.0,1,4,0,0,1,0
05077,Lee,2021,2,3,0,0.0,DR_DRINK,1,,0,,1,4,1.0,1,4,0,0,1,0
05077,Lee,2022,1,1,0,0.0,DR_DRINK,1,,0,,1,4,1.0,1,4,0,0,1,0
05077,Lee,2023,4,4,0,0.0,DR_DRINK,1,,0,,1,4,1.0,1,4,0,0,1,0
05079,Lincoln,2008,4,4,0,0.0,DRUNK_DR,0,,0,,1,5,1.0,1,5,0,0,1,0
05079,Lincoln,2009,5,7,2,0.4,DRUNK_DR,0,,0,,1,5,1.0,1,5,0,0,1,0
05079,Lincoln,2010,4,4,1,0.25,DRUNK_DR,0,,0,,1,5,1.0,1,5,0,0,1,0
05079,Lincoln,2011,2,2,0,0.0,DRUNK_DR,0,,0,,1,5,1.0,1,5,0,0,1,0
05079,Lincoln,2012,1,1,0,0.0,DRUNK_DR,0,,0,,1,5,1.0,1,5,0,0,1,0
05079,Lincoln,2013,2,2,0,0.0,DRUNK_DR,0,,0,,1,5,1.0,1,5,0,0,1,0
05079,Lincoln,2014,4,4,2,0.5,DRUNK_DR,0,,0,,1,5,1.0,1,5,0,0,1,0
05079,Lincoln,2015,2,3,0,0.0,DRUNK_DR,0,,0,,1,5,1.0,1,5,0,0,1,0
05079,Lincoln,2016,1,1,0,0.0,DRUNK_DR,0,,0,,1,5,1.0,1,5,0,0,1,0
05079,Lincoln,2017,3,3,0,0.0,DRUNK_DR,0,,0,,1,5,1.0,1,5,0,0,1,0
05079,Lincoln,2018,4,4,1,0.25,DRUNK_DR,0,,0,,1,5,1.0,1,5,0,0,1,0
05079,Lincoln,2019,1,1,0,0.0,DRUNK_DR,0,,0,,1,5,1.0,1,5,0,0,1,0
05079,Lincoln,2020,1,2,1,1.0,DRUNK_DR,0,,0,,1,5,1.0,1,5,0,0,1,0
05079,Lincoln,2021,1,1,0,0.0,DR_DRINK,0,,0,,1,5,1.0,1,5,0,0,1,0
05079,Lincoln,2022,5,5,0,0.0,DR_DRINK,0,,0,,1,5,1.0,1,5,0,0,1,0
05079,Lincoln,2023,0,0,0,,,0,,0,,1,5,1.0,1,5,0,0,1,0
05081,Little River,2008,3,3,3,1.0,DRUNK_DR,0,2016.0,2016,-8.0,1,1,0.25,1,4,0,1,0,0
05081,Little River,2009,4,5,1,0.25,DRUNK_DR,0,2016.0,2016,-7.0,1,1,0.25,1,4,0,1,0,0
05081,Little River,2010,1,1,0,0.0,DRUNK_DR,0,2016.0,2016,-6.0,1,1,0.25,1,4,0,1,0,0
05081,Little River,2011,4,4,1,0.25,DRUNK_DR,0,2016.0,2016,-5.0,1,1,0.25,1,4,0,1,0,0
05081,Little River,2012,2,2,0,0.0,DRUNK_DR,0,2016.0,2016,-4.0,1,1,0.25,1,4,0,1,0,0
05081,Little River,2013,8,9,2,0.25,DRUNK_DR,0,2016.0,2016,-3.0,1,1,0.25,1,4,0,1,0,0
05081,Little River,2014,2,2,0,0.0,DRUNK_DR,0,2016.0,2016,-2.0,1,1,0.25,1,4,0,1,0,0
05081,Little River,2015,4,4,1,0.25,DRUNK_DR,0,2016.0,2016,-1.0,1,1,0.25,1,4,0,1,0,0
05081,Little River,2016,4,5,2,0.5,DRUNK_DR,1,2016.0,2016,0.0,1,1,0.25,1,4,0,1,0,0
05081,Little River,2017,2,2,1,0.5,DRUNK_DR,1,2016.0,2016,1.0,1,1,0.25,1,4,0,1,0,0
05081,Little River,2018,3,5,1,0.3333333333333333,DRUNK_DR,1,2016.0,2016,2.0,1,1,0.25,1,4,0,1,0,0
05081,Little River,2019,4,4,1,0.25,DRUNK_DR,1,2016.0,2016,3.0,1,1,0.25,1,4,0,1,0,0
05081,Little River,2020,2,2,2,1.0,DRUNK_DR,1,2016.0,2016,4.0,1,2,0.5,1,4,0,1,0,0
05081,Little River,2021,5,5,2,0.4,DR_DRINK,1,2016.0,2016,5.0,1,2,0.5,1,4,0,1,0,0
05081,Little River,2022,0,0,0,,,1,2016.0,2016,6.0,1,2,0.5,1,4,0,1,0,0
05081,Little River,2023,5,7,1,0.2,DR_DRINK,1,2016.0,2016,7.0,1,2,0.5,1,4,0,1,0,0
05083,Logan,2008,6,6,4,0.6666666666666666,DRUNK_DR,0,,0,,1,1,0.1666666666666667,1,6,1,0,1,0
05083,Logan,2009,2,2,0,0.0,DRUNK_DR,0,,0,,1,1,0.1666666666666667,1,6,1,0,1,0
05083,Logan,2010,6,6,4,0.6666666666666666,DRUNK_DR,0,,0,,1,1,0.1666666666666667,1,6,1,0,1,0
05083,Logan,2011,3,3,1,0.3333333333333333,DRUNK_DR,0,,0,,1,1,0.1666666666666667,1,6,1,0,1,0
05083,Logan,2012,5,5,1,0.2,DRUNK_DR,0,,0,,1,1,0.1666666666666667,1,6,1,0,1,0
05083,Logan,2013,2,4,1,0.5,DRUNK_DR,0,,0,,1,1,0.1666666666666667,1,6,1,0,1,0
05083,Logan,2014,2,2,0,0.0,DRUNK_DR,0,,0,,1,1,0.1666666666666667,1,6,1,0,1,0
05083,Logan,2015,4,4,2,0.5,DRUNK_DR,0,,0,,1,1,0.1666666666666667,1,6,1,0,1,0
05083,Logan,2016,2,2,1,0.5,DRUNK_DR,0,,0,,1,1,0.1666666666666667,1,6,1,0,1,0
05083,Logan,2017,7,7,3,0.42857142857142855,DRUNK_DR,0,,0,,1,1,0.1666666666666667,1,6,1,0,1,0
05083,Logan,2018,1,1,1,1.0,DRUNK_DR,0,,0,,1,1,0.1666666666666667,1,6,1,0,1,0
05083,Logan,2019,4,4,2,0.5,DRUNK_DR,0,,0,,1,1,0.1666666666666667,1,6,1,0,1,0
05083,Logan,2020,3,3,2,0.6666666666666666,DRUNK_DR,0,,0,,1,1,0.1666666666666667,1,6,1,0,1,0
05083,Logan,2021,9,9,4,0.4444444444444444,DR_DRINK,0,,0,,1,1,0.1666666666666667,1,6,1,0,1,0
05083,Logan,2022,3,3,2,0.6666666666666666,DR_DRINK,0,,0,,1,1,0.1666666666666667,1,6,1,0,1,0
05083,Logan,2023,5,5,1,0.2,DR_DRINK,0,,0,,1,1,0.1666666666666667,1,6,1,0,1,0
05085,Lonoke,2008,18,19,4,0.2222222222222222,DRUNK_DR,0,,0,,1,4,0.6666666666666666,1,6,0,0,1,0
05085,Lonoke,2009,12,12,5,0.4166666666666667,DRUNK_DR,0,,0,,1,4,0.6666666666666666,1,6,0,0,1,0
05085,Lonoke,2010,7,8,3,0.42857142857142855,DRUNK_DR,0,,0,,1,4,0.6666666666666666,1,6,0,0,1,0
05085,Lonoke,2011,11,11,4,0.36363636363636365,DRUNK_DR,0,,0,,1,4,0.6666666666666666,1,6,0,0,1,0
05085,Lonoke,2012,17,20,3,0.17647058823529413,DRUNK_DR,0,,0,,1,4,0.6666666666666666,1,6,0,0,1,0
05085,Lonoke,2013,11,11,5,0.45454545454545453,DRUNK_DR,0,,0,,1,4,0.6666666666666666,1,6,0,0,1,0
05085,Lonoke,2014,9,9,1,0.1111111111111111,DRUNK_DR,0,,0,,1,4,0.6666666666666666,1,6,0,0,1,0
05085,Lonoke,2015,12,15,3,0.25,DRUNK_DR,0,,0,,1,4,0.6666666666666666,1,6,0,0,1,0
05085,Lonoke,2016,11,15,5,0.45454545454545453,DRUNK_DR,0,,0,,1,4,0.6666666666666666,1,6,0,0,1,0
05085,Lonoke,2017,9,9,2,0.2222222222222222,DRUNK_DR,0,,0,,1,4,0.6666666666666666,1,6,0,0,1,0
05085,Lonoke,2018,5,7,1,0.2,DRUNK_DR,0,,0,,1,4,0.6666666666666666,1,6,0,0,1,0
05085,Lonoke,2019,9,10,3,0.3333333333333333,DRUNK_DR,0,,0,,1,4,0.6666666666666666,1,6,0,0,1,0
05085,Lonoke,2020,10,12,1,0.1,DRUNK_DR,0,,0,,1,4,0.6666666666666666,1,6,0,0,1,0
05085,Lonoke,2021,14,16,3,0.21428571428571427,DR_DRINK,0,,0,,1,4,0.6666666666666666,1,6,0,0,1,0
05085,Lonoke,2022,16,17,6,0.375,DR_DRINK,0,,0,,1,4,0.6666666666666666,1,6,0,0,1,0
05085,Lonoke,2023,9,9,0,0.0,DR_DRINK,0,,0,,1,4,0.6666666666666666,1,6,0,0,1,0
05087,Madison,2008,3,4,1,0.3333333333333333,DRUNK_DR,1,,0,,1,3,0.4285714285714285,1,7,0,0,1,0
05087,Madison,2009,9,11,2,0.2222222222222222,DRUNK_DR,1,,0,,1,3,0.4285714285714285,1,7,0,0,1,0
05087,Madison,2010,4,4,2,0.5,DRUNK_DR,1,,0,,1,3,0.4285714285714285,1,7,0,0,1,0
05087,Madison,2011,6,6,3,0.5,DRUNK_DR,1,,0,,1,3,0.4285714285714285,1,7,0,0,1,0
05087,Madison,2012,3,3,0,0.0,DRUNK_DR,1,,0,,1,4,0.5714285714285714,1,7,0,0,1,0
05087,Madison,2013,4,4,2,0.5,DRUNK_DR,1,,0,,1,4,0.5714285714285714,1,7,0,0,1,0
05087,Madison,2014,5,5,3,0.6,DRUNK_DR,1,,0,,1,4,0.5714285714285714,1,7,0,0,1,0
05087,Madison,2015,7,7,1,0.14285714285714285,DRUNK_DR,1,,0,,1,4,0.5714285714285714,1,7,0,0,1,0
05087,Madison,2016,6,6,1,0.16666666666666666,DRUNK_DR,1,,0,,1,4,0.5714285714285714,1,7,0,0,1,0
05087,Madison,2017,7,7,1,0.14285714285714285,DRUNK_DR,1,,0,,1,4,0.5714285714285714,1,7,0,0,1,0
05087,Madison,2018,2,2,0,0.0,DRUNK_DR,1,,0,,1,4,0.5714285714285714,1,7,0,0,1,0
05087,Madison,2019,2,2,0,0.0,DRUNK_DR,1,,0,,1,4,0.5714285714285714,1,7,0,0,1,0
05087,Madison,2020,6,6,3,0.5,DRUNK_DR,1,,0,,1,4,0.5714285714285714,1,7,0,0,1,0
05087,Madison,2021,5,5,2,0.4,DR_DRINK,1,,0,,1,4,0.5714285714285714,1,7,0,0,1,0
05087,Madison,2022,6,7,0,0.0,DR_DRINK,1,,0,,1,4,0.5714285714285714,1,7,0,0,1,0
05087,Madison,2023,9,11,3,0.3333333333333333,DR_DRINK,1,,0,,1,4,0.5714285714285714,1,7,0,0,1,0
05089,Marion,2008,5,5,2,0.4,DRUNK_DR,1,,0,,1,2,0.6666666666666666,1,3,0,0,1,0
05089,Marion,2009,3,4,0,0.0,DRUNK_DR,1,,0,,1,2,0.6666666666666666,1,3,0,0,1,0
05089,Marion,2010,5,5,1,0.2,DRUNK_DR,1,,0,,1,2,0.6666666666666666,1,3,0,0,1,0
05089,Marion,2011,6,7,1,0.16666666666666666,DRUNK_DR,1,,0,,1,2,0.6666666666666666,1,3,0,0,1,0
05089,Marion,2012,2,2,0,0.0,DRUNK_DR,1,,0,,1,2,0.6666666666666666,1,3,0,0,1,0
05089,Marion,2013,4,7,0,0.0,DRUNK_DR,1,,0,,1,2,0.6666666666666666,1,3,0,0,1,0
05089,Marion,2014,3,3,0,0.0,DRUNK_DR,1,,0,,1,2,0.6666666666666666,1,3,0,0,1,0
05089,Marion,2015,7,7,1,0.14285714285714285,DRUNK_DR,1,,0,,1,2,0.6666666666666666,1,3,0,0,1,0
05089,Marion,2016,2,2,0,0.0,DRUNK_DR,1,,0,,1,2,0.6666666666666666,1,3,0,0,1,0
05089,Marion,2017,1,1,0,0.0,DRUNK_DR,1,,0,,1,2,0.6666666666666666,1,3,0,0,1,0
05089,Marion,2018,3,3,0,0.0,DRUNK_DR,1,,0,,1,2,0.6666666666666666,1,3,0,0,1,0
05089,Marion,2019,3,3,1,0.3333333333333333,DRUNK_DR,1,,0,,1,2,0.6666666666666666,1,3,0,0,1,0
05089,Marion,2020,6,6,1,0.16666666666666666,DRUNK_DR,1,,0,,1,2,0.6666666666666666,1,3,0,0,1,0
05089,Marion,2021,4,5,2,0.5,DR_DRINK,1,,0,,1,2,0.6666666666666666,1,3,0,0,1,0
05089,Marion,2022,1,2,1,1.0,DR_DRINK,1,,0,,1,2,0.6666666666666666,1,3,0,0,1,0
05089,Marion,2023,2,2,0,0.0,DR_DRINK,1,,0,,1,2,0.6666666666666666,1,3,0,0,1,0
05091,Miller,2008,7,9,3,0.42857142857142855,DRUNK_DR,1,,0,,0,0,0.0,0,3,0,0,1,0
05091,Miller,2009,10,14,5,0.5,DRUNK_DR,1,,0,,0,0,0.0,0,3,0,0,1,0
05091,Miller,2010,6,6,3,0.5,DRUNK_DR,1,,0,,0,0,0.0,0,3,0,0,1,0
05091,Miller,2011,14,17,4,0.2857142857142857,DRUNK_DR,1,,0,,0,0,0.0,0,3,0,0,1,0
05091,Miller,2012,7,7,3,0.42857142857142855,DRUNK_DR,1,,0,,0,0,0.0,0,3,0,0,1,0
05091,Miller,2013,6,9,1,0.16666666666666666,DRUNK_DR,1,,0,,0,0,0.0,0,3,0,0,1,0
05091,Miller,2014,4,6,0,0.0,DRUNK_DR,1,,0,,0,0,0.0,0,3,0,0,1,0
05091,Miller,2015,9,11,3,0.3333333333333333,DRUNK_DR,1,,0,,0,0,0.0,0,3,0,0,1,0
05091,Miller,2016,10,10,1,0.1,DRUNK_DR,1,,0,,1,1,0.3333333333333333,1,3,0,0,1,0
05091,Miller,2017,13,18,3,0.23076923076923078,DRUNK_DR,1,,0,,1,1,0.3333333333333333,1,3,0,0,1,0
05091,Miller,2018,9,10,4,0.4444444444444444,DRUNK_DR,1,,0,,1,1,0.3333333333333333,1,3,0,0,1,0
05091,Miller,2019,8,8,3,0.375,DRUNK_DR,1,,0,,1,1,0.3333333333333333,1,3,0,0,1,0
05091,Miller,2020,12,12,1,0.08333333333333333,DRUNK_DR,1,,0,,1,1,0.3333333333333333,1,3,0,0,1,0
05091,Miller,2021,14,15,5,0.35714285714285715,DR_DRINK,1,,0,,1,1,0.3333333333333333,1,3,0,0,1,0
05091,Miller,2022,11,11,3,0.2727272727272727,DR_DRINK,1,,0,,1,1,0.3333333333333333,1,3,0,0,1,0
05091,Miller,2023,6,9,3,0.5,DR_DRINK,1,,0,,1,1,0.3333333333333333,1,3,0,0,1,0
05093,Mississippi,2008,8,9,0,0.0,DRUNK_DR,1,,0,,1,2,0.6666666666666666,1,3,0,0,1,0
05093,Mississippi,2009,14,14,3,0.21428571428571427,DRUNK_DR,1,,0,,1,2,0.6666666666666666,1,3,0,0,1,0
05093,Mississippi,2010,11,13,5,0.45454545454545453,DRUNK_DR,1,,0,,1,2,0.6666666666666666,1,3,0,0,1,0
05093,Mississippi,2011,6,6,1,0.16666666666666666,DRUNK_DR,1,,0,,1,2,0.6666666666666666,1,3,0,0,1,0
05093,Mississippi,2012,9,10,6,0.6666666666666666,DRUNK_DR,1,,0,,1,2,0.6666666666666666,1,3,0,0,1,0
05093,Mississippi,2013,12,12,4,0.3333333333333333,DRUNK_DR,1,,0,,1,2,0.6666666666666666,1,3,0,0,1,0
05093,Mississippi,2014,5,7,2,0.4,DRUNK_DR,1,,0,,1,2,0.6666666666666666,1,3,0,0,1,0
05093,Mississippi,2015,4,4,0,0.0,DRUNK_DR,1,,0,,1,2,0.6666666666666666,1,3,0,0,1,0
05093,Mississippi,2016,8,11,2,0.25,DRUNK_DR,1,,0,,1,2,0.6666666666666666,1,3,0,0,1,0
05093,Mississippi,2017,6,7,3,0.5,DRUNK_DR,1,,0,,1,2,0.6666666666666666,1,3,0,0,1,0
05093,Mississippi,2018,3,3,1,0.3333333333333333,DRUNK_DR,1,,0,,1,2,0.6666666666666666,1,3,0,0,1,0
05093,Mississippi,2019,7,7,1,0.14285714285714285,DRUNK_DR,1,,0,,1,2,0.6666666666666666,1,3,0,0,1,0
05093,Mississippi,2020,9,10,3,0.3333333333333333,DRUNK_DR,1,,0,,1,2,0.6666666666666666,1,3,0,0,1,0
05093,Mississippi,2021,7,9,4,0.5714285714285714,DR_DRINK,1,,0,,1,2,0.6666666666666666,1,3,0,0,1,0
05093,Mississippi,2022,11,11,3,0.2727272727272727,DR_DRINK,1,,0,,1,2,0.6666666666666666,1,3,0,0,1,0
05093,Mississippi,2023,8,9,0,0.0,DR_DRINK,1,,0,,1,2,0.6666666666666666,1,3,0,0,1,0
05095,Monroe,2008,4,4,2,0.5,DRUNK_DR,1,,0,,1,6,1.0,1,6,0,0,1,0
05095,Monroe,2009,5,5,1,0.2,DRUNK_DR,1,,0,,1,6,1.0,1,6,0,0,1,0
05095,Monroe,2010,6,7,2,0.3333333333333333,DRUNK_DR,1,,0,,1,6,1.0,1,6,0,0,1,0
05095,Monroe,2011,6,7,4,0.6666666666666666,DRUNK_DR,1,,0,,1,6,1.0,1,6,0,0,1,0
05095,Monroe,2012,3,4,1,0.3333333333333333,DRUNK_DR,1,,0,,1,6,1.0,1,6,0,0,1,0
05095,Monroe,2013,6,6,1,0.16666666666666666,DRUNK_DR,1,,0,,1,6,1.0,1,6,0,0,1,0
05095,Monroe,2014,3,3,0,0.0,DRUNK_DR,1,,0,,1,6,1.0,1,6,0,0,1,0
05095,Monroe,2015,3,3,1,0.3333333333333333,DRUNK_DR,1,,0,,1,6,1.0,1,6,0,0,1,0
05095,Monroe,2016,6,8,2,0.3333333333333333,DRUNK_DR,1,,0,,1,6,1.0,1,6,0,0,1,0
05095,Monroe,2017,4,4,2,0.5,DRUNK_DR,1,,0,,1,6,1.0,1,6,0,0,1,0
05095,Monroe,2018,1,1,0,0.0,DRUNK_DR,1,,0,,1,6,1.0,1,6,0,0,1,0
05095,Monroe,2019,5,6,1,0.2,DRUNK_DR,1,,0,,1,6,1.0,1,6,0,0,1,0
05095,Monroe,2020,3,5,0,0.0,DRUNK_DR,1,,0,,1,6,1.0,1,6,0,0,1,0
05095,Monroe,2021,2,2,1,0.5,DR_DRINK,1,,0,,1,6,1.0,1,6,0,0,1,0
05095,Monroe,2022,2,2,0,0.0,DR_DRINK,1,,0,,1,6,1.0,1,6,0,0,1,0
05095,Monroe,2023,6,7,1,0.16666666666666666,DR_DRINK,1,,0,,1,6,1.0,1,6,0,0,1,0
05097,Montgomery,2008,5,5,1,0.2,DRUNK_DR,0,,0,,1,2,0.25,1,8,0,0,1,0
05097,Montgomery,2009,1,1,0,0.0,DRUNK_DR,0,,0,,1,2,0.25,1,8,0,0,1,0
05097,Montgomery,2010,2,2,0,0.0,DRUNK_DR,0,,0,,1,2,0.25,1,8,0,0,1,0
05097,Montgomery,2011,1,1,0,0.0,DRUNK_DR,0,,0,,1,2,0.25,1,8,0,0,1,0
05097,Montgomery,2012,2,3,0,0.0,DRUNK_DR,0,,0,,1,2,0.25,1,8,0,0,1,0
05097,Montgomery,2013,3,3,0,0.0,DRUNK_DR,0,,0,,1,2,0.25,1,8,0,0,1,0
05097,Montgomery,2014,4,4,3,0.75,DRUNK_DR,0,,0,,1,2,0.25,1,8,0,0,1,0
05097,Montgomery,2015,5,5,0,0.0,DRUNK_DR,0,,0,,1,2,0.25,1,8,0,0,1,0
05097,Montgomery,2016,2,2,1,0.5,DRUNK_DR,0,,0,,1,2,0.25,1,8,0,0,1,0
05097,Montgomery,2017,2,2,1,0.5,DRUNK_DR,0,,0,,1,2,0.25,1,8,0,0,1,0
05097,Montgomery,2018,3,3,1,0.3333333333333333,DRUNK_DR,0,,0,,1,2,0.25,1,8,0,0,1,0
05097,Montgomery,2019,4,4,1,0.25,DRUNK_DR,0,,0,,1,2,0.25,1,8,0,0,1,0
05097,Montgomery,2020,5,5,2,0.4,DRUNK_DR,0,,0,,1,2,0.25,1,8,0,0,1,0
05097,Montgomery,2021,4,4,0,0.0,DR_DRINK,0,,0,,1,2,0.25,1,8,0,0,1,0
05097,Montgomery,2022,2,2,1,0.5,DR_DRINK,0,,0,,1,4,0.5,1,8,0,0,1,0
05097,Montgomery,2023,2,2,0,0.0,DR_DRINK,0,,0,,1,4,0.5,1,8,0,0,1,0
05099,Nevada,2008,2,2,0,0.0,DRUNK_DR,0,,0,,1,2,0.3333333333333333,1,6,0,0,1,0
05099,Nevada,2009,1,1,0,0.0,DRUNK_DR,0,,0,,1,2,0.3333333333333333,1,6,0,0,1,0
05099,Nevada,2010,5,5,1,0.2,DRUNK_DR,0,,0,,1,2,0.3333333333333333,1,6,0,0,1,0
05099,Nevada,2011,6,9,1,0.16666666666666666,DRUNK_DR,0,,0,,1,2,0.3333333333333333,1,6,0,0,1,0
05099,Nevada,2012,6,7,4,0.6666666666666666,DRUNK_DR,0,,0,,1,2,0.3333333333333333,1,6,0,0,1,0
05099,Nevada,2013,2,2,1,0.5,DRUNK_DR,0,,0,,1,2,0.3333333333333333,1,6,0,0,1,0
05099,Nevada,2014,3,3,0,0.0,DRUNK_DR,0,,0,,1,3,0.5,1,6,0,0,1,0
05099,Nevada,2015,1,1,0,0.0,DRUNK_DR,0,,0,,1,3,0.5,1,6,0,0,1,0
05099,Nevada,2016,4,4,0,0.0,DRUNK_DR,0,,0,,1,3,0.5,1,6,0,0,1,0
05099,Nevada,2017,2,2,0,0.0,DRUNK_DR,0,,0,,1,3,0.5,1,6,0,0,1,0
05099,Nevada,2018,4,4,2,0.5,DRUNK_DR,0,,0,,1,3,0.5,1,6,0,0,1,0
05099,Nevada,2019,3,4,0,0.0,DRUNK_DR,0,,0,,1,3,0.5,1,6,0,0,1,0
05099,Nevada,2020,1,1,0,0.0,DRUNK_DR,0,,0,,1,3,0.5,1,6,0,0,1,0
05099,Nevada,2021,4,4,2,0.5,DR_DRINK,0,,0,,1,3,0.5,1,6,0,0,1,0
05099,Nevada,2022,5,5,1,0.2,DR_DRINK,0,,0,,1,3,0.5,1,6,0,0,1,0
05099,Nevada,2023,1,1,0,0.0,DR_DRINK,0,,0,,1,3,0.5,1,6,0,0,1,0
05101,Newton,2008,4,4,0,0.0,DRUNK_DR,0,,0,,1,3,0.5,1,6,0,0,1,0
05101,Newton,2009,4,4,1,0.25,DRUNK_DR,0,,0,,1,3,0.5,1,6,0,0,1,0
05101,Newton,2010,4,4,0,0.0,DRUNK_DR,0,,0,,1,3,0.5,1,6,0,0,1,0
05101,Newton,2011,2,2,0,0.0,DRUNK_DR,0,,0,,1,3,0.5,1,6,0,0,1,0
05101,Newton,2012,0,0,0,,,0,,0,,1,3,0.5,1,6,0,0,1,0
05101,Newton,2013,1,1,0,0.0,DRUNK_DR,0,,0,,1,3,0.5,1,6,0,0,1,0
05101,Newton,2014,3,3,0,0.0,DRUNK_DR,0,,0,,1,3,0.5,1,6,0,0,1,0
05101,Newton,2015,1,1,0,0.0,DRUNK_DR,0,,0,,1,3,0.5,1,6,0,0,1,0
05101,Newton,2016,1,1,0,0.0,DRUNK_DR,0,,0,,1,3,0.5,1,6,0,0,1,0
05101,Newton,2017,2,2,0,0.0,DRUNK_DR,0,,0,,1,3,0.5,1,6,0,0,1,0
05101,Newton,2018,4,4,1,0.25,DRUNK_DR,0,,0,,1,3,0.5,1,6,0,0,1,0
05101,Newton,2019,5,5,1,0.2,DRUNK_DR,0,,0,,1,3,0.5,1,6,0,0,1,0
05101,Newton,2020,4,4,0,0.0,DRUNK_DR,0,,0,,1,3,0.5,1,6,0,0,1,0
05101,Newton,2021,2,2,0,0.0,DR_DRINK,0,,0,,1,3,0.5,1,6,0,0,1,0
05101,Newton,2022,6,6,0,0.0,DR_DRINK,0,,0,,1,3,0.5,1,6,0,0,1,0
05101,Newton,2023,2,2,0,0.0,DR_DRINK,0,,0,,1,3,0.5,1,6,0,0,1,0
05103,Ouachita,2008,2,2,2,1.0,DRUNK_DR,1,,0,,1,4,0.6666666666666666,1,6,0,0,1,0
05103,Ouachita,2009,3,5,0,0.0,DRUNK_DR,1,,0,,1,4,0.6666666666666666,1,6,0,0,1,0
05103,Ouachita,2010,7,8,2,0.2857142857142857,DRUNK_DR,1,,0,,1,4,0.6666666666666666,1,6,0,0,1,0
05103,Ouachita,2011,5,5,1,0.2,DRUNK_DR,1,,0,,1,4,0.6666666666666666,1,6,0,0,1,0
05103,Ouachita,2012,3,3,1,0.3333333333333333,DRUNK_DR,1,,0,,1,4,0.6666666666666666,1,6,0,0,1,0
05103,Ouachita,2013,7,8,0,0.0,DRUNK_DR,1,,0,,1,4,0.6666666666666666,1,6,0,0,1,0
05103,Ouachita,2014,2,2,0,0.0,DRUNK_DR,1,,0,,1,5,0.8333333333333334,1,6,0,0,1,0
05103,Ouachita,2015,6,6,2,0.3333333333333333,DRUNK_DR,1,,0,,1,5,0.8333333333333334,1,6,0,0,1,0
05103,Ouachita,2016,3,3,0,0.0,DRUNK_DR,1,,0,,1,5,0.8333333333333334,1,6,0,0,1,0
05103,Ouachita,2017,7,8,3,0.42857142857142855,DRUNK_DR,1,,0,,1,5,0.8333333333333334,1,6,0,0,1,0
05103,Ouachita,2018,4,4,1,0.25,DRUNK_DR,1,,0,,1,5,0.8333333333333334,1,6,0,0,1,0
05103,Ouachita,2019,7,7,4,0.5714285714285714,DRUNK_DR,1,,0,,1,5,0.8333333333333334,1,6,0,0,1,0
05103,Ouachita,2020,5,5,1,0.2,DRUNK_DR,1,,0,,1,5,0.8333333333333334,1,6,0,0,1,0
05103,Ouachita,2021,6,6,3,0.5,DR_DRINK,1,,0,,1,5,0.8333333333333334,1,6,0,0,1,0
05103,Ouachita,2022,8,8,4,0.5,DR_DRINK,1,,0,,1,5,0.8333333333333334,1,6,0,0,1,0
05103,Ouachita,2023,5,6,2,0.4,DR_DRINK,1,,0,,1,5,0.8333333333333334,1,6,0,0,1,0
05105,Perry,2008,1,3,0,0.0,DRUNK_DR,0,,0,,1,3,0.5,1,6,0,0,1,0
05105,Perry,2009,3,6,2,0.6666666666666666,DRUNK_DR,0,,0,,1,3,0.5,1,6,0,0,1,0
05105,Perry,2010,5,6,2,0.4,DRUNK_DR,0,,0,,1,3,0.5,1,6,0,0,1,0
05105,Perry,2011,3,3,0,0.0,DRUNK_DR,0,,0,,1,3,0.5,1,6,0,0,1,0
05105,Perry,2012,1,1,0,0.0,DRUNK_DR,0,,0,,1,3,0.5,1,6,0,0,1,0
05105,Perry,2013,3,3,1,0.3333333333333333,DRUNK_DR,0,,0,,1,3,0.5,1,6,0,0,1,0
05105,Perry,2014,1,1,0,0.0,DRUNK_DR,0,,0,,1,4,0.6666666666666666,1,6,0,0,1,0
05105,Perry,2015,4,4,1,0.25,DRUNK_DR,0,,0,,1,4,0.6666666666666666,1,6,0,0,1,0
05105,Perry,2016,4,4,1,0.25,DRUNK_DR,0,,0,,1,4,0.6666666666666666,1,6,0,0,1,0
05105,Perry,2017,5,5,2,0.4,DRUNK_DR,0,,0,,1,4,0.6666666666666666,1,6,0,0,1,0
05105,Perry,2018,2,2,0,0.0,DRUNK_DR,0,,0,,1,4,0.6666666666666666,1,6,0,0,1,0
05105,Perry,2019,2,2,1,0.5,DRUNK_DR,0,,0,,1,4,0.6666666666666666,1,6,0,0,1,0
05105,Perry,2020,0,0,0,,,0,,0,,1,4,0.6666666666666666,1,6,0,0,1,0
05105,Perry,2021,4,4,0,0.0,DR_DRINK,0,,0,,1,4,0.6666666666666666,1,6,0,0,1,0
05105,Perry,2022,4,4,2,0.5,DR_DRINK,0,,0,,1,4,0.6666666666666666,1,6,0,0,1,0
05105,Perry,2023,0,0,0,,,0,,0,,1,4,0.6666666666666666,1,6,0,0,1,0
05107,Phillips,2008,8,8,3,0.375,DRUNK_DR,1,,0,,1,4,1.0,1,4,0,0,1,0
05107,Phillips,2009,6,7,4,0.6666666666666666,DRUNK_DR,1,,0,,1,4,1.0,1,4,0,0,1,0
05107,Phillips,2010,2,2,1,0.5,DRUNK_DR,1,,0,,1,4,1.0,1,4,0,0,1,0
05107,Phillips,2011,5,5,2,0.4,DRUNK_DR,1,,0,,1,4,1.0,1,4,0,0,1,0
05107,Phillips,2012,1,1,0,0.0,DRUNK_DR,1,,0,,1,4,1.0,1,4,0,0,1,0
05107,Phillips,2013,5,5,1,0.2,DRUNK_DR,1,,0,,1,4,1.0,1,4,0,0,1,0
05107,Phillips,2014,6,6,2,0.3333333333333333,DRUNK_DR,1,,0,,1,4,1.0,1,4,0,0,1,0
05107,Phillips,2015,4,4,1,0.25,DRUNK_DR,1,,0,,1,4,1.0,1,4,0,0,1,0
05107,Phillips,2016,4,4,0,0.0,DRUNK_DR,1,,0,,1,4,1.0,1,4,0,0,1,0
05107,Phillips,2017,2,2,0,0.0,DRUNK_DR,1,,0,,1,4,1.0,1,4,0,0,1,0
05107,Phillips,2018,4,4,1,0.25,DRUNK_DR,1,,0,,1,4,1.0,1,4,0,0,1,0
05107,Phillips,2019,5,5,1,0.2,DRUNK_DR,1,,0,,1,4,1.0,1,4,0,0,1,0
05107,Phillips,2020,2,2,0,0.0,DRUNK_DR,1,,0,,1,4,1.0,1,4,0,0,1,0
05107,Phillips,2021,8,9,4,0.5,DR_DRINK,1,,0,,1,4,1.0,1,4,0,0,1,0
05107,Phillips,2022,3,3,0,0.0,DR_DRINK,1,,0,,1,4,1.0,1,4,0,0,1,0
05107,Phillips,2023,6,7,2,0.3333333333333333,DR_DRINK,1,,0,,1,4,1.0,1,4,0,0,1,0
05109,Pike,2008,2,3,0,0.0,DRUNK_DR,0,,0,,1,1,0.1666666666666667,1,6,0,0,1,0
05109,Pike,2009,2,2,2,1.0,DRUNK_DR,0,,0,,1,1,0.1666666666666667,1,6,0,0,1,0
05109,Pike,2010,1,1,0,0.0,DRUNK_DR,0,,0,,1,1,0.1666666666666667,1,6,0,0,1,0
05109,Pike,2011,4,5,2,0.5,DRUNK_DR,0,,0,,1,1,0.1666666666666667,1,6,0,0,1,0
05109,Pike,2012,2,2,1,0.5,DRUNK_DR,0,,0,,1,1,0.1666666666666667,1,6,0,0,1,0
05109,Pike,2013,2,2,1,0.5,DRUNK_DR,0,,0,,1,1,0.1666666666666667,1,6,0,0,1,0
05109,Pike,2014,4,4,0,0.0,DRUNK_DR,0,,0,,1,1,0.1666666666666667,1,6,0,0,1,0
05109,Pike,2015,1,1,0,0.0,DRUNK_DR,0,,0,,1,1,0.1666666666666667,1,6,0,0,1,0
05109,Pike,2016,2,2,0,0.0,DRUNK_DR,0,,0,,1,1,0.1666666666666667,1,6,0,0,1,0
05109,Pike,2017,2,2,0,0.0,DRUNK_DR,0,,0,,1,1,0.1666666666666667,1,6,0,0,1,0
05109,Pike,2018,0,0,0,,,0,,0,,1,1,0.1666666666666667,1,6,0,0,1,0
05109,Pike,2019,2,2,0,0.0,DRUNK_DR,0,,0,,1,1,0.1666666666666667,1,6,0,0,1,0
05109,Pike,2020,1,1,0,0.0,DRUNK_DR,0,,0,,1,1,0.1666666666666667,1,6,0,0,1,0
05109,Pike,2021,1,1,1,1.0,DR_DRINK,0,,0,,1,1,0.1666666666666667,1,6,0,0,1,0
05109,Pike,2022,1,1,0,0.0,DR_DRINK,0,,0,,1,2,0.3333333333333333,1,6,0,0,1,0
05109,Pike,2023,6,7,0,0.0,DR_DRINK,0,,0,,1,2,0.3333333333333333,1,6,0,0,1,0
05111,Poinsett,2008,7,9,3,0.42857142857142855,DRUNK_DR,1,,0,,1,4,0.8,1,5,0,0,1,0
05111,Poinsett,2009,4,4,1,0.25,DRUNK_DR,1,,0,,1,4,0.8,1,5,0,0,1,0
05111,Poinsett,2010,3,3,0,0.0,DRUNK_DR,1,,0,,1,4,0.8,1,5,0,0,1,0
05111,Poinsett,2011,5,5,2,0.4,DRUNK_DR,1,,0,,1,4,0.8,1,5,0,0,1,0
05111,Poinsett,2012,4,4,2,0.5,DRUNK_DR,1,,0,,1,4,0.8,1,5,0,0,1,0
05111,Poinsett,2013,4,4,1,0.25,DRUNK_DR,1,,0,,1,4,0.8,1,5,0,0,1,0
05111,Poinsett,2014,6,7,0,0.0,DRUNK_DR,1,,0,,1,4,0.8,1,5,0,0,1,0
05111,Poinsett,2015,8,8,5,0.625,DRUNK_DR,1,,0,,1,4,0.8,1,5,0,0,1,0
05111,Poinsett,2016,11,13,1,0.09090909090909091,DRUNK_DR,1,,0,,1,4,0.8,1,5,0,0,1,0
05111,Poinsett,2017,4,4,2,0.5,DRUNK_DR,1,,0,,1,4,0.8,1,5,0,0,1,0
05111,Poinsett,2018,4,6,1,0.25,DRUNK_DR,1,,0,,1,4,0.8,1,5,0,0,1,0
05111,Poinsett,2019,3,4,0,0.0,DRUNK_DR,1,,0,,1,4,0.8,1,5,0,0,1,0
05111,Poinsett,2020,13,15,4,0.3076923076923077,DRUNK_DR,1,,0,,1,4,0.8,1,5,0,0,1,0
05111,Poinsett,2021,9,9,1,0.1111111111111111,DR_DRINK,1,,0,,1,4,0.8,1,5,0,0,1,0
05111,Poinsett,2022,6,6,1,0.16666666666666666,DR_DRINK,1,,0,,1,4,0.8,1,5,0,0,1,0
05111,Poinsett,2023,4,4,1,0.25,DR_DRINK,1,,0,,1,4,0.8,1,5,0,0,1,0
05113,Polk,2008,9,11,4,0.4444444444444444,DRUNK_DR,0,2022.0,2022,-14.0,0,0,0.0,0,5,0,1,0,0
05113,Polk,2009,5,6,1,0.2,DRUNK_DR,0,2022.0,2022,-13.0,0,0,0.0,0,5,0,1,0,0
05113,Polk,2010,7,8,0,0.0,DRUNK_DR,0,2022.0,2022,-12.0,0,0,0.0,0,5,0,1,0,0
05113,Polk,2011,4,4,0,0.0,DRUNK_DR,0,2022.0,2022,-11.0,0,0,0.0,0,5,0,1,0,0
05113,Polk,2012,7,8,1,0.14285714285714285,DRUNK_DR,0,2022.0,2022,-10.0,0,0,0.0,0,5,0,1,0,0
05113,Polk,2013,5,5,2,0.4,DRUNK_DR,0,2022.0,2022,-9.0,0,0,0.0,0,5,0,1,0,0
05113,Polk,2014,6,6,1,0.16666666666666666,DRUNK_DR,0,2022.0,2022,-8.0,0,0,0.0,0,5,0,1,0,0
05113,Polk,2015,10,12,2,0.2,DRUNK_DR,0,2022.0,2022,-7.0,0,0,0.0,0,5,0,1,0,0
05113,Polk,2016,4,4,0,0.0,DRUNK_DR,0,2022.0,2022,-6.0,0,0,0.0,0,5,0,1,0,0
05113,Polk,2017,4,4,2,0.5,DRUNK_DR,0,2022.0,2022,-5.0,0,0,0.0,0,5,0,1,0,0
05113,Polk,2018,3,3,0,0.0,DRUNK_DR,0,2022.0,2022,-4.0,0,0,0.0,0,5,0,1,0,0
05113,Polk,2019,3,3,0,0.0,DRUNK_DR,0,2022.0,2022,-3.0,0,0,0.0,0,5,0,1,0,0
05113,Polk,2020,4,5,1,0.25,DRUNK_DR,0,2022.0,2022,-2.0,1,1,0.2,1,5,0,1,0,0
05113,Polk,2021,8,8,2,0.25,DR_DRINK,0,2022.0,2022,-1.0,1,1,0.2,1,5,0,1,0,0
05113,Polk,2022,4,5,3,0.75,DR_DRINK,1,2022.0,2022,0.0,1,1,0.2,1,5,0,1,0,0
05113,Polk,2023,4,4,3,0.75,DR_DRINK,1,2022.0,2022,1.0,1,1,0.2,1,5,0,1,0,0
05115,Pope,2008,10,10,2,0.2,DRUNK_DR,0,,0,,1,1,0.1428571428571428,1,7,0,0,1,0
05115,Pope,2009,6,6,4,0.6666666666666666,DRUNK_DR,0,,0,,1,1,0.1428571428571428,1,7,0,0,1,0
05115,Pope,2010,13,16,2,0.15384615384615385,DRUNK_DR,0,,0,,1,1,0.1428571428571428,1,7,0,0,1,0
05115,Pope,2011,7,7,2,0.2857142857142857,DRUNK_DR,0,,0,,1,1,0.1428571428571428,1,7,0,0,1,0
05115,Pope,2012,18,21,6,0.3333333333333333,DRUNK_DR,0,,0,,1,1,0.1428571428571428,1,7,0,0,1,0
05115,Pope,2013,6,7,1,0.16666666666666666,DRUNK_DR,0,,0,,1,1,0.1428571428571428,1,7,0,0,1,0
05115,Pope,2014,8,8,1,0.125,DRUNK_DR,0,,0,,1,1,0.1428571428571428,1,7,0,0,1,0
05115,Pope,2015,8,8,1,0.125,DRUNK_DR,0,,0,,1,1,0.1428571428571428,1,7,0,0,1,0
05115,Pope,2016,4,5,0,0.0,DRUNK_DR,0,,0,,1,1,0.1428571428571428,1,7,0,0,1,0
05115,Pope,2017,9,9,3,0.3333333333333333,DRUNK_DR,0,,0,,1,1,0.1428571428571428,1,7,0,0,1,0
05115,Pope,2018,7,8,4,0.5714285714285714,DRUNK_DR,0,,0,,1,1,0.1428571428571428,1,7,0,0,1,0
05115,Pope,2019,8,9,3,0.375,DRUNK_DR,0,,0,,1,1,0.1428571428571428,1,7,0,0,1,0
05115,Pope,2020,11,12,1,0.09090909090909091,DRUNK_DR,0,,0,,1,2,0.2857142857142857,1,7,0,0,1,0
05115,Pope,2021,11,12,3,0.2727272727272727,DR_DRINK,0,,0,,1,2,0.2857142857142857,1,7,0,0,1,0
05115,Pope,2022,5,5,1,0.2,DR_DRINK,0,,0,,1,2,0.2857142857142857,1,7,0,0,1,0
05115,Pope,2023,12,16,1,0.08333333333333333,DR_DRINK,0,,0,,1,2,0.2857142857142857,1,7,0,0,1,0
05117,Prairie,2008,7,8,2,0.2857142857142857,DRUNK_DR,1,,0,,1,3,0.6,1,5,0,0,1,0
05117,Prairie,2009,5,5,2,0.4,DRUNK_DR,1,,0,,1,3,0.6,1,5,0,0,1,0
05117,Prairie,2010,5,6,1,0.2,DRUNK_DR,1,,0,,1,3,0.6,1,5,0,0,1,0
05117,Prairie,2011,6,6,2,0.3333333333333333,DRUNK_DR,1,,0,,1,3,0.6,1,5,0,0,1,0
05117,Prairie,2012,4,4,1,0.25,DRUNK_DR,1,,0,,1,3,0.6,1,5,0,0,1,0
05117,Prairie,2013,12,13,2,0.16666666666666666,DRUNK_DR,1,,0,,1,3,0.6,1,5,0,0,1,0
05117,Prairie,2014,2,2,1,0.5,DRUNK_DR,1,,0,,1,3,0.6,1,5,0,0,1,0
05117,Prairie,2015,0,0,0,,,1,,0,,1,3,0.6,1,5,0,0,1,0
05117,Prairie,2016,2,2,1,0.5,DRUNK_DR,1,,0,,1,3,0.6,1,5,0,0,1,0
05117,Prairie,2017,8,8,3,0.375,DRUNK_DR,1,,0,,1,3,0.6,1,5,0,0,1,0
05117,Prairie,2018,2,2,1,0.5,DRUNK_DR,1,,0,,1,3,0.6,1,5,0,0,1,0
05117,Prairie,2019,3,3,0,0.0,DRUNK_DR,1,,0,,1,3,0.6,1,5,0,0,1,0
05117,Prairie,2020,1,1,0,0.0,DRUNK_DR,1,,0,,1,3,0.6,1,5,0,0,1,0
05117,Prairie,2021,2,2,1,0.5,DR_DRINK,1,,0,,1,3,0.6,1,5,0,0,1,0
05117,Prairie,2022,2,2,1,0.5,DR_DRINK,1,,0,,1,3,0.6,1,5,0,0,1,0
05117,Prairie,2023,4,4,1,0.25,DR_DRINK,1,,0,,1,3,0.6,1,5,0,0,1,0
05119,Pulaski,2008,61,67,22,0.36065573770491804,DRUNK_DR,1,,0,,1,1,0.1666666666666667,1,6,0,0,1,0
05119,Pulaski,2009,51,57,16,0.3137254901960784,DRUNK_DR,1,,0,,1,1,0.1666666666666667,1,6,0,0,1,0
05119,Pulaski,2010,46,47,19,0.41304347826086957,DRUNK_DR,1,,0,,1,1,0.1666666666666667,1,6,0,0,1,0
05119,Pulaski,2011,56,58,18,0.32142857142857145,DRUNK_DR,1,,0,,1,1,0.1666666666666667,1,6,0,0,1,0
05119,Pulaski,2012,53,56,20,0.37735849056603776,DRUNK_DR,1,,0,,1,1,0.1666666666666667,1,6,0,0,1,0
05119,Pulaski,2013,50,59,17,0.34,DRUNK_DR,1,,0,,1,1,0.1666666666666667,1,6,0,0,1,0
05119,Pulaski,2014,39,40,15,0.38461538461538464,DRUNK_DR,1,,0,,1,2,0.3333333333333333,1,6,0,0,1,0
05119,Pulaski,2015,45,53,10,0.2222222222222222,DRUNK_DR,1,,0,,1,2,0.3333333333333333,1,6,0,0,1,0
05119,Pulaski,2016,40,43,12,0.3,DRUNK_DR,1,,0,,1,2,0.3333333333333333,1,6,0,0,1,0
05119,Pulaski,2017,57,60,11,0.19298245614035087,DRUNK_DR,1,,0,,1,2,0.3333333333333333,1,6,0,0,1,0
05119,Pulaski,2018,65,70,20,0.3076923076923077,DRUNK_DR,1,,0,,1,2,0.3333333333333333,1,6,0,0,1,0
05119,Pulaski,2019,59,62,18,0.3050847457627119,DRUNK_DR,1,,0,,1,2,0.3333333333333333,1,6,0,0,1,0
05119,Pulaski,2020,81,85,19,0.2345679012345679,DRUNK_DR,1,,0,,1,2,0.3333333333333333,1,6,0,0,1,0
05119,Pulaski,2021,68,70,22,0.3235294117647059,DR_DRINK,1,,0,,1,2,0.3333333333333333,1,6,0,0,1,0
05119,Pulaski,2022,83,92,23,0.27710843373493976,DR_DRINK,1,,0,,1,2,0.3333333333333333,1,6,0,0,1,0
05119,Pulaski,2023,85,88,24,0.2823529411764706,DR_DRINK,1,,0,,1,2,0.3333333333333333,1,6,0,0,1,0
05121,Randolph,2008,6,7,1,0.16666666666666666,DRUNK_DR,0,2018.0,2018,-10.0,1,1,0.25,1,4,0,1,0,0
05121,Randolph,2009,4,4,2,0.5,DRUNK_DR,0,2018.0,2018,-9.0,1,1,0.25,1,4,0,1,0,0
05121,Randolph,2010,4,4,1,0.25,DRUNK_DR,0,2018.0,2018,-8.0,1,1,0.25,1,4,0,1,0,0
05121,Randolph,2011,5,5,3,0.6,DRUNK_DR,0,2018.0,2018,-7.0,1,1,0.25,1,4,0,1,0,0
05121,Randolph,2012,4,5,1,0.25,DRUNK_DR,0,2018.0,2018,-6.0,1,2,0.5,1,4,0,1,0,0
05121,Randolph,2013,0,0,0,,,0,2018.0,2018,-5.0,1,2,0.5,1,4,0,1,0,0
05121,Randolph,2014,6,6,1,0.16666666666666666,DRUNK_DR,0,2018.0,2018,-4.0,1,2,0.5,1,4,0,1,0,0
05121,Randolph,2015,3,3,2,0.6666666666666666,DRUNK_DR,0,2018.0,2018,-3.0,1,2,0.5,1,4,0,1,0,0
05121,Randolph,2016,2,2,2,1.0,DRUNK_DR,0,2018.0,2018,-2.0,1,2,0.5,1,4,0,1,0,0
05121,Randolph,2017,7,7,1,0.14285714285714285,DRUNK_DR,0,2018.0,2018,-1.0,1,2,0.5,1,4,0,1,0,0
05121,Randolph,2018,7,7,0,0.0,DRUNK_DR,1,2018.0,2018,0.0,1,2,0.5,1,4,0,1,0,0
05121,Randolph,2019,2,2,0,0.0,DRUNK_DR,1,2018.0,2018,1.0,1,2,0.5,1,4,0,1,0,0
05121,Randolph,2020,1,1,0,0.0,DRUNK_DR,1,2018.0,2018,2.0,1,2,0.5,1,4,0,1,0,0
05121,Randolph,2021,9,9,3,0.3333333333333333,DR_DRINK,1,2018.0,2018,3.0,1,2,0.5,1,4,0,1,0,0
05121,Randolph,2022,5,7,1,0.2,DR_DRINK,1,2018.0,2018,4.0,1,2,0.5,1,4,0,1,0,0
05121,Randolph,2023,6,6,2,0.3333333333333333,DR_DRINK,1,2018.0,2018,5.0,1,2,0.5,1,4,0,1,0,0
05123,St. Francis,2008,7,8,3,0.42857142857142855,DRUNK_DR,1,,0,,1,5,1.0,1,5,0,0,1,0
05123,St. Francis,2009,11,13,1,0.09090909090909091,DRUNK_DR,1,,0,,1,5,1.0,1,5,0,0,1,0
05123,St. Francis,2010,7,10,2,0.2857142857142857,DRUNK_DR,1,,0,,1,5,1.0,1,5,0,0,1,0
05123,St. Francis,2011,4,6,1,0.25,DRUNK_DR,1,,0,,1,5,1.0,1,5,0,0,1,0
05123,St. Francis,2012,1,1,0,0.0,DRUNK_DR,1,,0,,1,5,1.0,1,5,0,0,1,0
05123,St. Francis,2013,5,5,0,0.0,DRUNK_DR,1,,0,,1,5,1.0,1,5,0,0,1,0
05123,St. Francis,2014,5,5,1,0.2,DRUNK_DR,1,,0,,1,5,1.0,1,5,0,0,1,0
05123,St. Francis,2015,8,9,2,0.25,DRUNK_DR,1,,0,,1,5,1.0,1,5,0,0,1,0
05123,St. Francis,2016,6,6,0,0.0,DRUNK_DR,1,,0,,1,5,1.0,1,5,0,0,1,0
05123,St. Francis,2017,6,6,0,0.0,DRUNK_DR,1,,0,,1,5,1.0,1,5,0,0,1,0
05123,St. Francis,2018,8,8,1,0.125,DRUNK_DR,1,,0,,1,5,1.0,1,5,0,0,1,0
05123,St. Francis,2019,8,10,0,0.0,DRUNK_DR,1,,0,,1,5,1.0,1,5,0,0,1,0
05123,St. Francis,2020,11,12,3,0.2727272727272727,DRUNK_DR,1,,0,,1,5,1.0,1,5,0,0,1,0
05123,St. Francis,2021,10,12,3,0.3,DR_DRINK,1,,0,,1,5,1.0,1,5,0,0,1,0
05123,St. Francis,2022,9,9,2,0.2222222222222222,DR_DRINK,1,,0,,1,5,1.0,1,5,0,0,1,0
05123,St. Francis,2023,2,3,2,1.0,DR_DRINK,1,,0,,1,5,1.0,1,5,0,0,1,0
05125,Saline,2008,14,14,5,0.35714285714285715,DRUNK_DR,0,2014.0,2014,-6.0,1,2,0.4,1,5,0,1,0,0
05125,Saline,2009,17,20,6,0.35294117647058826,DRUNK_DR,0,2014.0,2014,-5.0,1,2,0.4,1,5,0,1,0,0
05125,Saline,2010,15,15,5,0.3333333333333333,DRUNK_DR,0,2014.0,2014,-4.0,1,2,0.4,1,5,0,1,0,0
05125,Saline,2011,13,13,3,0.23076923076923078,DRUNK_DR,0,2014.0,2014,-3.0,1,2,0.4,1,5,0,1,0,0
05125,Saline,2012,13,13,3,0.23076923076923078,DRUNK_DR,0,2014.0,2014,-2.0,1,2,0.4,1,5,0,1,0,0
05125,Saline,2013,20,20,5,0.25,DRUNK_DR,0,2014.0,2014,-1.0,1,2,0.4,1,5,0,1,0,0
05125,Saline,2014,14,14,3,0.21428571428571427,DRUNK_DR,1,2014.0,2014,0.0,1,2,0.4,1,5,0,1,0,0
05125,Saline,2015,17,18,4,0.23529411764705882,DRUNK_DR,1,2014.0,2014,1.0,1,2,0.4,1,5,0,1,0,0
05125,Saline,2016,8,9,2,0.25,DRUNK_DR,1,2014.0,2014,2.0,1,2,0.4,1,5,0,1,0,0
05125,Saline,2017,9,10,2,0.2222222222222222,DRUNK_DR,1,2014.0,2014,3.0,1,2,0.4,1,5,0,1,0,0
05125,Saline,2018,7,7,2,0.2857142857142857,DRUNK_DR,1,2014.0,2014,4.0,1,2,0.4,1,5,0,1,0,0
05125,Saline,2019,12,15,1,0.08333333333333333,DRUNK_DR,1,2014.0,2014,5.0,1,2,0.4,1,5,0,1,0,0
05125,Saline,2020,15,15,6,0.4,DRUNK_DR,1,2014.0,2014,6.0,1,2,0.4,1,5,0,1,0,0
05125,Saline,2021,28,29,9,0.32142857142857145,DR_DRINK,1,2014.0,2014,7.0,1,2,0.4,1,5,0,1,0,0
05125,Saline,2022,15,15,6,0.4,DR_DRINK,1,2014.0,2014,8.0,1,3,0.6,1,5,0,1,0,0
05125,Saline,2023,19,20,5,0.2631578947368421,DR_DRINK,1,2014.0,2014,9.0,1,3,0.6,1,5,0,1,0,0
05127,Scott,2008,4,5,2,0.5,DRUNK_DR,0,,0,,0,0,0.0,1,5,0,0,1,0
05127,Scott,2009,1,1,0,0.0,DRUNK_DR,0,,0,,0,0,0.0,1,5,0,0,1,0
05127,Scott,2010,7,7,4,0.5714285714285714,DRUNK_DR,0,,0,,0,0,0.0,1,5,0,0,1,0
05127,Scott,2011,0,0,0,,,0,,0,,0,0,0.0,1,5,0,0,1,0
05127,Scott,2012,2,2,1,0.5,DRUNK_DR,0,,0,,0,0,0.0,1,5,0,0,1,0
05127,Scott,2013,0,0,0,,,0,,0,,0,0,0.0,1,5,0,0,1,0
05127,Scott,2014,1,1,0,0.0,DRUNK_DR,0,,0,,0,0,0.0,1,5,0,0,1,0
05127,Scott,2015,3,3,1,0.3333333333333333,DRUNK_DR,0,,0,,0,0,0.0,1,5,0,0,1,0
05127,Scott,2016,4,4,1,0.25,DRUNK_DR,0,,0,,0,0,0.0,1,5,0,0,1,0
05127,Scott,2017,4,4,1,0.25,DRUNK_DR,0,,0,,0,0,0.0,1,5,0,0,1,0
05127,Scott,2018,3,3,1,0.3333333333333333,DRUNK_DR,0,,0,,0,0,0.0,1,5,0,0,1,0
05127,Scott,2019,1,1,0,0.0,DRUNK_DR,0,,0,,0,0,0.0,1,5,0,0,1,0
05127,Scott,2020,2,3,0,0.0,DRUNK_DR,0,,0,,0,0,0.0,1,5,0,0,1,0
05127,Scott,2021,2,3,0,0.0,DR_DRINK,0,,0,,0,0,0.0,1,5,0,0,1,0
05127,Scott,2022,6,6,0,0.0,DR_DRINK,0,,0,,1,1,0.2,1,5,0,0,1,0
05127,Scott,2023,5,5,2,0.4,DR_DRINK,0,,0,,1,1,0.2,1,5,0,0,1,0
05129,Searcy,2008,1,1,1,1.0,DRUNK_DR,0,,0,,1,3,0.4285714285714285,1,7,0,0,1,0
05129,Searcy,2009,3,3,2,0.6666666666666666,DRUNK_DR,0,,0,,1,3,0.4285714285714285,1,7,0,0,1,0
05129,Searcy,2010,2,2,0,0.0,DRUNK_DR,0,,0,,1,3,0.4285714285714285,1,7,0,0,1,0
05129,Searcy,2011,4,4,1,0.25,DRUNK_DR,0,,0,,1,3,0.4285714285714285,1,7,0,0,1,0
05129,Searcy,2012,5,5,2,0.4,DRUNK_DR,0,,0,,1,3,0.4285714285714285,1,7,0,0,1,0
05129,Searcy,2013,3,4,0,0.0,DRUNK_DR,0,,0,,1,3,0.4285714285714285,1,7,0,0,1,0
05129,Searcy,2014,4,4,1,0.25,DRUNK_DR,0,,0,,1,3,0.4285714285714285,1,7,0,0,1,0
05129,Searcy,2015,5,5,2,0.4,DRUNK_DR,0,,0,,1,3,0.4285714285714285,1,7,0,0,1,0
05129,Searcy,2016,3,3,0,0.0,DRUNK_DR,0,,0,,1,3,0.4285714285714285,1,7,0,0,1,0
05129,Searcy,2017,1,1,0,0.0,DRUNK_DR,0,,0,,1,3,0.4285714285714285,1,7,0,0,1,0
05129,Searcy,2018,5,7,0,0.0,DRUNK_DR,0,,0,,1,3,0.4285714285714285,1,7,0,0,1,0
05129,Searcy,2019,2,2,1,0.5,DRUNK_DR,0,,0,,1,3,0.4285714285714285,1,7,0,0,1,0
05129,Searcy,2020,4,4,1,0.25,DRUNK_DR,0,,0,,1,4,0.5714285714285714,1,7,0,0,1,0
05129,Searcy,2021,5,5,2,0.4,DR_DRINK,0,,0,,1,4,0.5714285714285714,1,7,0,0,1,0
05129,Searcy,2022,4,4,1,0.25,DR_DRINK,0,,0,,1,4,0.5714285714285714,1,7,0,0,1,0
05129,Searcy,2023,4,4,0,0.0,DR_DRINK,0,,0,,1,4,0.5714285714285714,1,7,0,0,1,0
05131,Sebastian,2008,17,19,6,0.35294117647058826,DRUNK_DR,0,,0,,1,1,0.25,1,4,1,0,1,0
05131,Sebastian,2009,16,17,8,0.5,DRUNK_DR,0,,0,,1,1,0.25,1,4,1,0,1,0
05131,Sebastian,2010,11,14,5,0.45454545454545453,DRUNK_DR,0,,0,,1,1,0.25,1,4,1,0,1,0
05131,Sebastian,2011,8,10,1,0.125,DRUNK_DR,0,,0,,1,1,0.25,1,4,1,0,1,0
05131,Sebastian,2012,4,4,3,0.75,DRUNK_DR,0,,0,,1,1,0.25,1,4,1,0,1,0
05131,Sebastian,2013,10,10,1,0.1,DRUNK_DR,0,,0,,1,1,0.25,1,4,1,0,1,0
05131,Sebastian,2014,5,5,2,0.4,DRUNK_DR,0,,0,,1,1,0.25,1,4,1,0,1,0
05131,Sebastian,2015,6,6,1,0.16666666666666666,DRUNK_DR,0,,0,,1,1,0.25,1,4,1,0,1,0
05131,Sebastian,2016,15,15,6,0.4,DRUNK_DR,0,,0,,1,1,0.25,1,4,1,0,1,0
05131,Sebastian,2017,14,14,3,0.21428571428571427,DRUNK_DR,0,,0,,1,1,0.25,1,4,1,0,1,0
05131,Sebastian,2018,14,15,5,0.35714285714285715,DRUNK_DR,0,,0,,1,1,0.25,1,4,1,0,1,0
05131,Sebastian,2019,9,9,1,0.1111111111111111,DRUNK_DR,0,,0,,1,1,0.25,1,4,1,0,1,0
05131,Sebastian,2020,14,15,1,0.07142857142857142,DRUNK_DR,0,,0,,1,1,0.25,1,4,1,0,1,0
05131,Sebastian,2021,19,20,6,0.3157894736842105,DR_DRINK,0,,0,,1,1,0.25,1,4,1,0,1,0
05131,Sebastian,2022,19,22,7,0.3684210526315789,DR_DRINK,0,,0,,1,1,0.25,1,4,1,0,1,0
05131,Sebastian,2023,20,20,8,0.4,DR_DRINK,0,,0,,1,1,0.25,1,4,1,0,1,0
05133,Sevier,2008,4,4,0,0.0,DRUNK_DR,0,2020.0,2020,-12.0,0,0,0.0,0,3,0,1,0,0
05133,Sevier,2009,2,2,1,0.5,DRUNK_DR,0,2020.0,2020,-11.0,0,0,0.0,0,3,0,1,0,0
05133,Sevier,2010,3,3,0,0.0,DRUNK_DR,0,2020.0,2020,-10.0,0,0,0.0,0,3,0,1,0,0
05133,Sevier,2011,2,2,0,0.0,DRUNK_DR,0,2020.0,2020,-9.0,0,0,0.0,0,3,0,1,0,0
05133,Sevier,2012,2,2,0,0.0,DRUNK_DR,0,2020.0,2020,-8.0,0,0,0.0,0,3,0,1,0,0
05133,Sevier,2013,4,4,0,0.0,DRUNK_DR,0,2020.0,2020,-7.0,0,0,0.0,0,3,0,1,0,0
05133,Sevier,2014,3,3,0,0.0,DRUNK_DR,0,2020.0,2020,-6.0,0,0,0.0,0,3,0,1,0,0
05133,Sevier,2015,3,3,1,0.3333333333333333,DRUNK_DR,0,2020.0,2020,-5.0,0,0,0.0,0,3,0,1,0,0
05133,Sevier,2016,7,7,2,0.2857142857142857,DRUNK_DR,0,2020.0,2020,-4.0,1,1,0.3333333333333333,1,3,0,1,0,0
05133,Sevier,2017,2,2,0,0.0,DRUNK_DR,0,2020.0,2020,-3.0,1,1,0.3333333333333333,1,3,0,1,0,0
05133,Sevier,2018,1,1,0,0.0,DRUNK_DR,0,2020.0,2020,-2.0,1,1,0.3333333333333333,1,3,0,1,0,0
05133,Sevier,2019,5,7,2,0.4,DRUNK_DR,0,2020.0,2020,-1.0,1,1,0.3333333333333333,1,3,0,1,0,0
05133,Sevier,2020,6,7,2,0.3333333333333333,DRUNK_DR,1,2020.0,2020,0.0,1,1,0.3333333333333333,1,3,0,1,0,0
05133,Sevier,2021,3,3,2,0.6666666666666666,DR_DRINK,1,2020.0,2020,1.0,1,1,0.3333333333333333,1,3,0,1,0,0
05133,Sevier,2022,7,8,4,0.5714285714285714,DR_DRINK,1,2020.0,2020,2.0,1,2,0.6666666666666666,1,3,0,1,0,0
05133,Sevier,2023,6,6,4,0.6666666666666666,DR_DRINK,1,2020.0,2020,3.0,1,2,0.6666666666666666,1,3,0,1,0,0
05135,Sharp,2008,1,1,0,0.0,DRUNK_DR,0,2012.0,2012,-4.0,0,0,0.0,0,5,0,1,0,0
05135,Sharp,2009,1,1,0,0.0,DRUNK_DR,0,2012.0,2012,-3.0,0,0,0.0,0,5,0,1,0,0
05135,Sharp,2010,5,6,1,0.2,DRUNK_DR,0,2012.0,2012,-2.0,0,0,0.0,0,5,0,1,0,0
05135,Sharp,2011,4,4,1,0.25,DRUNK_DR,0,2012.0,2012,-1.0,0,0,0.0,0,5,0,1,0,0
05135,Sharp,2012,7,7,1,0.14285714285714285,DRUNK_DR,1,2012.0,2012,0.0,0,0,0.0,0,5,0,1,0,0
05135,Sharp,2013,3,3,2,0.6666666666666666,DRUNK_DR,1,2012.0,2012,1.0,0,0,0.0,0,5,0,1,0,0
05135,Sharp,2014,1,1,0,0.0,DRUNK_DR,1,2012.0,2012,2.0,0,0,0.0,0,5,0,1,0,0
05135,Sharp,2015,3,3,2,0.6666666666666666,DRUNK_DR,1,2012.0,2012,3.0,0,0,0.0,0,5,0,1,0,0
05135,Sharp,2016,6,7,2,0.3333333333333333,DRUNK_DR,1,2012.0,2012,4.0,0,0,0.0,0,5,0,1,0,0
05135,Sharp,2017,9,11,2,0.2222222222222222,DRUNK_DR,1,2012.0,2012,5.0,0,0,0.0,0,5,0,1,0,0
05135,Sharp,2018,4,5,0,0.0,DRUNK_DR,1,2012.0,2012,6.0,1,1,0.2,1,5,0,1,0,0
05135,Sharp,2019,6,7,2,0.3333333333333333,DRUNK_DR,1,2012.0,2012,7.0,1,1,0.2,1,5,0,1,0,0
05135,Sharp,2020,4,4,2,0.5,DRUNK_DR,1,2012.0,2012,8.0,1,1,0.2,1,5,0,1,0,0
05135,Sharp,2021,2,4,0,0.0,DR_DRINK,1,2012.0,2012,9.0,1,1,0.2,1,5,0,1,0,0
05135,Sharp,2022,1,1,1,1.0,DR_DRINK,1,2012.0,2012,10.0,1,1,0.2,1,5,0,1,0,0
05135,Sharp,2023,4,4,1,0.25,DR_DRINK,1,2012.0,2012,11.0,1,1,0.2,1,5,0,1,0,0
05137,Stone,2008,5,5,1,0.2,DRUNK_DR,0,,0,,1,1,0.1666666666666667,1,6,0,0,1,0
05137,Stone,2009,2,2,0,0.0,DRUNK_DR,0,,0,,1,1,0.1666666666666667,1,6,0,0,1,0
05137,Stone,2010,3,7,2,0.6666666666666666,DRUNK_DR,0,,0,,1,1,0.1666666666666667,1,6,0,0,1,0
05137,Stone,2011,5,5,1,0.2,DRUNK_DR,0,,0,,1,1,0.1666666666666667,1,6,0,0,1,0
05137,Stone,2012,1,1,0,0.0,DRUNK_DR,0,,0,,1,1,0.1666666666666667,1,6,0,0,1,0
05137,Stone,2013,3,4,0,0.0,DRUNK_DR,0,,0,,1,1,0.1666666666666667,1,6,0,0,1,0
05137,Stone,2014,3,3,0,0.0,DRUNK_DR,0,,0,,1,1,0.1666666666666667,1,6,0,0,1,0
05137,Stone,2015,3,4,1,0.3333333333333333,DRUNK_DR,0,,0,,1,1,0.1666666666666667,1,6,0,0,1,0
05137,Stone,2016,4,4,0,0.0,DRUNK_DR,0,,0,,1,1,0.1666666666666667,1,6,0,0,1,0
05137,Stone,2017,5,6,0,0.0,DRUNK_DR,0,,0,,1,1,0.1666666666666667,1,6,0,0,1,0
05137,Stone,2018,1,1,1,1.0,DRUNK_DR,0,,0,,1,1,0.1666666666666667,1,6,0,0,1,0
05137,Stone,2019,1,1,1,1.0,DRUNK_DR,0,,0,,1,1,0.1666666666666667,1,6,0,0,1,0
05137,Stone,2020,3,3,0,0.0,DRUNK_DR,0,,0,,1,2,0.3333333333333333,1,6,0,0,1,0
05137,Stone,2021,4,4,1,0.25,DR_DRINK,0,,0,,1,2,0.3333333333333333,1,6,0,0,1,0
05137,Stone,2022,4,4,1,0.25,DR_DRINK,0,,0,,1,2,0.3333333333333333,1,6,0,0,1,0
05137,Stone,2023,3,3,1,0.3333333333333333,DR_DRINK,0,,0,,1,2,0.3333333333333333,1,6,0,0,1,0
05139,Union,2008,8,9,3,0.375,DRUNK_DR,1,,0,,1,2,0.4,1,5,0,0,1,0
05139,Union,2009,4,5,4,1.0,DRUNK_DR,1,,0,,1,2,0.4,1,5,0,0,1,0
05139,Union,2010,8,8,1,0.125,DRUNK_DR,1,,0,,1,2,0.4,1,5,0,0,1,0
05139,Union,2011,9,9,4,0.4444444444444444,DRUNK_DR,1,,0,,1,2,0.4,1,5,0,0,1,0
05139,Union,2012,11,12,2,0.18181818181818182,DRUNK_DR,1,,0,,1,2,0.4,1,5,0,0,1,0
05139,Union,2013,5,5,1,0.2,DRUNK_DR,1,,0,,1,2,0.4,1,5,0,0,1,0
05139,Union,2014,7,7,1,0.14285714285714285,DRUNK_DR,1,,0,,1,3,0.6,1,5,0,0,1,0
05139,Union,2015,10,11,3,0.3,DRUNK_DR,1,,0,,1,3,0.6,1,5,0,0,1,0
05139,Union,2016,6,7,2,0.3333333333333333,DRUNK_DR,1,,0,,1,3,0.6,1,5,0,0,1,0
05139,Union,2017,6,6,1,0.16666666666666666,DRUNK_DR,1,,0,,1,3,0.6,1,5,0,0,1,0
05139,Union,2018,11,12,3,0.2727272727272727,DRUNK_DR,1,,0,,1,3,0.6,1,5,0,0,1,0
05139,Union,2019,13,13,4,0.3076923076923077,DRUNK_DR,1,,0,,1,3,0.6,1,5,0,0,1,0
05139,Union,2020,6,7,0,0.0,DRUNK_DR,1,,0,,1,3,0.6,1,5,0,0,1,0
05139,Union,2021,11,13,4,0.36363636363636365,DR_DRINK,1,,0,,1,3,0.6,1,5,0,0,1,0
05139,Union,2022,7,7,3,0.42857142857142855,DR_DRINK,1,,0,,1,3,0.6,1,5,0,0,1,0
05139,Union,2023,6,6,1,0.16666666666666666,DR_DRINK,1,,0,,1,3,0.6,1,5,0,0,1,0
05141,Van Buren,2008,4,4,0,0.0,DRUNK_DR,0,2020.0,2020,-12.0,1,1,0.1666666666666667,1,6,0,1,0,0
05141,Van Buren,2009,3,3,1,0.3333333333333333,DRUNK_DR,0,2020.0,2020,-11.0,1,1,0.1666666666666667,1,6,0,1,0,0
05141,Van Buren,2010,6,10,2,0.3333333333333333,DRUNK_DR,0,2020.0,2020,-10.0,1,1,0.1666666666666667,1,6,0,1,0,0
05141,Van Buren,2011,10,10,2,0.2,DRUNK_DR,0,2020.0,2020,-9.0,1,1,0.1666666666666667,1,6,0,1,0,0
05141,Van Buren,2012,5,5,3,0.6,DRUNK_DR,0,2020.0,2020,-8.0,1,1,0.1666666666666667,1,6,0,1,0,0
05141,Van Buren,2013,5,5,2,0.4,DRUNK_DR,0,2020.0,2020,-7.0,1,1,0.1666666666666667,1,6,0,1,0,0
05141,Van Buren,2014,6,8,2,0.3333333333333333,DRUNK_DR,0,2020.0,2020,-6.0,1,1,0.1666666666666667,1,6,0,1,0,0
05141,Van Buren,2015,1,1,1,1.0,DRUNK_DR,0,2020.0,2020,-5.0,1,1,0.1666666666666667,1,6,0,1,0,0
05141,Van Buren,2016,0,0,0,,,0,2020.0,2020,-4.0,1,1,0.1666666666666667,1,6,0,1,0,0
05141,Van Buren,2017,4,6,0,0.0,DRUNK_DR,0,2020.0,2020,-3.0,1,1,0.1666666666666667,1,6,0,1,0,0
05141,Van Buren,2018,3,3,1,0.3333333333333333,DRUNK_DR,0,2020.0,2020,-2.0,1,1,0.1666666666666667,1,6,0,1,0,0
05141,Van Buren,2019,0,0,0,,,0,2020.0,2020,-1.0,1,1,0.1666666666666667,1,6,0,1,0,0
05141,Van Buren,2020,4,5,0,0.0,DRUNK_DR,1,2020.0,2020,0.0,1,1,0.1666666666666667,1,6,0,1,0,0
05141,Van Buren,2021,7,8,3,0.42857142857142855,DR_DRINK,1,2020.0,2020,1.0,1,1,0.1666666666666667,1,6,0,1,0,0
05141,Van Buren,2022,4,4,2,0.5,DR_DRINK,1,2020.0,2020,2.0,1,1,0.1666666666666667,1,6,0,1,0,0
05141,Van Buren,2023,1,1,0,0.0,DR_DRINK,1,2020.0,2020,3.0,1,1,0.1666666666666667,1,6,0,1,0,0
05143,Washington,2008,17,17,12,0.7058823529411765,DRUNK_DR,1,,0,,1,1,0.3333333333333333,1,3,0,0,1,0
05143,Washington,2009,26,26,6,0.23076923076923078,DRUNK_DR,1,,0,,1,1,0.3333333333333333,1,3,0,0,1,0
05143,Washington,2010,16,17,9,0.5625,DRUNK_DR,1,,0,,1,1,0.3333333333333333,1,3,0,0,1,0
05143,Washington,2011,24,27,9,0.375,DRUNK_DR,1,,0,,1,1,0.3333333333333333,1,3,0,0,1,0
05143,Washington,2012,18,18,4,0.2222222222222222,DRUNK_DR,1,,0,,1,2,0.6666666666666666,1,3,0,0,1,0
05143,Washington,2013,16,16,3,0.1875,DRUNK_DR,1,,0,,1,2,0.6666666666666666,1,3,0,0,1,0
05143,Washington,2014,17,19,8,0.47058823529411764,DRUNK_DR,1,,0,,1,2,0.6666666666666666,1,3,0,0,1,0
05143,Washington,2015,20,22,4,0.2,DRUNK_DR,1,,0,,1,2,0.6666666666666666,1,3,0,0,1,0
05143,Washington,2016,30,34,9,0.3,DRUNK_DR,1,,0,,1,2,0.6666666666666666,1,3,0,0,1,0
05143,Washington,2017,22,24,5,0.22727272727272727,DRUNK_DR,1,,0,,1,2,0.6666666666666666,1,3,0,0,1,0
05143,Washington,2018,18,18,4,0.2222222222222222,DRUNK_DR,1,,0,,1,2,0.6666666666666666,1,3,0,0,1,0
05143,Washington,2019,20,21,3,0.15,DRUNK_DR,1,,0,,1,2,0.6666666666666666,1,3,0,0,1,0
05143,Washington,2020,28,28,7,0.25,DRUNK_DR,1,,0,,1,2,0.6666666666666666,1,3,0,0,1,0
05143,Washington,2021,28,29,5,0.17857142857142858,DR_DRINK,1,,0,,1,2,0.6666666666666666,1,3,0,0,1,0
05143,Washington,2022,31,33,10,0.3225806451612903,DR_DRINK,1,,0,,1,2,0.6666666666666666,1,3,0,0,1,0
05143,Washington,2023,25,30,6,0.24,DR_DRINK,1,,0,,1,2,0.6666666666666666,1,3,0,0,1,0
05145,White,2008,15,15,6,0.4,DRUNK_DR,0,,0,,1,3,0.4285714285714285,1,7,0,0,1,0
05145,White,2009,14,16,8,0.5714285714285714,DRUNK_DR,0,,0,,1,3,0.4285714285714285,1,7,0,0,1,0
05145,White,2010,14,14,6,0.42857142857142855,DRUNK_DR,0,,0,,1,3,0.4285714285714285,1,7,0,0,1,0
05145,White,2011,8,8,3,0.375,DRUNK_DR,0,,0,,1,3,0.4285714285714285,1,7,0,0,1,0
05145,White,2012,14,16,1,0.07142857142857142,DRUNK_DR,0,,0,,1,3,0.4285714285714285,1,7,0,0,1,0
05145,White,2013,13,15,4,0.3076923076923077,DRUNK_DR,0,,0,,1,3,0.4285714285714285,1,7,0,0,1,0
05145,White,2014,16,17,2,0.125,DRUNK_DR,0,,0,,1,3,0.4285714285714285,1,7,0,0,1,0
05145,White,2015,8,11,3,0.375,DRUNK_DR,0,,0,,1,3,0.4285714285714285,1,7,0,0,1,0
05145,White,2016,18,20,7,0.3888888888888889,DRUNK_DR,0,,0,,1,3,0.4285714285714285,1,7,0,0,1,0
05145,White,2017,10,10,3,0.3,DRUNK_DR,0,,0,,1,3,0.4285714285714285,1,7,0,0,1,0
05145,White,2018,7,7,1,0.14285714285714285,DRUNK_DR,0,,0,,1,3,0.4285714285714285,1,7,0,0,1,0
05145,White,2019,13,14,1,0.07692307692307693,DRUNK_DR,0,,0,,1,3,0.4285714285714285,1,7,0,0,1,0
05145,White,2020,20,20,2,0.1,DRUNK_DR,0,,0,,1,3,0.4285714285714285,1,7,0,0,1,0
05145,White,2021,19,20,3,0.15789473684210525,DR_DRINK,0,,0,,1,3,0.4285714285714285,1,7,0,0,1,0
05145,White,2022,16,16,4,0.25,DR_DRINK,0,,0,,1,3,0.4285714285714285,1,7,0,0,1,0
05145,White,2023,17,18,4,0.23529411764705882,DR_DRINK,0,,0,,1,3,0.4285714285714285,1,7,0,0,1,0
05147,Woodruff,2008,3,4,1,0.3333333333333333,DRUNK_DR,1,,0,,1,5,0.8333333333333334,1,6,0,0,1,0
05147,Woodruff,2009,4,4,1,0.25,DRUNK_DR,1,,0,,1,5,0.8333333333333334,1,6,0,0,1,0
05147,Woodruff,2010,3,3,0,0.0,DRUNK_DR,1,,0,,1,5,0.8333333333333334,1,6,0,0,1,0
05147,Woodruff,2011,2,2,0,0.0,DRUNK_DR,1,,0,,1,5,0.8333333333333334,1,6,0,0,1,0
05147,Woodruff,2012,2,2,1,0.5,DRUNK_DR,1,,0,,1,5,0.8333333333333334,1,6,0,0,1,0
05147,Woodruff,2013,4,4,1,0.25,DRUNK_DR,1,,0,,1,5,0.8333333333333334,1,6,0,0,1,0
05147,Woodruff,2014,2,5,1,0.5,DRUNK_DR,1,,0,,1,5,0.8333333333333334,1,6,0,0,1,0
05147,Woodruff,2015,2,3,0,0.0,DRUNK_DR,1,,0,,1,5,0.8333333333333334,1,6,0,0,1,0
05147,Woodruff,2016,2,2,0,0.0,DRUNK_DR,1,,0,,1,5,0.8333333333333334,1,6,0,0,1,0
05147,Woodruff,2017,0,0,0,,,1,,0,,1,5,0.8333333333333334,1,6,0,0,1,0
05147,Woodruff,2018,1,1,0,0.0,DRUNK_DR,1,,0,,1,5,0.8333333333333334,1,6,0,0,1,0
05147,Woodruff,2019,1,1,0,0.0,DRUNK_DR,1,,0,,1,5,0.8333333333333334,1,6,0,0,1,0
05147,Woodruff,2020,2,2,1,0.5,DRUNK_DR,1,,0,,1,5,0.8333333333333334,1,6,0,0,1,0
05147,Woodruff,2021,0,0,0,,,1,,0,,1,5,0.8333333333333334,1,6,0,0,1,0
05147,Woodruff,2022,0,0,0,,,1,,0,,1,5,0.8333333333333334,1,6,0,0,1,0
05147,Woodruff,2023,0,0,0,,,1,,0,,1,5,0.8333333333333334,1,6,0,0,1,0
05149,Yell,2008,5,6,3,0.6,DRUNK_DR,0,,0,,1,2,0.2857142857142857,1,7,0,0,1,0
05149,Yell,2009,3,4,1,0.3333333333333333,DRUNK_DR,0,,0,,1,2,0.2857142857142857,1,7,0,0,1,0
05149,Yell,2010,8,10,3,0.375,DRUNK_DR,0,,0,,1,2,0.2857142857142857,1,7,0,0,1,0
05149,Yell,2011,3,3,2,0.6666666666666666,DRUNK_DR,0,,0,,1,2,0.2857142857142857,1,7,0,0,1,0
05149,Yell,2012,14,18,2,0.14285714285714285,DRUNK_DR,0,,0,,1,2,0.2857142857142857,1,7,0,0,1,0
05149,Yell,2013,3,3,0,0.0,DRUNK_DR,0,,0,,1,2,0.2857142857142857,1,7,0,0,1,0
05149,Yell,2014,4,4,2,0.5,DRUNK_DR,0,,0,,1,2,0.2857142857142857,1,7,0,0,1,0
05149,Yell,2015,2,2,0,0.0,DRUNK_DR,0,,0,,1,2,0.2857142857142857,1,7,0,0,1,0
05149,Yell,2016,6,8,5,0.8333333333333334,DRUNK_DR,0,,0,,1,2,0.2857142857142857,1,7,0,0,1,0
05149,Yell,2017,6,7,3,0.5,DRUNK_DR,0,,0,,1,2,0.2857142857142857,1,7,0,0,1,0
05149,Yell,2018,5,5,1,0.2,DRUNK_DR,0,,0,,1,2,0.2857142857142857,1,7,0,0,1,0
05149,Yell,2019,4,5,1,0.25,DRUNK_DR,0,,0,,1,2,0.2857142857142857,1,7,0,0,1,0
05149,Yell,2020,5,6,1,0.2,DRUNK_DR,0,,0,,1,2,0.2857142857142857,1,7,0,0,1,0
05149,Yell,2021,6,8,2,0.3333333333333333,DR_DRINK,0,,0,,1,2,0.2857142857142857,1,7,0,0,1,0
05149,Yell,2022,5,6,1,0.2,DR_DRINK,0,,0,,1,2,0.2857142857142857,1,7,0,0,1,0
05149,Yell,2023,2,3,1,0.5,DR_DRINK,0,,0,,1,2,0.2857142857142857,1,7,0,0,1,0
