fips,year,dvmt_total,vmt_annual,road_length_total,dvmt_rural,dvmt_small_urban,dvmt_urbanized
05001,2013,600316.76,219115617.4,1683.41,416955.32,183361.44,0.0
05001,2014,621494.9,226845638.5,1683.24,428788.97,192705.93,0.0
05001,2015,622824.172,227330822.9,1682.567,434220.378,188603.794,0.0
05001,2016,650035.522,237262965.4,1682.567,455461.944,194573.578,0.0
05001,2017,628548.291,229420126.2,1677.967,440724.542,187823.749,0.0
05001,2018,627866.921,229171426.3,1677.969,434344.805,193522.116,0.0
05001,2019,639108.163,233274479.4,1677.963,450156.443,188951.72,0.0
05001,2020,635842.609,232082552.2,1677.963,450114.983,185727.626,0.0
05001,2021,637979.803,232862628.1,1677.867,449456.193,188523.611,0.0
05001,2022,646945.665,236135167.6,1677.777,456111.213,190834.452,0.0
05001,2023,682588.318,249144736.1,1677.777,480398.145,202190.173,0.0
05003,2013,620477.408,226474254.0,1274.66,465726.719,154750.689,0.0
05003,2014,620913.941,226633588.5,1274.4,466495.541,154418.401,0.0
05003,2015,622285.128,227134071.8,1274.4,470908.109,151377.02,0.0
05003,2016,601636.43,219597296.8,1272.921,456157.165,145479.264,0.0
05003,2017,583169.805,212856978.7,1272.911,443320.046,139849.759,0.0
05003,2018,606237.868,221276822.0,1272.911,462703.742,143534.127,0.0
05003,2019,610027.499,222660037.1,1272.911,465800.613,144226.886,0.0
05003,2020,561050.964,204783601.9,1272.911,436525.84,124525.125,0.0
05003,2021,586571.025,214098424.2,1272.911,448387.088,138183.937,0.0
05003,2022,568967.554,207673157.2,1272.085,439604.841,129362.713,0.0
05003,2023,585287.312,213629869.0,1272.085,452797.197,132490.116,0.0
05005,2013,864008.552,315363121.4,1712.92,483139.482,380869.07,0.0
05005,2014,876013.421,319744898.6,1712.91,494617.101,381396.32,0.0
05005,2015,898119.682,327813684.0,1713.76,505148.042,392971.64,0.0
05005,2016,923395.361,337039306.7,1713.745,525966.935,397428.426,0.0
05005,2017,930922.98,339786887.6,1713.787,530419.587,400503.392,0.0
05005,2018,940455.05,343266093.3,1715.236,533647.605,406807.445,0.0
05005,2019,973643.364,355379827.7,1715.236,552210.11,421433.254,0.0
05005,2020,961611.275,350988115.4,1714.611,550433.783,411177.492,0.0
05005,2021,983531.922,358989151.6,1714.611,562602.605,420929.317,0.0
05005,2022,982462.124,358598675.1,1714.611,562762.792,419699.331,0.0
05005,2023,1005551.573,367026324.0,1714.611,578078.918,427472.655,0.0
05007,2013,5690059.526,2076871727.1,4024.62,889598.461,437303.071,4363157.995
05007,2014,6036295.761,2203247952.9,4562.26,927345.8,460394.27,4648555.691
05007,2015,6275314.054,2290489629.7,4564.58,1010835.529,469889.44,4794589.084
05007,2016,6458632.915,2357401013.9,4564.111,1041221.339,480308.955,4937102.621
05007,2017,6559181.173,2394101128.1,4570.472,1054941.44,517259.904,4986979.829
05007,2018,6699070.209,2445160626.2,4573.878,1072453.805,505998.046,5120618.358
05007,2019,6677387.826,2437246556.6,4566.865,1115805.601,533532.187,5028050.038
05007,2020,6459000.722,2357535263.6,4566.858,1111148.67,513571.333,4834280.719
05007,2021,6821557.661,2489868546.1,4569.212,1123985.002,504335.687,5193236.971
05007,2022,6894869.114,2516627226.5,4569.212,1126125.429,511378.273,5257365.412
05007,2023,7390723.301,2697614005.0,4567.74,1257571.619,528364.974,5604786.708
05009,2013,1094591.081,399525744.6,1463.68,655143.651,439447.43,0.0
05009,2014,1117872.828,408023582.2,1464.98,670861.918,447010.91,0.0
05009,2015,1153206.688,420920441.0,1464.98,698574.758,454631.93,0.0
05009,2016,1192912.363,435413012.5,1464.841,730624.556,462287.807,0.0
05009,2017,1216531.026,444033824.4,1464.691,736918.11,479612.916,0.0
05009,2018,1232806.034,449974202.5,1464.694,772203.983,460602.051,0.0
05009,2019,1264263.784,461456281.3,1464.694,803831.855,460431.929,0.0
05009,2020,1284827.919,468962190.5,1464.694,810706.648,474121.272,0.0
05009,2021,1300800.261,474792095.4,1464.72,821082.773,479717.489,0.0
05009,2022,1332313.794,486294534.9,1464.72,843487.632,488826.162,0.0
05009,2023,1394113.464,508851414.3,1464.72,881980.558,512132.906,0.0
05011,2013,308848.64,112729753.5,749.88,201953.43,106895.21,0.0
05011,2014,323109.29,117934891.0,749.64,212980.25,110129.04,0.0
05011,2015,323464.79,118064648.5,749.66,212179.25,111285.54,0.0
05011,2016,321806.646,117459425.8,749.416,213834.724,107971.922,0.0
05011,2017,329846.116,120393832.4,748.618,219700.113,110146.003,0.0
05011,2018,331176.558,120879443.5,748.618,222821.755,108354.802,0.0
05011,2019,326729.41,119256234.6,748.618,216876.673,109852.737,0.0
05011,2020,314950.165,114956810.2,748.605,213813.173,101136.992,0.0
05011,2021,338675.411,123616524.8,748.605,232480.272,106195.139,0.0
05011,2022,334298.951,122019117.1,748.605,229826.401,104472.55,0.0
05011,2023,352324.274,128598360.0,748.605,248142.613,104181.661,0.0
05013,2013,286356.11,104519980.0,1106.24,286356.11,0.0,0.0
05013,2014,292247.56,106670359.4,1106.24,292247.56,0.0,0.0
05013,2015,304081.82,110989864.2,1106.24,304081.82,0.0,0.0
05013,2016,312872.43,114198437.0,1105.538,312872.43,0.0,0.0
05013,2017,309949.495,113131565.8,1100.898,309949.495,0.0,0.0
05013,2018,327840.729,119661866.0,1100.899,327840.729,0.0,0.0
05013,2019,322331.471,117650986.9,1100.9,322331.471,0.0,0.0
05013,2020,300339.705,109623992.3,1100.926,300339.705,0.0,0.0
05013,2021,319258.118,116529213.0,1100.926,319258.118,0.0,0.0
05013,2022,327530.777,119548733.6,1100.983,327530.777,0.0,0.0
05013,2023,328809.55,120015485.8,1081.144,328809.55,0.0,0.0
05015,2013,704155.629,257016804.6,1533.93,596932.059,107223.57,0.0
05015,2014,687632.299,250985789.3,1533.85,687632.299,0.0,0.0
05015,2015,698743.429,255041351.5,1533.85,698743.429,0.0,0.0
05015,2016,741220.33,270545420.6,1533.465,741220.33,0.0,0.0
05015,2017,746620.887,272516623.9,1533.395,746620.887,0.0,0.0
05015,2018,752688.092,274731153.6,1533.397,752688.092,0.0,0.0
05015,2019,738705.139,269627375.7,1533.397,738705.139,0.0,0.0
05015,2020,725353.533,264754039.5,1533.354,725353.533,0.0,0.0
05015,2021,750974.397,274105654.9,1533.354,750974.397,0.0,0.0
05015,2022,740911.66,270432756.0,1533.347,740911.66,0.0,0.0
05015,2023,795631.372,290405450.7,1533.347,795631.372,0.0,0.0
05017,2013,512993.43,187242602.0,981.75,512993.43,0.0,0.0
05017,2014,543252.519,198287169.6,984.05,543252.519,0.0,0.0
05017,2015,541010.11,197468690.1,984.33,541010.11,0.0,0.0
05017,2016,528625.245,192948214.3,984.37,528625.245,0.0,0.0
05017,2017,519935.031,189776286.2,983.79,519935.031,0.0,0.0
05017,2018,545142.836,198977135.3,983.79,545142.836,0.0,0.0
05017,2019,530487.539,193627951.7,983.756,530487.539,0.0,0.0
05017,2020,534980.399,195267845.6,983.756,534980.399,0.0,0.0
05017,2021,544666.004,198803091.4,983.837,544666.004,0.0,0.0
05017,2022,562230.202,205214023.9,983.837,562230.202,0.0,0.0
05017,2023,610578.33,222861090.5,983.837,610578.33,0.0,0.0
05019,2013,1244321.54,454177362.0,1231.11,904994.64,339326.9,0.0
05019,2014,1276522.7,465930785.4,1232.65,917268.429,359254.271,0.0
05019,2015,1296376.56,473177444.3,1232.65,944421.99,351954.57,0.0
05019,2016,1329417.861,485237519.3,1231.936,954579.58,374838.282,0.0
05019,2017,1357077.725,495333369.6,1232.517,980443.019,376634.705,0.0
05019,2018,1366672.933,498835620.4,1232.523,990497.024,376175.909,0.0
05019,2019,1382997.979,504794262.5,1232.523,999878.794,383119.185,0.0
05019,2020,1434441.957,523571314.2,1232.47,1054369.682,380072.275,0.0
05019,2021,1488093.188,543154013.5,1232.47,1102202.847,385890.341,0.0
05019,2022,1447909.907,528487116.0,1232.47,1051184.393,396725.514,0.0
05019,2023,1500185.996,547567888.7,1232.47,1081256.436,418929.561,0.0
05021,2013,457541.491,167002644.1,1189.37,457541.491,0.0,0.0
05021,2014,458083.93,167200634.3,1189.37,458083.93,0.0,0.0
05021,2015,476467.441,173910615.8,1189.37,476467.441,0.0,0.0
05021,2016,496372.365,181175913.2,1189.087,496372.365,0.0,0.0
05021,2017,530976.466,193806409.9,1189.087,530976.466,0.0,0.0
05021,2018,533180.301,194610809.9,1189.088,533180.301,0.0,0.0
05021,2019,540551.313,197301229.2,1189.088,540551.313,0.0,0.0
05021,2020,537554.21,196207286.7,1189.087,537554.21,0.0,0.0
05021,2021,569932.966,208025532.7,1189.086,569932.966,0.0,0.0
05021,2022,548398.262,200165365.6,1189.086,548398.262,0.0,0.0
05021,2023,576770.166,210521110.5,1189.086,576770.166,0.0,0.0
05023,2013,678913.47,247803416.4,1401.76,519390.69,159522.78,0.0
05023,2014,693451.7,253109870.6,1401.69,532989.63,160462.07,0.0
05023,2015,666912.928,243423218.8,1398.63,510018.688,156894.24,0.0
05023,2016,676622.303,246967140.8,1398.2,513796.387,162825.916,0.0
05023,2017,687211.909,250832346.6,1398.2,525492.156,161719.753,0.0
05023,2018,664902.772,242689511.8,1398.203,502018.198,162884.574,0.0
05023,2019,674763.617,246288720.2,1398.247,504599.826,170163.791,0.0
05023,2020,664012.929,242364719.2,1398.147,494853.576,169159.353,0.0
05023,2021,713641.619,260479190.8,1398.134,539393.551,174248.068,0.0
05023,2022,678353.183,247598911.8,1398.134,509335.136,169018.047,0.0
05023,2023,707202.663,258128972.1,1398.134,531722.164,175480.499,0.0
05025,2013,337848.899,123314848.2,750.42,337848.899,0.0,0.0
05025,2014,335710.65,122534387.1,750.31,335710.65,0.0,0.0
05025,2015,336145.261,122693020.2,750.247,336145.261,0.0,0.0
05025,2016,340650.495,124337430.8,750.247,340650.495,0.0,0.0
05025,2017,345796.87,126215857.5,750.247,345796.87,0.0,0.0
05025,2018,354062.005,129232631.8,750.252,354062.005,0.0,0.0
05025,2019,358257.358,130763935.7,750.249,358257.358,0.0,0.0
05025,2020,344969.348,125913812.0,750.24,344969.348,0.0,0.0
05025,2021,373063.655,136168234.1,750.24,373063.655,0.0,0.0
05025,2022,364662.273,133101729.5,750.24,364662.273,0.0,0.0
05025,2023,392714.616,143340834.7,750.24,392714.616,0.0,0.0
05027,2013,680501.371,248383000.5,1294.43,459105.83,221395.541,0.0
05027,2014,677157.379,247162443.3,1294.32,457515.85,219641.529,0.0
05027,2015,695347.35,253801782.7,1294.1,466324.319,229023.03,0.0
05027,2016,712527.237,260072441.5,1293.744,472270.269,240256.968,0.0
05027,2017,704830.253,257263042.5,1293.254,471693.528,233136.725,0.0
05027,2018,731520.767,267005080.0,1293.254,495471.237,236049.531,0.0
05027,2019,720238.065,262886893.9,1293.164,486045.065,234193.0,0.0
05027,2020,735698.889,268530094.6,1293.164,498558.392,237140.497,0.0
05027,2021,764654.231,279098794.5,1293.162,525048.176,239606.055,0.0
05027,2022,764012.237,278864466.3,1293.161,518134.494,245877.743,0.0
05027,2023,831528.551,303507921.2,1293.161,559602.583,271925.968,0.0
05029,2013,1190171.48,434412590.2,1110.6,944245.23,245926.25,0.0
05029,2014,1227596.529,448072733.0,1110.59,977191.669,250404.859,0.0
05029,2015,1177927.861,429943669.2,1110.59,922077.25,255850.61,0.0
05029,2016,1209499.426,441467290.5,1108.929,948890.18,260609.246,0.0
05029,2017,1221017.578,445671415.8,1108.929,955406.366,265611.212,0.0
05029,2018,1233740.016,450315105.7,1108.929,962946.687,270793.329,0.0
05029,2019,1256021.693,458447918.1,1108.929,984076.348,271945.346,0.0
05029,2020,1007600.257,367774093.7,1109.263,792482.319,215117.938,0.0
05029,2021,1226641.579,447724176.4,1109.863,958617.541,268024.038,0.0
05029,2022,1249549.661,456085626.2,1109.863,983688.12,265861.541,0.0
05029,2023,1305851.271,476635713.8,1109.863,1036608.429,269242.842,0.0
05031,2013,2618694.034,955823322.2,2019.68,669711.4,28.08,1948954.554
05031,2014,2660760.098,971177435.6,2018.41,694900.961,29.16,1965829.977
05031,2015,2808748.552,1025193221.5,2019.0,739014.031,29.7,2069704.822
05031,2016,2923030.206,1066906025.2,2026.551,788823.049,29.7,2134177.457
05031,2017,2995273.915,1093274979.1,2026.551,830436.118,29.7,2164808.097
05031,2018,3030041.256,1105965058.5,2026.694,852528.01,30.78,2177482.467
05031,2019,3095942.743,1130019101.2,2026.691,899527.509,30.78,2196384.455
05031,2020,3032444.168,1106842121.2,2026.657,877263.002,31.32,2155149.846
05031,2021,3201435.533,1168523969.6,2026.766,953301.292,31.32,2248102.921
05031,2022,3265945.669,1192070169.2,2026.766,985507.02,31.86,2280406.789
05031,2023,3364974.429,1228215666.6,2019.728,997488.767,31.86,2367453.802
05033,2013,2101039.158,766879292.7,1304.11,899469.579,0.0,1201569.579
05033,2014,2171102.764,792452509.0,1304.02,927288.793,0.0,1243813.972
05033,2015,2191993.358,800077575.8,1304.02,955625.278,0.0,1236368.081
05033,2016,2243144.217,818747639.3,1305.147,939060.817,0.0,1304083.4
05033,2017,2336948.3,852986129.7,1305.847,992503.384,0.0,1344444.917
05033,2018,2334091.314,851943329.6,1304.166,1008972.809,0.0,1325118.505
05033,2019,2378280.732,868072467.4,1304.166,1016613.636,0.0,1361667.096
05033,2020,2407022.87,878563347.7,1304.108,1055690.177,0.0,1351332.693
05033,2021,2514249.548,917701085.1,1304.108,1125109.793,0.0,1389139.755
05033,2022,2512384.019,917020167.1,1303.975,1107137.945,0.0,1405246.074
05033,2023,2586553.532,944092039.3,1300.424,1107764.635,0.0,1478788.897
05035,2013,2485611.477,907248189.2,1318.56,1021424.382,0.0,1464187.096
05035,2014,2449231.944,893969659.6,1320.16,971099.205,0.0,1478132.74
05035,2015,2459740.645,897805335.3,1319.36,995008.332,0.0,1464732.313
05035,2016,2487771.217,908036494.3,1319.809,1003203.463,0.0,1484567.754
05035,2017,2548159.194,930078105.8,1319.751,1048082.632,0.0,1500076.562
05035,2018,2601704.59,949622175.3,1319.751,1055224.294,0.0,1546480.296
05035,2019,2555164.105,932634898.4,1319.751,1033108.295,0.0,1522055.81
05035,2020,2623679.017,957642841.3,1319.741,1050377.933,0.0,1573301.085
05035,2021,2675837.144,976680557.4,1319.741,1068139.71,0.0,1607697.433
05035,2022,2735004.4,998276606.0,1319.742,1067600.062,0.0,1667404.338
05035,2023,2765013.804,1009230038.6,1319.742,1062784.876,0.0,1702228.928
05037,2013,521872.4,190483425.9,1174.36,368817.34,153055.059,0.0
05037,2014,521447.49,190328334.0,1174.4,366545.891,154901.6,0.0
05037,2015,528275.43,192820532.0,1174.4,375202.641,153072.79,0.0
05037,2016,547285.145,199759078.0,1174.647,386454.517,160830.629,0.0
05037,2017,543398.181,198340336.0,1174.647,383741.438,159656.743,0.0
05037,2018,568999.464,207684804.2,1174.647,408160.188,160839.275,0.0
05037,2019,566072.323,206616397.8,1174.647,407993.083,158079.24,0.0
05037,2020,551198.622,201187497.1,1174.647,398368.515,152830.108,0.0
05037,2021,582478.628,212604699.2,1174.8,416441.105,166037.523,0.0
05037,2022,571670.306,208659661.5,1174.804,404236.672,167433.634,0.0
05037,2023,586127.471,213936526.9,1174.804,411193.844,174933.627,0.0
05039,2013,286353.69,104519096.9,846.03,286353.69,0.0,0.0
05039,2014,290622.06,106077051.9,845.91,290622.06,0.0,0.0
05039,2015,310169.171,113211747.2,841.93,310169.171,0.0,0.0
05039,2016,324919.586,118595648.7,845.299,324919.586,0.0,0.0
05039,2017,325432.299,118782789.1,845.299,325432.299,0.0,0.0
05039,2018,335357.455,122405470.9,845.146,335357.455,0.0,0.0
05039,2019,337927.24,123343442.7,844.97,337927.24,0.0,0.0
05039,2020,306859.144,112003587.4,844.97,306859.144,0.0,0.0
05039,2021,342705.078,125087353.4,844.969,342705.078,0.0,0.0
05039,2022,337267.666,123102698.1,844.969,337267.666,0.0,0.0
05039,2023,349150.37,127439885.1,845.24,349150.37,0.0,0.0
05041,2013,449760.76,164162677.5,1157.42,376213.87,73546.89,0.0
05041,2014,474050.009,173028253.2,1153.79,398668.569,75381.439,0.0
05041,2015,460748.709,168173278.8,1153.79,387604.069,73144.64,0.0
05041,2016,476082.395,173770074.2,1153.334,404663.012,71419.382,0.0
05041,2017,464079.472,169389007.2,1146.644,391072.641,73006.831,0.0
05041,2018,479042.444,174850492.1,1149.383,408511.248,70531.196,0.0
05041,2019,492590.327,179795469.4,1149.383,421647.635,70942.692,0.0
05041,2020,469316.426,171300495.7,1149.316,398623.516,70692.911,0.0
05041,2021,472818.528,172578762.7,1149.185,404507.938,68310.59,0.0
05041,2022,465710.046,169984166.8,1149.396,398076.022,67634.025,0.0
05041,2023,481251.774,175656897.6,1149.396,411436.736,69815.038,0.0
05043,2013,668209.87,243896602.4,968.45,433762.18,234447.69,0.0
05043,2014,677623.72,247332657.7,968.44,453495.36,224128.359,0.0
05043,2015,710389.409,259292134.2,963.44,485604.229,224785.18,0.0
05043,2016,712576.341,260090364.6,964.042,485672.053,226904.289,0.0
05043,2017,729093.204,266119019.5,964.235,500058.608,229034.596,0.0
05043,2018,748755.024,273295583.9,972.918,517238.604,231516.42,0.0
05043,2019,748379.534,273158529.8,972.918,520707.586,227671.947,0.0
05043,2020,746354.902,272419539.2,972.918,523293.266,223061.636,0.0
05043,2021,766051.123,279608660.0,972.918,536541.759,229509.365,0.0
05043,2022,761525.755,277956900.6,972.918,537134.998,224390.757,0.0
05043,2023,766234.396,279675554.5,972.918,544100.222,222134.174,0.0
05045,2013,3089486.686,1127662640.4,1879.69,857650.762,0.0,2231835.924
05045,2014,3223593.821,1176611744.7,1895.74,883034.139,0.0,2340559.683
05045,2015,3301547.943,1205064999.2,1895.75,903609.562,0.0,2397938.381
05045,2016,3417245.657,1247294664.9,1895.213,909855.043,0.0,2507390.614
05045,2017,3455127.175,1261121418.9,1897.848,926120.898,0.0,2529006.277
05045,2018,3514658.057,1282850191.0,1897.249,935620.819,0.0,2579037.239
05045,2019,3538325.137,1291488675.1,1897.248,943630.136,0.0,2594695.002
05045,2020,3599059.036,1313656548.0,1897.216,948713.421,0.0,2650345.615
05045,2021,3631522.607,1325505751.6,1897.286,1012835.824,0.0,2618686.783
05045,2022,3704703.801,1352216887.4,1897.277,1010738.329,0.0,2693965.472
05045,2023,3880600.271,1416419098.8,1897.549,1045899.728,0.0,2834700.542
05047,2013,916931.29,334679921.0,1086.69,916931.29,0.0,0.0
05047,2014,935124.209,341320336.4,1086.69,935124.209,0.0,0.0
05047,2015,902144.02,329282567.4,1086.69,902144.02,0.0,0.0
05047,2016,859717.727,313796970.2,1086.258,859717.727,0.0,0.0
05047,2017,928082.633,338750161.1,1086.258,928082.633,0.0,0.0
05047,2018,900865.287,328815829.8,1086.259,900865.287,0.0,0.0
05047,2019,895361.709,326807023.9,1086.259,895361.709,0.0,0.0
05047,2020,900174.107,328563549.2,1086.26,900174.107,0.0,0.0
05047,2021,990181.552,361416266.4,1086.26,990181.552,0.0,0.0
05047,2022,915152.977,334030836.6,1086.26,915152.977,0.0,0.0
05047,2023,939682.959,342984280.0,1086.26,939682.959,0.0,0.0
05049,2013,364645.699,133095680.3,1150.65,364645.699,0.0,0.0
05049,2014,378454.63,138135940.1,1150.65,378454.63,0.0,0.0
05049,2015,378691.661,138222456.1,1150.65,378691.661,0.0,0.0
05049,2016,393916.433,143779497.9,1150.468,393916.433,0.0,0.0
05049,2017,384521.865,140350480.5,1150.468,384521.865,0.0,0.0
05049,2018,367742.476,134226003.7,1150.45,367742.476,0.0,0.0
05049,2019,391818.379,143013708.2,1150.438,391818.379,0.0,0.0
05049,2020,351562.498,128320311.9,1150.432,351562.498,0.0,0.0
05049,2021,406214.798,148268401.2,1150.31,406214.798,0.0,0.0
05049,2022,400722.925,146263867.7,1150.295,400722.925,0.0,0.0
05049,2023,401892.387,146690721.4,1150.295,401892.387,0.0,0.0
05051,2013,2409604.718,879505722.3,1725.14,790844.751,0.0,1618759.968
05051,2014,2397126.109,874951029.6,1732.12,795154.759,0.0,1601971.349
05051,2015,2537500.85,926187810.4,1732.12,894402.358,0.0,1643098.492
05051,2016,2598086.58,948301601.9,1731.822,910859.938,0.0,1687226.643
05051,2017,2575270.703,939973806.6,1731.822,891108.802,0.0,1684161.901
05051,2018,2631872.411,960633430.0,1731.572,955496.098,0.0,1676376.313
05051,2019,2743135.593,1001244491.6,1731.566,994804.273,0.0,1748331.32
05051,2020,2723594.398,994111955.3,1731.563,1000948.642,0.0,1722645.756
05051,2021,2727587.663,995569496.9,1731.67,989248.867,0.0,1738338.795
05051,2022,2809298.028,1025393780.1,1731.67,1036431.383,0.0,1772866.644
05051,2023,2907383.881,1061195116.4,1737.814,1076050.188,0.0,1831333.693
05053,2013,553881.23,202166648.8,879.92,553881.23,0.0,0.0
05053,2014,567626.772,207183771.6,888.09,567626.772,0.0,0.0
05053,2015,606567.959,221397305.1,888.24,606567.959,0.0,0.0
05053,2016,633878.21,231365546.8,888.043,633878.21,0.0,0.0
05053,2017,639775.596,233518092.4,888.043,639775.596,0.0,0.0
05053,2018,647326.603,236274210.1,888.045,647326.603,0.0,0.0
05053,2019,643127.157,234741412.3,888.045,643127.157,0.0,0.0
05053,2020,590606.561,215571394.9,888.045,590606.561,0.0,0.0
05053,2021,676868.615,247057044.5,888.045,676868.615,0.0,0.0
05053,2022,661646.489,241500968.5,888.045,661646.489,0.0,0.0
05053,2023,676135.176,246789339.2,888.045,676135.176,0.0,0.0
05055,2013,1022546.41,373229439.7,1331.29,469336.3,553210.11,0.0
05055,2014,1050178.4,383315116.1,1331.38,481479.8,568698.6,0.0
05055,2015,1037921.871,378841483.1,1336.7,474306.64,563615.232,0.0
05055,2016,1085122.042,396069545.1,1335.983,492030.004,593092.037,0.0
05055,2017,1105658.082,403565200.0,1335.983,504065.671,601592.412,0.0
05055,2018,1130674.361,412696141.6,1336.375,517030.486,613643.874,0.0
05055,2019,1112344.825,406005861.3,1336.375,521168.5,591176.325,0.0
05055,2020,1232130.344,449727575.7,1341.729,523546.486,708583.858,0.0
05055,2021,1301911.948,475197860.9,1341.666,563014.737,738897.211,0.0
05055,2022,1325226.252,483707582.0,1341.771,567107.197,758119.055,0.0
05055,2023,1405102.377,512862367.8,1341.434,606540.47,798561.908,0.0
05057,2013,1197538.709,437101628.9,1332.24,906420.459,291118.25,0.0
05057,2014,1212118.888,442423394.0,1332.24,914872.329,297246.559,0.0
05057,2015,1162697.649,424384641.9,1332.24,875462.209,287235.44,0.0
05057,2016,1249356.389,456015082.1,1331.912,954313.966,295042.423,0.0
05057,2017,1264831.534,461663510.0,1331.912,962383.773,302447.761,0.0
05057,2018,1296166.164,473100649.7,1331.912,992239.631,303926.532,0.0
05057,2019,1298006.806,473772484.3,1331.914,994562.366,303444.44,0.0
05057,2020,1281152.687,467620730.7,1331.883,981470.504,299682.183,0.0
05057,2021,1397439.946,510065580.1,1327.127,1076752.219,320687.727,0.0
05057,2022,1361895.189,497091743.9,1327.127,1054194.742,307700.447,0.0
05057,2023,1398008.351,510273048.0,1327.127,1085529.851,312478.5,0.0
05059,2013,1544582.659,563772670.6,1123.01,1103770.511,412383.048,28429.1
05059,2014,1574499.379,574692273.2,1123.8,1114176.078,428959.981,31363.32
05059,2015,1575770.53,575156243.6,1123.8,1109474.811,436004.66,30291.06
05059,2016,1692043.791,617595983.5,1123.602,1190219.752,471186.91,30637.128
05059,2017,1737720.681,634268048.6,1123.422,1217986.429,484542.308,35191.944
05059,2018,1622208.308,592106032.5,1123.619,1158509.461,433109.22,30589.628
05059,2019,1694709.163,618568844.4,1123.619,1215270.95,448853.983,30584.23
05059,2020,1540931.511,562440001.6,1123.584,1092906.103,416448.21,31577.199
05059,2021,1763639.365,643728368.2,1123.818,1263298.815,468397.825,31942.725
05059,2022,1769633.248,645916135.5,1123.818,1258934.82,476994.41,33704.019
05059,2023,1831533.542,668509742.9,1123.818,1306577.04,490839.774,34116.729
05061,2013,381951.641,139412348.8,953.56,381951.641,0.0,0.0
05061,2014,390993.57,142712653.2,953.56,390993.57,0.0,0.0
05061,2015,388100.641,141656734.0,953.56,388100.641,0.0,0.0
05061,2016,382379.884,139568657.5,953.543,382379.884,0.0,0.0
05061,2017,400316.904,146115670.1,953.543,400316.904,0.0,0.0
05061,2018,396042.428,144555486.2,953.543,396042.428,0.0,0.0
05061,2019,393349.655,143572624.2,953.543,393349.655,0.0,0.0
05061,2020,372043.127,135795741.3,953.543,372043.127,0.0,0.0
05061,2021,400218.449,146079733.9,953.543,400218.449,0.0,0.0
05061,2022,374136.839,136559946.2,953.543,374136.839,0.0,0.0
05061,2023,374769.697,136790939.5,953.542,374769.697,0.0,0.0
05063,2013,1013343.589,369870410.0,1480.6,632978.3,380365.289,0.0
05063,2014,1065296.989,388833400.9,1483.81,665801.839,399495.149,0.0
05063,2015,1075802.889,392668054.4,1483.89,661853.628,413949.261,0.0
05063,2016,1089815.111,397782515.4,1483.923,673668.119,416146.992,0.0
05063,2017,1153834.188,421149478.6,1483.923,714589.862,439244.326,0.0
05063,2018,1147803.179,418948160.3,1483.943,710793.943,437009.236,0.0
05063,2019,1138256.468,415463610.9,1483.943,695739.832,442516.636,0.0
05063,2020,1058511.905,386356845.4,1483.943,648703.467,409808.438,0.0
05063,2021,1131379.217,412953414.1,1483.943,687529.883,443849.334,0.0
05063,2022,1124823.016,410560401.0,1483.943,683261.687,441561.33,0.0
05063,2023,1143763.521,417473685.0,1483.943,699258.863,444504.658,0.0
05065,2013,300566.32,109706706.7,1142.77,300566.32,0.0,0.0
05065,2014,326248.288,119080625.0,1142.77,326248.288,0.0,0.0
05065,2015,330974.169,120805571.6,1142.77,330974.169,0.0,0.0
05065,2016,334277.096,122011140.2,1142.462,334277.096,0.0,0.0
05065,2017,352673.211,128725721.9,1142.462,352673.211,0.0,0.0
05065,2018,366892.172,133915642.8,1142.462,366892.172,0.0,0.0
05065,2019,361369.282,131899788.0,1142.462,361369.282,0.0,0.0
05065,2020,343503.129,125378642.0,1142.48,343503.129,0.0,0.0
05065,2021,373319.358,136261565.8,1142.48,373319.358,0.0,0.0
05065,2022,377244.894,137694386.3,1142.479,377244.894,0.0,0.0
05065,2023,382329.883,139550407.2,1142.479,382329.883,0.0,0.0
05067,2013,702542.279,256427931.9,1218.71,510840.099,191702.18,0.0
05067,2014,718474.829,262243312.5,1218.58,522927.819,195547.01,0.0
05067,2015,722553.468,263732016.0,1218.58,525637.158,196916.31,0.0
05067,2016,748164.851,273080170.6,1217.759,535529.224,212635.627,0.0
05067,2017,794247.771,289900436.5,1217.759,563447.338,230800.433,0.0
05067,2018,821630.156,299895006.9,1217.816,586344.231,235285.925,0.0
05067,2019,785380.101,286663737.0,1217.781,555411.792,229968.31,0.0
05067,2020,679043.395,247850839.2,1217.74,481131.823,197911.572,0.0
05067,2021,833643.554,304279897.1,1217.741,600991.508,232652.046,0.0
05067,2022,833568.665,304252562.7,1217.746,605589.561,227979.104,0.0
05067,2023,834467.002,304580455.7,1206.221,608994.352,225472.65,0.0
05069,2013,2395932.701,874515435.8,1893.67,881876.442,0.0,1514056.259
05069,2014,2396012.821,874544679.8,1893.63,863962.881,0.0,1532049.941
05069,2015,2501699.218,913120214.6,1893.63,909231.53,0.0,1592467.688
05069,2016,2537311.707,926118773.0,1893.348,908217.844,0.0,1629093.863
05069,2017,2584059.72,943181797.6,1892.654,931267.856,0.0,1652791.863
05069,2018,2613035.499,953757957.1,1892.356,944439.52,0.0,1668595.978
05069,2019,2625590.768,958340630.3,1892.251,949096.753,0.0,1676494.015
05069,2020,2567125.842,937000932.4,1890.85,921910.841,0.0,1645215.001
05069,2021,2727539.424,995551889.7,1890.85,1035049.118,0.0,1692490.305
05069,2022,2760030.626,1007411178.4,1890.85,1015180.342,0.0,1744850.284
05069,2023,2917424.698,1064860014.6,1890.857,1065088.63,0.0,1852336.068
05071,2013,1060891.15,387225269.7,1205.1,747203.7,313687.45,0.0
05071,2014,1099447.171,401298217.4,1205.1,783530.081,315917.09,0.0
05071,2015,1106716.01,403951343.8,1205.1,784312.681,322403.33,0.0
05071,2016,1120921.988,409136525.5,1204.686,789733.303,331188.684,0.0
05071,2017,1177331.984,429726174.2,1204.686,829038.138,348293.846,0.0
05071,2018,1147556.783,418858225.7,1204.692,813606.947,333949.836,0.0
05071,2019,1190615.226,434574557.3,1204.692,843688.882,346926.343,0.0
05071,2020,1051513.259,383802339.4,1204.691,747181.701,304331.557,0.0
05071,2021,1153621.676,421071911.6,1205.123,820621.849,332999.827,0.0
05071,2022,1132053.826,413199646.4,1205.123,817780.006,314273.82,0.0
05071,2023,1112101.856,405917177.4,1205.123,795733.977,316367.879,0.0
05073,2013,266888.8,97414412.0,789.82,266888.8,0.0,0.0
05073,2014,262941.66,95973705.8,789.82,262941.66,0.0,0.0
05073,2015,275388.228,100516703.3,792.818,275388.228,0.0,0.0
05073,2016,271601.243,99134453.8,792.818,271601.243,0.0,0.0
05073,2017,261395.0,95409175.1,792.818,261395.0,0.0,0.0
05073,2018,276183.606,100807016.3,792.818,276183.606,0.0,0.0
05073,2019,273653.085,99883376.2,792.818,273653.085,0.0,0.0
05073,2020,276967.327,101093074.3,792.818,276967.327,0.0,0.0
05073,2021,289188.607,105553841.5,792.818,289188.607,0.0,0.0
05073,2022,287325.466,104873795.2,792.818,287325.466,0.0,0.0
05073,2023,289905.767,105815605.0,792.818,289905.767,0.0,0.0
05075,2013,721240.11,263252640.3,1099.27,470670.01,250570.1,0.0
05075,2014,726421.19,265143734.2,1099.15,469290.03,257131.16,0.0
05075,2015,760595.74,277617445.0,1099.15,490942.95,269652.789,0.0
05075,2016,853367.773,311479237.3,1109.447,576029.201,277338.572,0.0
05075,2017,868493.348,317000072.0,1109.447,575217.979,293275.369,0.0
05075,2018,870331.678,317671062.3,1109.457,572821.674,297510.003,0.0
05075,2019,864305.713,315471585.1,1109.456,565345.507,298960.206,0.0
05075,2020,856914.968,312773963.4,1109.456,559931.135,296983.833,0.0
05075,2021,918490.005,335248851.7,1109.464,578960.719,339529.285,0.0
05075,2022,914051.281,333628717.6,1109.464,572387.0,341664.281,0.0
05075,2023,917433.388,334863186.6,1109.464,577681.81,339751.578,0.0
05077,2013,262525.51,95821811.2,1079.29,262525.51,0.0,0.0
05077,2014,306724.33,111954380.4,1079.29,306724.33,0.0,0.0
05077,2015,260600.41,95119149.8,1079.29,260600.41,0.0,0.0
05077,2016,274109.007,100049787.6,1079.346,274109.007,0.0,0.0
05077,2017,289478.783,105659755.9,1079.346,289478.783,0.0,0.0
05077,2018,274608.966,100232272.4,1079.346,274608.966,0.0,0.0
05077,2019,280383.671,102340039.8,1079.361,280383.671,0.0,0.0
05077,2020,273258.848,99739479.5,1079.357,273258.848,0.0,0.0
05077,2021,273642.904,99879660.0,1079.357,273642.904,0.0,0.0
05077,2022,267395.791,97599463.7,1079.357,267395.791,0.0,0.0
05077,2023,279293.291,101942051.1,1079.357,279293.291,0.0,0.0
05079,2013,421156.269,153722038.3,811.58,421156.269,0.0,0.0
05079,2014,409583.97,149498149.2,811.67,409583.97,0.0,0.0
05079,2015,426977.239,155846692.3,819.84,426977.239,0.0,0.0
05079,2016,425911.347,155457641.8,819.983,425911.347,0.0,0.0
05079,2017,443468.575,161866029.9,819.983,443468.575,0.0,0.0
05079,2018,443970.303,162049160.7,820.13,443970.303,0.0,0.0
05079,2019,463873.338,169313768.5,820.099,463873.338,0.0,0.0
05079,2020,442606.922,161551526.6,820.095,442606.922,0.0,0.0
05079,2021,455935.769,166416555.6,820.195,455935.769,0.0,0.0
05079,2022,453659.109,165585574.9,820.195,453659.109,0.0,0.0
05079,2023,480688.81,175451415.5,820.195,480688.81,0.0,0.0
05081,2013,448096.611,163555263.1,748.23,448096.611,0.0,0.0
05081,2014,466816.08,170387869.1,748.94,466816.08,0.0,0.0
05081,2015,473904.189,172975029.2,748.685,473904.189,0.0,0.0
05081,2016,489637.115,178717547.0,748.687,489637.115,0.0,0.0
05081,2017,463569.222,169202765.9,748.687,463569.222,0.0,0.0
05081,2018,483617.756,176520481.0,748.687,483617.756,0.0,0.0
05081,2019,493281.489,180047743.5,748.687,493281.489,0.0,0.0
05081,2020,472245.165,172369485.2,748.682,472245.165,0.0,0.0
05081,2021,481196.53,175636733.6,748.671,481196.53,0.0,0.0
05081,2022,473815.801,172942767.5,748.671,473815.801,0.0,0.0
05081,2023,485494.595,177205527.3,748.671,485494.595,0.0,0.0
05083,2013,495583.61,180888017.7,1256.84,495583.61,0.0,0.0
05083,2014,482455.79,176096363.2,1256.21,482455.79,0.0,0.0
05083,2015,491553.05,179416863.3,1256.21,491553.05,0.0,0.0
05083,2016,494034.858,180322723.3,1254.452,494034.858,0.0,0.0
05083,2017,507641.401,185289111.4,1254.452,507641.401,0.0,0.0
05083,2018,499758.794,182411959.7,1254.452,499758.794,0.0,0.0
05083,2019,502113.911,183271577.7,1254.452,502113.911,0.0,0.0
05083,2020,502782.05,183515448.3,1255.658,502782.05,0.0,0.0
05083,2021,520178.468,189865140.7,1255.757,520178.468,0.0,0.0
05083,2022,516153.087,188395876.6,1255.757,516153.087,0.0,0.0
05083,2023,528416.95,192872186.9,1255.757,528416.95,0.0,0.0
05085,2013,2333852.062,851856002.7,1582.48,1472754.522,0.0,861097.54
05085,2014,2314204.428,844684616.2,1585.08,1422843.989,0.0,891360.439
05085,2015,2405157.819,877882604.1,1585.08,1501714.049,0.0,903443.77
05085,2016,2446306.378,892901828.1,1585.38,1525844.253,0.0,920462.125
05085,2017,2531025.462,923824293.7,1585.38,1583352.001,0.0,947673.461
05085,2018,2570495.796,938230965.6,1585.387,1588493.905,0.0,982001.891
05085,2019,2593070.008,946470553.0,1586.131,1612117.214,0.0,980952.794
05085,2020,2293604.948,837165806.2,1586.13,1415963.55,0.0,877641.399
05085,2021,2696696.897,984294367.5,1586.085,1659070.525,0.0,1037626.372
05085,2022,2606357.078,951320333.6,1586.122,1571318.306,0.0,1035038.772
05085,2023,2690162.022,981909138.2,1583.586,1643144.143,0.0,1047017.879
05087,2013,481945.84,175910231.5,1391.96,481945.84,0.0,0.0
05087,2014,498380.88,181909021.2,1391.67,498380.88,0.0,0.0
05087,2015,509754.13,186060257.4,1396.9,509754.13,0.0,0.0
05087,2016,549321.581,200502376.9,1396.24,549321.581,0.0,0.0
05087,2017,541281.519,197567754.3,1396.24,541281.519,0.0,0.0
05087,2018,553817.124,202143250.2,1396.271,553817.124,0.0,0.0
05087,2019,574394.37,209653945.1,1396.271,574394.37,0.0,0.0
05087,2020,503246.526,183684982.1,1396.271,503246.526,0.0,0.0
05087,2021,598035.939,218283117.7,1396.254,598035.939,0.0,0.0
05087,2022,608812.97,222216734.0,1396.254,608812.97,0.0,0.0
05087,2023,606333.82,221311844.3,1396.266,606333.82,0.0,0.0
05089,2013,403579.91,147306667.0,1345.49,403579.91,0.0,0.0
05089,2014,412105.14,150418376.2,1345.17,412105.14,0.0,0.0
05089,2015,423419.75,154548208.9,1345.4,423419.75,0.0,0.0
05089,2016,438787.561,160157459.8,1343.478,438787.561,0.0,0.0
05089,2017,448331.853,163641126.3,1343.478,448331.853,0.0,0.0
05089,2018,443355.918,161824910.0,1343.663,443355.918,0.0,0.0
05089,2019,474741.305,173280576.5,1343.66,474741.305,0.0,0.0
05089,2020,471313.741,172029515.5,1343.631,471313.741,0.0,0.0
05089,2021,478298.228,174578853.4,1343.631,478298.228,0.0,0.0
05089,2022,491713.336,179475367.6,1343.623,491713.336,0.0,0.0
05089,2023,529313.305,193199356.2,1343.623,529313.305,0.0,0.0
05091,2013,1536657.701,560880060.8,1504.74,709844.16,0.0,826813.541
05091,2014,1582628.542,577659417.7,1508.24,732382.659,0.0,850245.883
05091,2015,1646940.65,601133337.4,1508.4,775452.72,0.0,871487.93
05091,2016,1682365.501,614063407.8,1507.83,795291.396,0.0,887074.104
05091,2017,1702215.383,621308614.9,1507.829,804588.517,0.0,897626.866
05091,2018,1738642.022,634604338.2,1507.832,849236.335,0.0,889405.688
05091,2019,1770341.775,646174747.8,1507.824,878047.731,0.0,892294.044
05091,2020,1736621.299,633866774.0,1507.825,855749.646,0.0,880871.652
05091,2021,1833351.097,669173150.4,1508.641,912442.429,0.0,920908.668
05091,2022,1844163.359,673119625.9,1508.641,934072.397,0.0,910090.962
05091,2023,1886438.951,688550217.3,1508.641,935717.631,0.0,950721.321
05093,2013,1791026.01,653724493.6,1719.76,1188043.271,602982.739,0.0
05093,2014,1868914.011,682153614.0,1720.65,1238480.219,630433.792,0.0
05093,2015,2188094.399,798654455.8,1720.65,1525394.39,662700.01,0.0
05093,2016,1923476.384,702068880.0,1719.735,1295388.905,628087.479,0.0
05093,2017,2025973.228,739480228.4,1719.735,1379506.004,646467.224,0.0
05093,2018,2026146.244,739543379.1,1717.483,1377051.421,649094.823,0.0
05093,2019,2028106.503,740258873.6,1717.484,1372546.59,655559.913,0.0
05093,2020,1761712.786,643025166.9,1714.944,1182672.153,579040.633,0.0
05093,2021,2076470.077,757911578.3,1714.945,1421041.15,655428.927,0.0
05093,2022,2070526.736,755742258.5,1711.031,1417069.327,653457.409,0.0
05093,2023,2060323.241,752017983.1,1711.031,1406007.108,654316.133,0.0
05095,2013,675137.77,246425286.1,740.63,675137.77,0.0,0.0
05095,2014,683743.209,249566271.4,740.63,683743.209,0.0,0.0
05095,2015,669268.734,244283088.0,740.168,669268.734,0.0,0.0
05095,2016,684637.082,249892534.8,740.799,684637.082,0.0,0.0
05095,2017,689241.524,251573156.1,740.798,689241.524,0.0,0.0
05095,2018,720072.456,262826446.5,740.8,720072.456,0.0,0.0
05095,2019,661255.398,241358220.1,740.8,661255.398,0.0,0.0
05095,2020,692552.741,252781750.5,740.8,692552.741,0.0,0.0
05095,2021,750636.937,273982482.1,740.8,750636.937,0.0,0.0
05095,2022,733527.198,267737427.4,740.801,733527.198,0.0,0.0
05095,2023,741192.874,270535399.1,740.801,741192.874,0.0,0.0
05097,2013,291142.1,106266866.4,1186.87,291142.1,0.0,0.0
05097,2014,293474.73,107118276.5,1186.87,293474.73,0.0,0.0
05097,2015,300394.15,109643864.9,1186.87,300394.15,0.0,0.0
05097,2016,308408.465,112569089.9,1186.854,308408.465,0.0,0.0
05097,2017,304615.858,111184788.1,1187.714,304615.858,0.0,0.0
05097,2018,327981.639,119713298.2,1187.715,327981.639,0.0,0.0
05097,2019,325003.914,118626428.7,1187.697,325003.914,0.0,0.0
05097,2020,312707.756,114138331.0,1187.667,312707.756,0.0,0.0
05097,2021,341369.887,124600008.8,1187.657,341369.887,0.0,0.0
05097,2022,335163.875,122334814.3,1187.657,335163.875,0.0,0.0
05097,2023,340263.3,124196104.3,1187.657,340263.3,0.0,0.0
05099,2013,597476.59,218078955.5,852.17,597476.59,0.0,0.0
05099,2014,585020.358,213532430.8,852.17,585020.358,0.0,0.0
05099,2015,595474.17,217348072.0,851.05,595474.17,0.0,0.0
05099,2016,608363.58,222052706.6,850.846,608363.58,0.0,0.0
05099,2017,647037.454,236168670.7,850.846,647037.454,0.0,0.0
05099,2018,680927.913,248538688.1,850.983,680927.913,0.0,0.0
05099,2019,698657.05,255009823.3,850.983,698657.05,0.0,0.0
05099,2020,663361.791,242127053.7,850.983,663361.791,0.0,0.0
05099,2021,670767.132,244830003.2,850.983,670767.132,0.0,0.0
05099,2022,673265.002,245741725.9,850.98,673265.002,0.0,0.0
05099,2023,683576.358,249505370.6,850.98,683576.358,0.0,0.0
05101,2013,205739.26,75094829.7,1083.93,205739.26,0.0,0.0
05101,2014,228601.6,83439584.0,1083.84,228601.6,0.0,0.0
05101,2015,209285.968,76389378.2,1081.217,209285.968,0.0,0.0
05101,2016,236387.215,86281333.5,1081.217,236387.215,0.0,0.0
05101,2017,207436.924,75714477.1,1081.217,207436.924,0.0,0.0
05101,2018,217592.826,79421381.6,1081.218,217592.826,0.0,0.0
05101,2019,234734.046,85677926.9,1081.218,234734.046,0.0,0.0
05101,2020,208026.35,75929617.7,1081.215,208026.35,0.0,0.0
05101,2021,247986.78,90515174.6,1081.218,247986.78,0.0,0.0
05101,2022,236906.289,86470795.4,1081.218,236906.289,0.0,0.0
05101,2023,256748.453,93713185.4,1081.218,256748.453,0.0,0.0
05103,2013,676945.562,247085130.0,1082.93,461253.942,215691.62,0.0
05103,2014,668291.44,243926375.6,1082.93,461653.73,206637.71,0.0
05103,2015,683399.18,249440700.8,1081.12,463514.51,219884.67,0.0
05103,2016,683357.244,249425394.0,1081.033,470110.8,213246.444,0.0
05103,2017,705652.503,257563163.6,1081.033,487560.481,218092.022,0.0
05103,2018,671561.104,245119803.1,1081.034,463387.893,208173.212,0.0
05103,2019,680177.737,248264874.0,1081.034,469590.601,210587.136,0.0
05103,2020,683822.809,249595325.4,1081.034,477510.223,206312.587,0.0
05103,2021,684088.549,249692320.2,1081.034,478475.449,205613.1,0.0
05103,2022,661402.701,241411985.8,1081.034,458843.221,202559.48,0.0
05103,2023,673540.72,245842362.7,1081.034,469443.849,204096.871,0.0
05105,2013,278227.94,101553198.0,1075.55,278227.94,0.0,0.0
05105,2014,279046.76,101852067.3,1075.49,279046.76,0.0,0.0
05105,2015,295357.08,107805334.2,1075.04,295357.08,0.0,0.0
05105,2016,302151.156,110285172.0,1075.131,302151.156,0.0,0.0
05105,2017,296750.833,108314053.9,1075.131,296750.833,0.0,0.0
05105,2018,312768.671,114160565.0,1075.131,312768.671,0.0,0.0
05105,2019,309388.531,112926813.8,1075.131,309388.531,0.0,0.0
05105,2020,275671.013,100619919.7,1074.996,275671.013,0.0,0.0
05105,2021,329151.511,120140301.5,1074.996,329151.511,0.0,0.0
05105,2022,311931.991,113855176.8,1074.996,311931.991,0.0,0.0
05105,2023,314622.123,114837074.8,1074.996,314622.123,0.0,0.0
05107,2013,488489.441,178298646.0,1106.39,276410.68,212078.761,0.0
05107,2014,565048.95,206242866.9,1106.74,329051.101,235997.85,0.0
05107,2015,492175.151,179643930.0,1106.75,278587.201,213587.95,0.0
05107,2016,518658.505,189310354.5,1106.841,300263.612,218394.893,0.0
05107,2017,531912.937,194148222.0,1106.841,311032.444,220880.493,0.0
05107,2018,509778.928,186069308.9,1106.841,299188.429,210590.499,0.0
05107,2019,516544.611,188538783.1,1106.837,309943.721,206600.89,0.0
05107,2020,498418.634,181922801.5,1106.859,290772.934,207645.701,0.0
05107,2021,525993.223,191987526.4,1106.856,319541.999,206451.224,0.0
05107,2022,504879.407,184280983.4,1108.091,309551.015,195328.392,0.0
05107,2023,534880.068,195231224.7,1108.091,322957.368,211922.7,0.0
05109,2013,291354.43,106344366.8,723.67,291354.43,0.0,0.0
05109,2014,295228.66,107758460.8,723.67,295228.66,0.0,0.0
05109,2015,303039.55,110609435.7,723.67,303039.55,0.0,0.0
05109,2016,301312.426,109979035.6,723.562,301312.426,0.0,0.0
05109,2017,308336.656,112542879.4,723.562,308336.656,0.0,0.0
05109,2018,328831.506,120023499.8,723.571,328831.506,0.0,0.0
05109,2019,340559.69,124304286.8,723.571,340559.69,0.0,0.0
05109,2020,316073.256,115366738.5,723.571,316073.256,0.0,0.0
05109,2021,357932.5,130645362.5,723.571,357932.5,0.0,0.0
05109,2022,351108.01,128154423.8,723.577,351108.01,0.0,0.0
05109,2023,351195.318,128186291.0,723.577,351195.318,0.0,0.0
05111,2013,942440.989,343990961.0,1603.38,823923.369,118517.62,0.0
05111,2014,927692.959,338607930.2,1603.2,827256.569,100436.39,0.0
05111,2015,998163.43,364329651.8,1603.2,893259.41,104904.02,0.0
05111,2016,1007265.368,367651859.2,1602.429,903805.675,103459.693,0.0
05111,2017,973812.07,355441405.4,1602.429,870211.519,103600.551,0.0
05111,2018,1037201.376,378578502.4,1602.449,930169.959,107031.417,0.0
05111,2019,989760.879,361262720.7,1602.527,885282.474,104478.405,0.0
05111,2020,925138.399,337675515.7,1602.442,825949.501,99188.898,0.0
05111,2021,993639.608,362678456.8,1602.442,884672.088,108967.52,0.0
05111,2022,979915.32,357669091.8,1602.44,869843.734,110071.586,0.0
05111,2023,968227.247,353402945.0,1602.251,859225.183,109002.063,0.0
05113,2013,489148.76,178539297.3,1373.94,362412.52,126736.24,0.0
05113,2014,497438.17,181564932.2,1373.94,370403.71,127034.46,0.0
05113,2015,508362.28,185552232.3,1373.94,381539.03,126823.25,0.0
05113,2016,534124.518,194955449.1,1373.875,404526.298,129598.22,0.0
05113,2017,525669.964,191869536.8,1373.875,399816.704,125853.259,0.0
05113,2018,546675.841,199536682.1,1373.875,419450.755,127225.086,0.0
05113,2019,555278.276,202676570.8,1373.875,425903.828,129374.448,0.0
05113,2020,515257.193,188068875.4,1373.875,406245.396,109011.796,0.0
05113,2021,580211.26,211777110.0,1373.875,449385.284,130825.976,0.0
05113,2022,558893.867,203996261.6,1373.875,438089.495,120804.373,0.0
05113,2023,584735.008,213428278.0,1373.875,458971.615,125763.394,0.0
05115,2013,1851089.937,675647827.1,1741.67,825679.11,1025410.827,0.0
05115,2014,1901406.839,694013496.3,1741.63,854874.379,1046532.46,0.0
05115,2015,1891077.647,690243341.3,1741.709,861100.747,1029976.9,0.0
05115,2016,1983432.561,723952884.9,1741.181,911663.498,1071769.064,0.0
05115,2017,1978793.387,722259586.3,1740.88,912418.147,1066375.24,0.0
05115,2018,1972104.664,719818202.4,1741.484,917457.304,1054647.36,0.0
05115,2019,2054942.086,750053861.3,1741.376,936869.27,1118072.815,0.0
05115,2020,1970190.77,719119631.0,1741.356,915597.765,1054593.005,0.0
05115,2021,2047338.546,747278569.4,1741.356,922136.209,1125202.338,0.0
05115,2022,2078952.289,758817585.5,1741.356,954837.614,1124114.675,0.0
05115,2023,2147694.455,783908476.1,1741.356,970872.929,1176821.526,0.0
05117,2013,910758.19,332426739.3,1007.13,910758.19,0.0,0.0
05117,2014,965570.714,352433310.6,1007.13,965570.714,0.0,0.0
05117,2015,990149.971,361404739.2,1006.805,990149.971,0.0,0.0
05117,2016,1004276.493,366560919.8,1006.73,1004276.493,0.0,0.0
05117,2017,1059199.945,386607980.0,1006.601,1059199.945,0.0,0.0
05117,2018,1055907.412,385406205.5,1006.638,1055907.412,0.0,0.0
05117,2019,1042936.203,380671714.0,1006.641,1042936.203,0.0,0.0
05117,2020,1023535.496,373590455.9,1006.626,1023535.496,0.0,0.0
05117,2021,1091211.108,398292054.3,1006.626,1091211.108,0.0,0.0
05117,2022,1093210.908,399021981.3,1006.588,1093210.908,0.0,0.0
05117,2023,1102882.813,402552226.6,1006.588,1102882.813,0.0,0.0
05119,2013,13169215.384,4806763615.1,3695.54,480285.037,0.0,12688930.347
05119,2014,13218348.142,4824697071.8,3706.22,498946.667,0.0,12719401.475
05119,2015,13493484.237,4925121746.7,3706.46,520517.067,0.0,12972967.17
05119,2016,13781193.641,5030135679.0,3707.453,517524.262,0.0,13263669.379
05119,2017,13945646.476,5090160963.7,3707.113,530564.082,0.0,13415082.394
05119,2018,14042004.808,5125331754.8,3705.421,538363.334,0.0,13503641.474
05119,2019,14148212.67,5164097624.7,3705.421,557812.938,0.0,13590399.732
05119,2020,14240665.497,5197842906.3,3702.551,550572.166,0.0,13690093.331
05119,2021,14569941.513,5318028652.1,3702.256,593689.81,0.0,13976251.702
05119,2022,15018209.8,5481646577.1,3697.525,588037.037,0.0,14430172.763
05119,2023,15500345.799,5657626216.7,3697.525,616323.881,0.0,14884021.918
05121,2013,445896.501,162752222.8,1222.26,314847.391,131049.11,0.0
05121,2014,459423.08,167689424.2,1241.55,321168.03,138255.05,0.0
05121,2015,460358.54,168030867.2,1241.55,327394.93,132963.61,0.0
05121,2016,479285.391,174939167.6,1242.26,341342.743,137942.648,0.0
05121,2017,505923.404,184662042.5,1242.26,364673.322,141250.082,0.0
05121,2018,515391.264,188117811.5,1241.866,375496.447,139894.817,0.0
05121,2019,527173.757,192418421.4,1241.866,376739.173,150434.585,0.0
05121,2020,512956.484,187229116.5,1241.867,366195.488,146760.996,0.0
05121,2021,571594.338,208631933.3,1241.867,414579.217,157015.121,0.0
05121,2022,541208.079,197540948.8,1241.948,387312.245,153895.834,0.0
05121,2023,537763.231,196283579.4,1241.948,384640.905,153122.326,0.0
05123,2013,1879900.159,686163558.1,1203.91,1553739.669,326160.49,0.0
05123,2014,1942995.103,709193212.7,1203.68,1612757.983,330237.12,0.0
05123,2015,1975020.028,720882310.3,1206.19,1636716.158,338303.87,0.0
05123,2016,2055179.149,750140389.3,1206.117,1707231.794,347947.355,0.0
05123,2017,2238047.663,816887397.0,1205.848,1889203.96,348843.703,0.0
05123,2018,2190389.458,799492152.1,1205.848,1789424.349,400965.109,0.0
05123,2019,2210875.145,806969427.9,1205.849,1815351.162,395523.983,0.0
05123,2020,1973814.57,720442318.2,1205.874,1670328.595,303485.975,0.0
05123,2021,2249129.338,820932208.5,1206.604,1905955.359,343173.979,0.0
05123,2022,2241281.314,818067679.4,1206.604,1900878.23,340403.083,0.0
05123,2023,2377825.446,867906287.9,1206.627,2012627.568,365197.879,0.0
05125,2013,2810190.52,1025719539.8,1640.82,671885.291,67173.849,2071131.38
05125,2014,2796689.386,1020791626.0,1651.67,746555.16,4352.0,2045782.227
05125,2015,2906480.561,1060865404.6,1651.67,773302.681,4352.0,2128825.879
05125,2016,3015718.269,1100737168.2,1651.813,792721.762,5032.0,2217964.507
05125,2017,3060117.66,1116942945.9,1651.623,811503.023,5576.0,2243038.637
05125,2018,3141675.43,1146711531.9,1651.631,840718.63,0.0,2300956.799
05125,2019,3236968.549,1181493520.2,1651.628,874567.456,0.0,2362401.093
05125,2020,3453243.913,1260434028.3,1650.733,839496.686,0.0,2613747.227
05125,2021,3511185.962,1281582876.2,1650.733,935032.988,0.0,2576152.974
05125,2022,3372470.982,1230951908.6,1650.702,916185.665,0.0,2456285.318
05125,2023,3419042.589,1247950545.0,1648.084,926027.302,0.0,2493015.287
05127,2013,375048.26,136892614.9,1396.75,375048.26,0.0,0.0
05127,2014,357518.92,130494405.8,1396.68,357518.92,0.0,0.0
05127,2015,359657.711,131275064.4,1396.58,359657.711,0.0,0.0
05127,2016,379245.299,138424534.0,1396.095,379245.299,0.0,0.0
05127,2017,389480.744,142160471.6,1396.095,389480.744,0.0,0.0
05127,2018,379926.003,138672991.2,1396.095,379926.003,0.0,0.0
05127,2019,351126.214,128161068.2,1396.095,351126.214,0.0,0.0
05127,2020,368130.454,134367615.7,1396.095,368130.454,0.0,0.0
05127,2021,386016.212,140895917.5,1396.095,386016.212,0.0,0.0
05127,2022,368838.33,134625990.5,1396.095,368838.33,0.0,0.0
05127,2023,366695.068,133843699.8,1396.095,366695.068,0.0,0.0
05129,2013,313206.56,114320394.3,1070.31,313206.56,0.0,0.0
05129,2014,317421.69,115858916.9,1070.54,317421.69,0.0,0.0
05129,2015,324557.234,118463390.4,1070.3,324557.234,0.0,0.0
05129,2016,327360.378,119486538.1,1069.714,327360.378,0.0,0.0
05129,2017,326506.402,119174836.8,1069.714,326506.402,0.0,0.0
05129,2018,322270.498,117628731.8,1069.714,322270.498,0.0,0.0
05129,2019,323925.731,118232891.8,1069.713,323925.731,0.0,0.0
05129,2020,321205.521,117240015.3,1069.684,321205.521,0.0,0.0
05129,2021,336379.105,122778373.3,1069.684,336379.105,0.0,0.0
05129,2022,327961.531,119705958.8,1069.684,327961.531,0.0,0.0
05129,2023,328863.168,120035056.2,1069.684,328863.168,0.0,0.0
05131,2013,3067476.728,1119629005.8,2196.25,491837.261,169178.421,2406461.046
05131,2014,3113480.86,1136420513.7,2196.2,528659.349,143508.11,2441313.4
05131,2015,3182021.291,1161437771.3,2203.89,554456.64,147160.06,2480404.59
05131,2016,3197810.556,1167200852.8,2203.694,555984.999,153120.618,2488704.939
05131,2017,3298902.24,1204099317.5,2203.164,578733.357,159918.388,2560250.494
05131,2018,3297225.613,1203487348.6,2203.669,570256.774,157888.2,2569080.639
05131,2019,3359759.715,1226312295.9,2203.669,581680.245,169987.947,2608091.522
05131,2020,3425198.1,1250197306.3,2203.669,603251.5,165559.247,2656387.352
05131,2021,3398707.524,1240528246.1,2203.669,595061.468,169808.783,2633837.272
05131,2022,3357117.685,1225347955.2,2200.82,605100.663,129692.51,2622324.512
05131,2023,3471744.311,1267186673.5,2200.817,637908.501,133596.965,2700238.844
05133,2013,469124.03,171230270.9,993.49,373347.41,95776.62,0.0
05133,2014,481150.551,175619951.0,995.49,380383.16,100767.391,0.0
05133,2015,491107.408,179254203.9,995.064,388696.352,102411.056,0.0
05133,2016,498672.487,182015457.8,995.064,404267.067,94405.42,0.0
05133,2017,508596.749,185637813.4,995.064,407112.989,101483.76,0.0
05133,2018,512493.689,187060196.6,995.064,410056.077,102437.613,0.0
05133,2019,511971.582,186869627.6,995.064,410879.203,101092.379,0.0
05133,2020,518036.479,189083314.7,995.055,427524.561,90511.917,0.0
05133,2021,524295.133,191367723.5,995.055,421143.059,103152.074,0.0
05133,2022,525646.947,191861135.8,995.055,421633.531,104013.416,0.0
05133,2023,532384.793,194320449.5,995.055,426266.485,106118.308,0.0
05135,2013,456135.821,166489574.5,1311.88,456135.821,0.0,0.0
05135,2014,454057.769,165731085.5,1311.88,454057.769,0.0,0.0
05135,2015,467873.635,170773876.7,1313.895,467873.635,0.0,0.0
05135,2016,482171.287,175992519.8,1313.895,482171.287,0.0,0.0
05135,2017,500355.206,182629650.1,1313.895,500355.206,0.0,0.0
05135,2018,512055.984,186900434.2,1313.895,512055.984,0.0,0.0
05135,2019,511960.883,186865722.5,1313.895,511960.883,0.0,0.0
05135,2020,462406.955,168778538.7,1313.732,462406.955,0.0,0.0
05135,2021,540831.377,197403452.6,1313.732,540831.377,0.0,0.0
05135,2022,526883.649,192312531.9,1313.732,526883.649,0.0,0.0
05135,2023,529550.078,193285778.3,1313.732,529550.078,0.0,0.0
05137,2013,315243.03,115063705.8,953.75,315243.03,0.0,0.0
05137,2014,334792.369,122199214.7,953.75,334792.369,0.0,0.0
05137,2015,339661.519,123976454.3,954.93,339661.519,0.0,0.0
05137,2016,349236.013,127471144.8,952.12,349236.013,0.0,0.0
05137,2017,344692.227,125812662.9,948.51,344692.227,0.0,0.0
05137,2018,361015.859,131770788.7,948.364,361015.859,0.0,0.0
05137,2019,359412.291,131185486.1,948.364,359412.291,0.0,0.0
05137,2020,370868.889,135367144.5,948.364,370868.889,0.0,0.0
05137,2021,390964.732,142702127.1,948.364,390964.732,0.0,0.0
05137,2022,390480.14,142525251.1,948.364,390480.14,0.0,0.0
05137,2023,395661.549,144416465.3,948.364,395661.549,0.0,0.0
05139,2013,1320329.031,481920096.2,1686.17,796741.701,523587.329,0.0
05139,2014,1319001.041,481435380.1,1685.86,782468.331,536532.71,0.0
05139,2015,1363087.648,497526991.6,1683.11,792527.979,570559.67,0.0
05139,2016,1380252.331,503792100.7,1684.439,808659.034,571593.297,0.0
05139,2017,1346094.528,491324502.7,1684.419,797540.034,548554.494,0.0
05139,2018,1369236.911,499771472.7,1684.448,806870.279,562366.633,0.0
05139,2019,1342655.906,490069405.6,1684.448,785598.881,557057.025,0.0
05139,2020,1336162.749,487699403.3,1684.448,778009.131,558153.617,0.0
05139,2021,1387608.435,506477078.7,1684.454,825260.298,562348.137,0.0
05139,2022,1344038.857,490574182.9,1683.528,783315.103,560723.755,0.0
05139,2023,1413325.166,515863685.6,1675.965,827882.583,585442.583,0.0
05141,2013,655843.319,239382811.3,1333.69,655843.319,0.0,0.0
05141,2014,657586.86,240019204.0,1324.29,657586.86,0.0,0.0
05141,2015,630353.109,230078884.9,1322.97,630353.109,0.0,0.0
05141,2016,620254.818,226393008.7,1322.615,620254.818,0.0,0.0
05141,2017,634567.666,231617198.1,1322.615,634567.666,0.0,0.0
05141,2018,630399.941,230095978.6,1322.618,630399.941,0.0,0.0
05141,2019,660762.353,241178258.8,1322.618,660762.353,0.0,0.0
05141,2020,641599.365,234183768.2,1322.587,641599.365,0.0,0.0
05141,2021,668901.213,244148942.7,1322.58,668901.213,0.0,0.0
05141,2022,655651.583,239312827.7,1322.58,655651.583,0.0,0.0
05141,2023,690232.842,251934987.3,1322.58,690232.842,0.0,0.0
05143,2013,5071521.525,1851105356.7,3007.52,976221.279,186.45,4095113.796
05143,2014,4978334.642,1817092144.5,3319.86,986451.742,203.94,3991678.961
05143,2015,5387978.925,1966612307.8,3319.88,1058520.036,0.0,4329458.889
05143,2016,5550018.389,2025756711.9,3320.004,1081063.639,0.0,4468954.75
05143,2017,5683896.623,2074622267.2,3319.804,1105579.176,0.0,4578317.446
05143,2018,5784205.977,2111235181.7,3319.939,1116717.278,0.0,4667488.699
05143,2019,5947499.978,2170837491.9,3319.917,1151916.084,0.0,4795583.894
05143,2020,5746361.327,2097421884.2,3311.153,1164878.915,0.0,4581482.411
05143,2021,6131274.621,2237915236.8,3311.266,1245918.73,0.0,4885355.891
05143,2022,6211404.265,2267162556.7,3307.994,1252605.702,0.0,4958798.563
05143,2023,6314741.998,2304880829.4,3306.847,1232088.631,0.0,5082653.368
05145,2013,2384524.284,870351363.8,2024.44,1334648.752,1049875.532,0.0
05145,2014,2357482.564,860481135.8,2024.55,1332222.062,1025260.502,0.0
05145,2015,2448818.88,893818891.1,2024.76,1407267.058,1041551.821,0.0
05145,2016,2381882.943,869387274.0,2028.913,1368378.81,1013504.133,0.0
05145,2017,2510339.285,916273839.0,2028.413,1438964.125,1071375.16,0.0
05145,2018,2556249.3,933030994.5,2036.289,1477261.892,1078987.408,0.0
05145,2019,2606386.18,951330955.8,2036.289,1487894.734,1118491.446,0.0
05145,2020,2456698.239,896694857.1,2036.254,1413500.795,1043197.444,0.0
05145,2021,2753762.417,1005123282.2,2036.254,1556505.211,1197257.206,0.0
05145,2022,2785975.831,1016881178.4,2036.254,1583016.272,1202959.559,0.0
05145,2023,2855506.084,1042259720.7,2036.254,1612998.881,1242507.203,0.0
05147,2013,265751.5,96999297.3,745.59,265751.5,0.0,0.0
05147,2014,261651.881,95502936.4,758.19,261651.881,0.0,0.0
05147,2015,245200.32,89498116.8,758.86,245200.32,0.0,0.0
05147,2016,253170.649,92407286.8,758.453,253170.649,0.0,0.0
05147,2017,256776.478,93723414.4,758.453,256776.478,0.0,0.0
05147,2018,264770.849,96641359.9,758.453,264770.849,0.0,0.0
05147,2019,263014.123,96000154.8,758.453,263014.123,0.0,0.0
05147,2020,234999.32,85774751.8,758.453,234999.32,0.0,0.0
05147,2021,268186.319,97888006.4,758.453,268186.319,0.0,0.0
05147,2022,263118.921,96038406.1,758.453,263118.921,0.0,0.0
05147,2023,268063.225,97843077.1,758.453,268063.225,0.0,0.0
05149,2013,539531.34,196928939.3,1566.02,448876.2,90655.14,0.0
05149,2014,530871.64,193768148.5,1566.02,439460.36,91411.28,0.0
05149,2015,545078.15,198953524.8,1564.77,454832.4,90245.75,0.0
05149,2016,559218.704,204114827.0,1564.566,471301.826,87916.878,0.0
05149,2017,569911.518,208017704.0,1564.819,482791.191,87120.327,0.0
05149,2018,557379.841,203443642.0,1564.551,473749.836,83630.005,0.0
05149,2019,577752.731,210879746.7,1564.547,487762.658,89990.073,0.0
05149,2020,536329.845,195760393.5,1564.547,455628.439,80701.406,0.0
05149,2021,599728.551,218900921.0,1564.547,508522.242,91206.308,0.0
05149,2022,554286.328,202314509.8,1564.568,468378.401,85907.927,0.0
05149,2023,566004.673,206591705.6,1564.568,478432.161,87572.512,0.0
