fips,year,dist_nearest_wet_instate,dist_nearest_wet_aug,nearest_wet_is_oos,nearest_wet_fips_aug,n_wet_neighbors_instate_chk,n_oos_wet_neighbors,n_wet_neighbors_aug,any_wet_neighbor_aug,share_wet_neighbors_aug
05001,2008,28.563,28.563,0,05095,5,0,5,1,0.7143
05001,2009,28.563,28.563,0,05095,5,0,5,1,0.7143
05001,2010,28.563,28.563,0,05095,5,0,5,1,0.7143
05001,2011,28.563,28.563,0,05095,5,0,5,1,0.7143
05001,2012,28.563,28.563,0,05095,5,0,5,1,0.7143
05001,2013,28.563,28.563,0,05095,5,0,5,1,0.7143
05001,2014,28.563,28.563,0,05095,5,0,5,1,0.7143
05001,2015,28.563,28.563,0,05095,5,0,5,1,0.7143
05001,2016,28.563,28.563,0,05095,5,0,5,1,0.7143
05001,2017,28.563,28.563,0,05095,5,0,5,1,0.7143
05001,2018,28.563,28.563,0,05095,5,0,5,1,0.7143
05001,2019,28.563,28.563,0,05095,5,0,5,1,0.7143
05001,2020,28.563,28.563,0,05095,5,0,5,1,0.7143
05001,2021,28.563,28.563,0,05095,5,0,5,1,0.7143
05001,2022,28.563,28.563,0,05095,5,0,5,1,0.7143
05001,2023,28.563,28.563,0,05095,5,0,5,1,0.7143
05003,2008,27.692,25.624,1,22067,3,2,5,1,0.8333
05003,2009,27.692,25.624,1,22067,3,2,5,1,0.8333
05003,2010,27.692,25.624,1,22067,3,2,5,1,0.8333
05003,2011,27.692,25.624,1,22067,3,2,5,1,0.8333
05003,2012,27.692,25.624,1,22067,3,2,5,1,0.8333
05003,2013,27.692,25.624,1,22067,3,2,5,1,0.8333
05003,2014,27.692,25.624,1,22067,3,2,5,1,0.8333
05003,2015,27.692,25.624,1,22067,3,2,5,1,0.8333
05003,2016,27.692,25.624,1,22067,3,2,5,1,0.8333
05003,2017,27.692,25.624,1,22067,3,2,5,1,0.8333
05003,2018,27.692,25.624,1,22067,3,2,5,1,0.8333
05003,2019,27.692,25.624,1,22067,3,2,5,1,0.8333
05003,2020,27.692,25.624,1,22067,3,2,5,1,0.8333
05003,2021,27.692,25.624,1,22067,3,2,5,1,0.8333
05003,2022,27.692,25.624,1,22067,3,2,5,1,0.8333
05003,2023,27.692,25.624,1,22067,3,2,5,1,0.8333
05005,2008,19.34,19.34,0,05089,1,1,2,1,0.3333
05005,2009,19.34,19.34,0,05089,1,1,2,1,0.3333
05005,2010,19.34,19.34,0,05089,1,1,2,1,0.3333
05005,2011,19.34,19.34,0,05089,1,1,2,1,0.3333
05005,2012,19.34,19.34,0,05089,1,1,2,1,0.3333
05005,2013,19.34,19.34,0,05089,1,1,2,1,0.3333
05005,2014,19.34,19.34,0,05089,1,1,2,1,0.3333
05005,2015,19.34,19.34,0,05089,1,1,2,1,0.3333
05005,2016,19.34,19.34,0,05089,1,1,2,1,0.3333
05005,2017,19.34,19.34,0,05089,1,1,2,1,0.3333
05005,2018,19.34,19.34,0,05089,1,1,2,1,0.3333
05005,2019,19.34,19.34,0,05089,1,1,2,1,0.3333
05005,2020,19.34,19.34,0,05089,1,1,2,1,0.3333
05005,2021,19.34,19.34,0,05089,1,1,2,1,0.3333
05005,2022,19.34,19.34,0,05089,1,1,2,1,0.3333
05005,2023,19.34,19.34,0,05089,1,1,2,1,0.3333
05007,2008,25.029,20.813,1,29119,3,4,7,1,1.0
05007,2009,25.029,20.813,1,29119,3,4,7,1,1.0
05007,2010,25.029,20.813,1,29119,3,4,7,1,1.0
05007,2011,25.029,20.813,1,29119,3,4,7,1,1.0
05007,2012,25.029,20.813,1,29119,3,4,7,1,1.0
05007,2013,25.029,20.813,1,29119,3,4,7,1,1.0
05007,2014,25.029,20.813,1,29119,3,4,7,1,1.0
05007,2015,25.029,20.813,1,29119,3,4,7,1,1.0
05007,2016,25.029,20.813,1,29119,3,4,7,1,1.0
05007,2017,25.029,20.813,1,29119,3,4,7,1,1.0
05007,2018,25.029,20.813,1,29119,3,4,7,1,1.0
05007,2019,25.029,20.813,1,29119,3,4,7,1,1.0
05007,2020,25.029,20.813,1,29119,3,4,7,1,1.0
05007,2021,25.029,20.813,1,29119,3,4,7,1,1.0
05007,2022,25.029,20.813,1,29119,3,4,7,1,1.0
05007,2023,25.029,20.813,1,29119,3,4,7,1,1.0
05009,2008,22.929,22.929,0,05089,2,1,3,1,0.6
05009,2009,22.929,22.929,0,05089,2,1,3,1,0.6
05009,2010,22.929,22.929,0,05089,2,1,3,1,0.6
05009,2011,22.929,22.929,0,05089,2,1,3,1,0.6
05009,2012,22.929,22.929,0,05089,2,1,3,1,0.6
05009,2013,22.929,22.929,0,05089,2,1,3,1,0.6
05009,2014,22.929,22.929,0,05089,2,1,3,1,0.6
05009,2015,22.929,22.929,0,05089,2,1,3,1,0.6
05009,2016,22.929,22.929,0,05089,2,1,3,1,0.6
05009,2017,22.929,22.929,0,05089,2,1,3,1,0.6
05009,2018,22.929,22.929,0,05089,2,1,3,1,0.6
05009,2019,22.929,22.929,0,05089,2,1,3,1,0.6
05009,2020,22.929,22.929,0,05089,2,1,3,1,0.6
05009,2021,22.929,22.929,0,05089,2,1,3,1,0.6
05009,2022,22.929,22.929,0,05089,2,1,3,1,0.6
05009,2023,22.929,22.929,0,05089,2,1,3,1,0.6
05011,2008,20.555,20.555,0,05013,4,0,4,1,0.8
05011,2009,20.555,20.555,0,05013,4,0,4,1,0.8
05011,2010,20.555,20.555,0,05013,4,0,4,1,0.8
05011,2011,20.555,20.555,0,05013,4,0,4,1,0.8
05011,2012,20.555,20.555,0,05013,4,0,4,1,0.8
05011,2013,20.555,20.555,0,05013,4,0,4,1,0.8
05011,2014,20.555,20.555,0,05013,4,0,4,1,0.8
05011,2015,20.555,20.555,0,05013,4,0,4,1,0.8
05011,2016,20.555,20.555,0,05013,4,0,4,1,0.8
05011,2017,20.555,20.555,0,05013,4,0,4,1,0.8
05011,2018,20.555,20.555,0,05013,4,0,4,1,0.8
05011,2019,20.555,20.555,0,05013,4,0,4,1,0.8
05011,2020,20.555,20.555,0,05013,4,0,4,1,0.8
05011,2021,20.555,20.555,0,05013,4,0,4,1,0.8
05011,2022,20.555,20.555,0,05013,4,0,4,1,0.8
05011,2023,20.555,20.555,0,05013,4,0,4,1,0.8
05013,2008,21.899,21.899,0,05103,4,0,4,1,0.8
05013,2009,21.899,21.899,0,05103,4,0,4,1,0.8
05013,2010,21.899,21.899,0,05103,4,0,4,1,0.8
05013,2011,21.899,21.899,0,05103,4,0,4,1,0.8
05013,2012,21.899,21.899,0,05103,4,0,4,1,0.8
05013,2013,21.899,21.899,0,05103,4,0,4,1,0.8
05013,2014,21.899,21.899,0,05103,4,0,4,1,0.8
05013,2015,21.899,21.899,0,05103,4,0,4,1,0.8
05013,2016,21.899,21.899,0,05103,4,0,4,1,0.8
05013,2017,21.899,21.899,0,05103,4,0,4,1,0.8
05013,2018,21.899,21.899,0,05103,4,0,4,1,0.8
05013,2019,21.899,21.899,0,05103,4,0,4,1,0.8
05013,2020,21.899,21.899,0,05103,4,0,4,1,0.8
05013,2021,21.899,21.899,0,05103,4,0,4,1,0.8
05013,2022,21.899,21.899,0,05103,4,0,4,1,0.8
05013,2023,21.899,21.899,0,05103,4,0,4,1,0.8
05015,2008,24.868,24.868,0,05009,2,3,5,1,0.7143
05015,2009,24.868,24.868,0,05009,2,3,5,1,0.7143
05015,2010,24.868,24.868,0,05009,2,3,5,1,0.7143
05015,2011,24.868,24.868,0,05009,2,3,5,1,0.7143
05015,2012,24.868,24.868,0,05009,3,3,6,1,0.8571
05015,2013,24.868,24.868,0,05009,3,3,6,1,0.8571
05015,2014,24.868,24.868,0,05009,3,3,6,1,0.8571
05015,2015,24.868,24.868,0,05009,3,3,6,1,0.8571
05015,2016,24.868,24.868,0,05009,3,3,6,1,0.8571
05015,2017,24.868,24.868,0,05009,3,3,6,1,0.8571
05015,2018,24.868,24.868,0,05009,3,3,6,1,0.8571
05015,2019,24.868,24.868,0,05009,3,3,6,1,0.8571
05015,2020,24.868,24.868,0,05009,3,3,6,1,0.8571
05015,2021,24.868,24.868,0,05009,3,3,6,1,0.8571
05015,2022,24.868,24.868,0,05009,3,3,6,1,0.8571
05015,2023,24.868,24.868,0,05009,3,3,6,1,0.8571
05017,2008,33.334,20.45,1,28151,2,4,6,1,0.8571
05017,2009,33.334,20.45,1,28151,2,4,6,1,0.8571
05017,2010,33.334,20.45,1,28151,2,4,6,1,0.8571
05017,2011,33.334,20.45,1,28151,2,4,6,1,0.8571
05017,2012,33.334,20.45,1,28151,2,4,6,1,0.8571
05017,2013,33.334,20.45,1,28151,2,4,6,1,0.8571
05017,2014,33.334,20.45,1,28151,2,4,6,1,0.8571
05017,2015,33.334,20.45,1,28151,2,4,6,1,0.8571
05017,2016,33.334,20.45,1,28151,2,4,6,1,0.8571
05017,2017,33.334,20.45,1,28151,2,4,6,1,0.8571
05017,2018,33.334,20.45,1,28151,2,4,6,1,0.8571
05017,2019,33.334,20.45,1,28151,2,4,6,1,0.8571
05017,2020,33.334,20.45,1,28151,2,4,6,1,0.8571
05017,2021,33.334,20.45,1,28151,2,4,6,1,0.8571
05017,2022,33.334,20.45,1,28151,2,4,6,1,0.8571
05017,2023,33.334,20.45,1,28151,2,4,6,1,0.8571
05019,2008,30.069,30.069,0,05039,2,0,2,1,0.3333
05019,2009,30.069,30.069,0,05039,2,0,2,1,0.3333
05019,2010,30.069,30.069,0,05039,2,0,2,1,0.3333
05019,2011,30.069,30.069,0,05039,2,0,2,1,0.3333
05019,2012,30.069,30.069,0,05039,2,0,2,1,0.3333
05019,2013,30.069,30.069,0,05039,2,0,2,1,0.3333
05019,2014,30.069,30.069,0,05039,2,0,2,1,0.3333
05019,2015,30.069,30.069,0,05039,2,0,2,1,0.3333
05019,2016,30.069,30.069,0,05039,2,0,2,1,0.3333
05019,2017,30.069,30.069,0,05039,2,0,2,1,0.3333
05019,2018,30.069,30.069,0,05039,2,0,2,1,0.3333
05019,2019,30.069,30.069,0,05039,2,0,2,1,0.3333
05019,2020,30.069,30.069,0,05039,2,0,2,1,0.3333
05019,2021,30.069,30.069,0,05039,2,0,2,1,0.3333
05019,2022,22.75,22.75,0,05059,3,0,3,1,0.5
05019,2023,22.75,22.75,0,05059,3,0,3,1,0.5
05021,2008,19.251,19.234,1,29069,1,3,4,1,0.8
05021,2009,19.251,19.234,1,29069,1,3,4,1,0.8
05021,2010,19.251,19.234,1,29069,1,3,4,1,0.8
05021,2011,19.251,19.234,1,29069,1,3,4,1,0.8
05021,2012,19.251,19.234,1,29069,1,3,4,1,0.8
05021,2013,19.251,19.234,1,29069,1,3,4,1,0.8
05021,2014,19.251,19.234,1,29069,1,3,4,1,0.8
05021,2015,19.251,19.234,1,29069,1,3,4,1,0.8
05021,2016,19.251,19.234,1,29069,1,3,4,1,0.8
05021,2017,19.251,19.234,1,29069,1,3,4,1,0.8
05021,2018,19.251,19.234,1,29069,2,3,5,1,1.0
05021,2019,19.251,19.234,1,29069,2,3,5,1,1.0
05021,2020,19.251,19.234,1,29069,2,3,5,1,1.0
05021,2021,19.251,19.234,1,29069,2,3,5,1,1.0
05021,2022,19.251,19.234,1,29069,2,3,5,1,1.0
05021,2023,19.251,19.234,1,29069,2,3,5,1,1.0
05023,2008,42.319,42.319,0,05029,0,0,0,0,0.0
05023,2009,42.319,42.319,0,05029,0,0,0,0,0.0
05023,2010,42.319,42.319,0,05029,0,0,0,0,0.0
05023,2011,42.319,42.319,0,05029,0,0,0,0,0.0
05023,2012,42.319,42.319,0,05029,0,0,0,0,0.0
05023,2013,42.319,42.319,0,05029,0,0,0,0,0.0
05023,2014,42.319,42.319,0,05029,0,0,0,0,0.0
05023,2015,42.319,42.319,0,05029,0,0,0,0,0.0
05023,2016,42.319,42.319,0,05029,0,0,0,0,0.0
05023,2017,42.319,42.319,0,05029,0,0,0,0,0.0
05023,2018,42.319,42.319,0,05029,0,0,0,0,0.0
05023,2019,42.319,42.319,0,05029,0,0,0,0,0.0
05023,2020,27.504,27.504,0,05141,1,0,1,1,0.2
05023,2021,27.504,27.504,0,05141,1,0,1,1,0.2
05023,2022,27.504,27.504,0,05141,1,0,1,1,0.2
05023,2023,27.504,27.504,0,05141,1,0,1,1,0.2
05025,2008,27.291,27.291,0,05039,4,0,4,1,0.5714
05025,2009,27.291,27.291,0,05039,4,0,4,1,0.5714
05025,2010,27.291,27.291,0,05039,4,0,4,1,0.5714
05025,2011,27.291,27.291,0,05039,4,0,4,1,0.5714
05025,2012,27.291,27.291,0,05039,4,0,4,1,0.5714
05025,2013,27.291,27.291,0,05039,4,0,4,1,0.5714
05025,2014,27.291,27.291,0,05039,4,0,4,1,0.5714
05025,2015,27.291,27.291,0,05039,4,0,4,1,0.5714
05025,2016,27.291,27.291,0,05039,4,0,4,1,0.5714
05025,2017,27.291,27.291,0,05039,4,0,4,1,0.5714
05025,2018,27.291,27.291,0,05039,4,0,4,1,0.5714
05025,2019,27.291,27.291,0,05039,4,0,4,1,0.5714
05025,2020,27.291,27.291,0,05039,4,0,4,1,0.5714
05025,2021,27.291,27.291,0,05039,4,0,4,1,0.5714
05025,2022,27.291,27.291,0,05039,4,0,4,1,0.5714
05025,2023,27.291,27.291,0,05039,4,0,4,1,0.5714
05027,2008,32.847,30.146,1,22027,2,2,4,1,0.6667
05027,2009,32.847,30.146,1,22027,2,2,4,1,0.6667
05027,2010,32.847,30.146,1,22027,2,2,4,1,0.6667
05027,2011,32.847,30.146,1,22027,2,2,4,1,0.6667
05027,2012,32.847,30.146,1,22027,2,2,4,1,0.6667
05027,2013,32.847,30.146,1,22027,2,2,4,1,0.6667
05027,2014,32.847,30.146,1,22027,2,2,4,1,0.6667
05027,2015,32.847,30.146,1,22027,2,2,4,1,0.6667
05027,2016,32.847,30.146,1,22027,2,2,4,1,0.6667
05027,2017,32.847,30.146,1,22027,2,2,4,1,0.6667
05027,2018,32.847,30.146,1,22027,2,2,4,1,0.6667
05027,2019,32.847,30.146,1,22027,2,2,4,1,0.6667
05027,2020,32.847,30.146,1,22027,2,2,4,1,0.6667
05027,2021,32.847,30.146,1,22027,2,2,4,1,0.6667
05027,2022,32.847,30.146,1,22027,2,2,4,1,0.6667
05027,2023,32.847,30.146,1,22027,2,2,4,1,0.6667
05029,2008,40.369,40.369,0,05119,0,0,0,0,0.0
05029,2009,40.369,40.369,0,05119,0,0,0,0,0.0
05029,2010,40.369,40.369,0,05119,0,0,0,0,0.0
05029,2011,40.369,40.369,0,05119,0,0,0,0,0.0
05029,2012,40.369,40.369,0,05119,0,0,0,0,0.0
05029,2013,40.369,40.369,0,05119,0,0,0,0,0.0
05029,2014,40.369,40.369,0,05119,0,0,0,0,0.0
05029,2015,40.369,40.369,0,05119,0,0,0,0,0.0
05029,2016,40.369,40.369,0,05119,0,0,0,0,0.0
05029,2017,40.369,40.369,0,05119,0,0,0,0,0.0
05029,2018,40.369,40.369,0,05119,0,0,0,0,0.0
05029,2019,40.369,40.369,0,05119,0,0,0,0,0.0
05029,2020,24.17,24.17,0,05141,1,0,1,1,0.2
05029,2021,24.17,24.17,0,05141,1,0,1,1,0.2
05029,2022,24.17,24.17,0,05141,1,0,1,1,0.2
05029,2023,24.17,24.17,0,05141,1,0,1,1,0.2
05031,2008,17.839,17.839,0,05111,4,1,5,1,0.8333
05031,2009,17.839,17.839,0,05111,4,1,5,1,0.8333
05031,2010,17.839,17.839,0,05111,4,1,5,1,0.8333
05031,2011,17.839,17.839,0,05111,4,1,5,1,0.8333
05031,2012,17.839,17.839,0,05111,4,1,5,1,0.8333
05031,2013,17.839,17.839,0,05111,4,1,5,1,0.8333
05031,2014,17.839,17.839,0,05111,4,1,5,1,0.8333
05031,2015,17.839,17.839,0,05111,4,1,5,1,0.8333
05031,2016,17.839,17.839,0,05111,4,1,5,1,0.8333
05031,2017,17.839,17.839,0,05111,4,1,5,1,0.8333
05031,2018,17.839,17.839,0,05111,4,1,5,1,0.8333
05031,2019,17.839,17.839,0,05111,4,1,5,1,0.8333
05031,2020,17.839,17.839,0,05111,4,1,5,1,0.8333
05031,2021,17.839,17.839,0,05111,4,1,5,1,0.8333
05031,2022,17.839,17.839,0,05111,4,1,5,1,0.8333
05031,2023,17.839,17.839,0,05111,4,1,5,1,0.8333
05033,2008,20.406,20.406,0,05047,3,2,5,1,0.8333
05033,2009,20.406,20.406,0,05047,3,2,5,1,0.8333
05033,2010,20.406,20.406,0,05047,3,2,5,1,0.8333
05033,2011,20.406,20.406,0,05047,3,2,5,1,0.8333
05033,2012,20.406,20.406,0,05047,3,2,5,1,0.8333
05033,2013,20.406,20.406,0,05047,3,2,5,1,0.8333
05033,2014,20.406,20.406,0,05047,3,2,5,1,0.8333
05033,2015,20.406,20.406,0,05047,3,2,5,1,0.8333
05033,2016,20.406,20.406,0,05047,3,2,5,1,0.8333
05033,2017,20.406,20.406,0,05047,3,2,5,1,0.8333
05033,2018,20.406,20.406,0,05047,3,2,5,1,0.8333
05033,2019,20.406,20.406,0,05047,3,2,5,1,0.8333
05033,2020,20.406,20.406,0,05047,3,2,5,1,0.8333
05033,2021,20.406,20.406,0,05047,3,2,5,1,0.8333
05033,2022,20.406,20.406,0,05047,3,2,5,1,0.8333
05033,2023,20.406,20.406,0,05047,3,2,5,1,0.8333
05035,2008,26.878,23.291,1,47157,5,1,6,1,1.0
05035,2009,26.878,23.291,1,47157,5,1,6,1,1.0
05035,2010,26.878,23.291,1,47157,5,1,6,1,1.0
05035,2011,26.878,23.291,1,47157,5,1,6,1,1.0
05035,2012,26.878,23.291,1,47157,5,1,6,1,1.0
05035,2013,26.878,23.291,1,47157,5,1,6,1,1.0
05035,2014,26.878,23.291,1,47157,5,1,6,1,1.0
05035,2015,26.878,23.291,1,47157,5,1,6,1,1.0
05035,2016,26.878,23.291,1,47157,5,1,6,1,1.0
05035,2017,26.878,23.291,1,47157,5,1,6,1,1.0
05035,2018,26.878,23.291,1,47157,5,1,6,1,1.0
05035,2019,26.878,23.291,1,47157,5,1,6,1,1.0
05035,2020,26.878,23.291,1,47157,5,1,6,1,1.0
05035,2021,26.878,23.291,1,47157,5,1,6,1,1.0
05035,2022,26.878,23.291,1,47157,5,1,6,1,1.0
05035,2023,26.878,23.291,1,47157,5,1,6,1,1.0
05037,2008,18.877,18.877,0,05123,5,0,5,1,1.0
05037,2009,18.877,18.877,0,05123,5,0,5,1,1.0
05037,2010,18.877,18.877,0,05123,5,0,5,1,1.0
05037,2011,18.877,18.877,0,05123,5,0,5,1,1.0
05037,2012,18.877,18.877,0,05123,5,0,5,1,1.0
05037,2013,18.877,18.877,0,05123,5,0,5,1,1.0
05037,2014,18.877,18.877,0,05123,5,0,5,1,1.0
05037,2015,18.877,18.877,0,05123,5,0,5,1,1.0
05037,2016,18.877,18.877,0,05123,5,0,5,1,1.0
05037,2017,18.877,18.877,0,05123,5,0,5,1,1.0
05037,2018,18.877,18.877,0,05123,5,0,5,1,1.0
05037,2019,18.877,18.877,0,05123,5,0,5,1,1.0
05037,2020,18.877,18.877,0,05123,5,0,5,1,1.0
05037,2021,18.877,18.877,0,05123,5,0,5,1,1.0
05037,2022,18.877,18.877,0,05123,5,0,5,1,1.0
05037,2023,18.877,18.877,0,05123,5,0,5,1,1.0
05039,2008,27.291,27.291,0,05025,4,0,4,1,0.6667
05039,2009,27.291,27.291,0,05025,4,0,4,1,0.6667
05039,2010,27.291,27.291,0,05025,4,0,4,1,0.6667
05039,2011,27.291,27.291,0,05025,4,0,4,1,0.6667
05039,2012,27.291,27.291,0,05025,4,0,4,1,0.6667
05039,2013,27.291,27.291,0,05025,4,0,4,1,0.6667
05039,2014,27.291,27.291,0,05025,4,0,4,1,0.6667
05039,2015,27.291,27.291,0,05025,4,0,4,1,0.6667
05039,2016,27.291,27.291,0,05025,4,0,4,1,0.6667
05039,2017,27.291,27.291,0,05025,4,0,4,1,0.6667
05039,2018,27.291,27.291,0,05025,4,0,4,1,0.6667
05039,2019,27.291,27.291,0,05025,4,0,4,1,0.6667
05039,2020,27.291,27.291,0,05025,4,0,4,1,0.6667
05039,2021,27.291,27.291,0,05025,4,0,4,1,0.6667
05039,2022,27.291,27.291,0,05025,5,0,5,1,0.8333
05039,2023,27.291,27.291,0,05025,5,0,5,1,0.8333
05041,2008,30.964,30.964,0,05043,4,0,4,1,0.8
05041,2009,30.964,30.964,0,05043,4,0,4,1,0.8
05041,2010,30.964,30.964,0,05043,4,0,4,1,0.8
05041,2011,30.964,30.964,0,05043,4,0,4,1,0.8
05041,2012,30.964,30.964,0,05043,4,0,4,1,0.8
05041,2013,30.964,30.964,0,05043,4,0,4,1,0.8
05041,2014,30.964,30.964,0,05043,4,0,4,1,0.8
05041,2015,30.964,30.964,0,05043,4,0,4,1,0.8
05041,2016,30.964,30.964,0,05043,4,0,4,1,0.8
05041,2017,30.964,30.964,0,05043,4,0,4,1,0.8
05041,2018,30.964,30.964,0,05043,4,0,4,1,0.8
05041,2019,30.964,30.964,0,05043,4,0,4,1,0.8
05041,2020,30.964,30.964,0,05043,4,0,4,1,0.8
05041,2021,30.964,30.964,0,05043,4,0,4,1,0.8
05041,2022,30.964,30.964,0,05043,4,0,4,1,0.8
05041,2023,30.964,30.964,0,05043,4,0,4,1,0.8
05043,2008,30.964,30.964,0,05041,3,0,3,1,0.5
05043,2009,30.964,30.964,0,05041,3,0,3,1,0.5
05043,2010,30.964,30.964,0,05041,3,0,3,1,0.5
05043,2011,30.964,30.964,0,05041,3,0,3,1,0.5
05043,2012,30.964,30.964,0,05041,3,0,3,1,0.5
05043,2013,30.964,30.964,0,05041,3,0,3,1,0.5
05043,2014,30.964,30.964,0,05041,3,0,3,1,0.5
05043,2015,30.964,30.964,0,05041,3,0,3,1,0.5
05043,2016,30.964,30.964,0,05041,3,0,3,1,0.5
05043,2017,30.964,30.964,0,05041,3,0,3,1,0.5
05043,2018,30.964,30.964,0,05041,3,0,3,1,0.5
05043,2019,30.964,30.964,0,05041,3,0,3,1,0.5
05043,2020,30.964,30.964,0,05041,3,0,3,1,0.5
05043,2021,30.964,30.964,0,05041,3,0,3,1,0.5
05043,2022,30.964,30.964,0,05041,3,0,3,1,0.5
05043,2023,30.964,30.964,0,05041,3,0,3,1,0.5
05045,2008,22.139,22.139,0,05029,2,0,2,1,0.2857
05045,2009,22.139,22.139,0,05029,2,0,2,1,0.2857
05045,2010,22.139,22.139,0,05029,2,0,2,1,0.2857
05045,2011,22.139,22.139,0,05029,2,0,2,1,0.2857
05045,2012,22.139,22.139,0,05029,2,0,2,1,0.2857
05045,2013,22.139,22.139,0,05029,2,0,2,1,0.2857
05045,2014,22.139,22.139,0,05029,2,0,2,1,0.2857
05045,2015,22.139,22.139,0,05029,2,0,2,1,0.2857
05045,2016,22.139,22.139,0,05029,2,0,2,1,0.2857
05045,2017,22.139,22.139,0,05029,2,0,2,1,0.2857
05045,2018,22.139,22.139,0,05029,2,0,2,1,0.2857
05045,2019,22.139,22.139,0,05029,2,0,2,1,0.2857
05045,2020,22.139,22.139,0,05029,3,0,3,1,0.4286
05045,2021,22.139,22.139,0,05029,3,0,3,1,0.4286
05045,2022,22.139,22.139,0,05029,3,0,3,1,0.4286
05045,2023,22.139,22.139,0,05029,3,0,3,1,0.4286
05047,2008,35.514,35.514,0,05087,1,0,1,1,0.2
05047,2009,35.514,35.514,0,05087,1,0,1,1,0.2
05047,2010,35.514,35.514,0,05087,1,0,1,1,0.2
05047,2011,35.514,35.514,0,05087,1,0,1,1,0.2
05047,2012,35.514,35.514,0,05087,1,0,1,1,0.2
05047,2013,35.514,35.514,0,05087,1,0,1,1,0.2
05047,2014,35.514,35.514,0,05087,1,0,1,1,0.2
05047,2015,35.514,35.514,0,05087,1,0,1,1,0.2
05047,2016,35.514,35.514,0,05087,1,0,1,1,0.2
05047,2017,35.514,35.514,0,05087,1,0,1,1,0.2
05047,2018,35.514,35.514,0,05087,1,0,1,1,0.2
05047,2019,35.514,35.514,0,05087,1,0,1,1,0.2
05047,2020,35.514,35.514,0,05087,1,0,1,1,0.2
05047,2021,35.514,35.514,0,05087,1,0,1,1,0.2
05047,2022,35.514,35.514,0,05087,1,0,1,1,0.2
05047,2023,35.514,35.514,0,05087,1,0,1,1,0.2
05049,2008,29.638,27.357,1,29091,1,3,4,1,0.6667
05049,2009,29.638,27.357,1,29091,1,3,4,1,0.6667
05049,2010,29.638,27.357,1,29091,1,3,4,1,0.6667
05049,2011,29.638,27.357,1,29091,1,3,4,1,0.6667
05049,2012,24.108,24.108,0,05135,2,3,5,1,0.8333
05049,2013,24.108,24.108,0,05135,2,3,5,1,0.8333
05049,2014,24.108,24.108,0,05135,2,3,5,1,0.8333
05049,2015,24.108,24.108,0,05135,2,3,5,1,0.8333
05049,2016,24.108,24.108,0,05135,2,3,5,1,0.8333
05049,2017,24.108,24.108,0,05135,2,3,5,1,0.8333
05049,2018,24.108,24.108,0,05135,2,3,5,1,0.8333
05049,2019,24.108,24.108,0,05135,2,3,5,1,0.8333
05049,2020,24.108,24.108,0,05135,2,3,5,1,0.8333
05049,2021,24.108,24.108,0,05135,2,3,5,1,0.8333
05049,2022,24.108,24.108,0,05135,2,3,5,1,0.8333
05049,2023,24.108,24.108,0,05135,2,3,5,1,0.8333
05051,2008,36.734,36.734,0,05019,0,0,0,0,0.0
05051,2009,36.734,36.734,0,05019,0,0,0,0,0.0
05051,2010,36.734,36.734,0,05019,0,0,0,0,0.0
05051,2011,36.734,36.734,0,05019,0,0,0,0,0.0
05051,2012,36.734,36.734,0,05019,0,0,0,0,0.0
05051,2013,36.734,36.734,0,05019,0,0,0,0,0.0
05051,2014,27.304,27.304,0,05125,1,0,1,1,0.2
05051,2015,27.304,27.304,0,05125,1,0,1,1,0.2
05051,2016,27.304,27.304,0,05125,1,0,1,1,0.2
05051,2017,27.304,27.304,0,05125,1,0,1,1,0.2
05051,2018,27.304,27.304,0,05125,1,0,1,1,0.2
05051,2019,27.304,27.304,0,05125,1,0,1,1,0.2
05051,2020,27.304,27.304,0,05125,1,0,1,1,0.2
05051,2021,27.304,27.304,0,05125,1,0,1,1,0.2
05051,2022,21.157,21.157,0,05059,2,0,2,1,0.4
05051,2023,21.157,21.157,0,05059,2,0,2,1,0.4
05053,2008,25.764,25.764,0,05039,4,0,4,1,0.6667
05053,2009,25.764,25.764,0,05039,4,0,4,1,0.6667
05053,2010,25.764,25.764,0,05039,4,0,4,1,0.6667
05053,2011,25.764,25.764,0,05039,4,0,4,1,0.6667
05053,2012,25.764,25.764,0,05039,4,0,4,1,0.6667
05053,2013,25.764,25.764,0,05039,4,0,4,1,0.6667
05053,2014,25.764,25.764,0,05039,5,0,5,1,0.8333
05053,2015,25.764,25.764,0,05039,5,0,5,1,0.8333
05053,2016,25.764,25.764,0,05039,5,0,5,1,0.8333
05053,2017,25.764,25.764,0,05039,5,0,5,1,0.8333
05053,2018,25.764,25.764,0,05039,5,0,5,1,0.8333
05053,2019,25.764,25.764,0,05039,5,0,5,1,0.8333
05053,2020,25.764,25.764,0,05039,5,0,5,1,0.8333
05053,2021,25.764,25.764,0,05039,5,0,5,1,0.8333
05053,2022,25.764,25.764,0,05039,6,0,6,1,1.0
05053,2023,25.764,25.764,0,05039,6,0,6,1,1.0
05055,2008,37.383,28.136,1,29069,0,1,1,1,0.2
05055,2009,37.383,28.136,1,29069,0,1,1,1,0.2
05055,2010,37.383,28.136,1,29069,0,1,1,1,0.2
05055,2011,37.383,28.136,1,29069,0,1,1,1,0.2
05055,2012,37.383,28.136,1,29069,0,1,1,1,0.2
05055,2013,37.383,28.136,1,29069,0,1,1,1,0.2
05055,2014,37.383,28.136,1,29069,0,1,1,1,0.2
05055,2015,37.383,28.136,1,29069,0,1,1,1,0.2
05055,2016,37.383,28.136,1,29069,0,1,1,1,0.2
05055,2017,37.383,28.136,1,29069,0,1,1,1,0.2
05055,2018,30.159,28.136,1,29069,1,1,2,1,0.4
05055,2019,30.159,28.136,1,29069,1,1,2,1,0.4
05055,2020,30.159,28.136,1,29069,1,1,2,1,0.4
05055,2021,30.159,28.136,1,29069,1,1,2,1,0.4
05055,2022,30.159,28.136,1,29069,1,1,2,1,0.4
05055,2023,30.159,28.136,1,29069,1,1,2,1,0.4
05057,2008,31.906,31.906,0,05091,1,0,1,1,0.1667
05057,2009,31.906,31.906,0,05091,1,0,1,1,0.1667
05057,2010,31.906,31.906,0,05091,1,0,1,1,0.1667
05057,2011,31.906,31.906,0,05091,1,0,1,1,0.1667
05057,2012,31.906,31.906,0,05091,1,0,1,1,0.1667
05057,2013,31.906,31.906,0,05091,1,0,1,1,0.1667
05057,2014,31.906,31.906,0,05091,1,0,1,1,0.1667
05057,2015,31.906,31.906,0,05091,1,0,1,1,0.1667
05057,2016,31.906,31.906,0,05091,2,0,2,1,0.3333
05057,2017,31.906,31.906,0,05091,2,0,2,1,0.3333
05057,2018,31.906,31.906,0,05091,2,0,2,1,0.3333
05057,2019,31.906,31.906,0,05091,2,0,2,1,0.3333
05057,2020,31.906,31.906,0,05091,2,0,2,1,0.3333
05057,2021,31.906,31.906,0,05091,2,0,2,1,0.3333
05057,2022,31.906,31.906,0,05091,2,0,2,1,0.3333
05057,2023,31.906,31.906,0,05091,2,0,2,1,0.3333
05059,2008,21.157,21.157,0,05051,3,0,3,1,0.5
05059,2009,21.157,21.157,0,05051,3,0,3,1,0.5
05059,2010,21.157,21.157,0,05051,3,0,3,1,0.5
05059,2011,21.157,21.157,0,05051,3,0,3,1,0.5
05059,2012,21.157,21.157,0,05051,3,0,3,1,0.5
05059,2013,21.157,21.157,0,05051,3,0,3,1,0.5
05059,2014,21.157,21.157,0,05051,4,0,4,1,0.6667
05059,2015,21.157,21.157,0,05051,4,0,4,1,0.6667
05059,2016,21.157,21.157,0,05051,4,0,4,1,0.6667
05059,2017,21.157,21.157,0,05051,4,0,4,1,0.6667
05059,2018,21.157,21.157,0,05051,4,0,4,1,0.6667
05059,2019,21.157,21.157,0,05051,4,0,4,1,0.6667
05059,2020,21.157,21.157,0,05051,4,0,4,1,0.6667
05059,2021,21.157,21.157,0,05051,4,0,4,1,0.6667
05059,2022,21.157,21.157,0,05051,4,0,4,1,0.6667
05059,2023,21.157,21.157,0,05051,4,0,4,1,0.6667
05061,2008,47.043,44.478,1,40089,0,0,0,0,0.0
05061,2009,47.043,44.478,1,40089,0,0,0,0,0.0
05061,2010,47.043,44.478,1,40089,0,0,0,0,0.0
05061,2011,47.043,44.478,1,40089,0,0,0,0,0.0
05061,2012,47.043,44.478,1,40089,0,0,0,0,0.0
05061,2013,47.043,44.478,1,40089,0,0,0,0,0.0
05061,2014,47.043,44.478,1,40089,0,0,0,0,0.0
05061,2015,47.043,44.478,1,40089,0,0,0,0,0.0
05061,2016,30.238,30.238,0,05081,1,0,1,1,0.1667
05061,2017,30.238,30.238,0,05081,1,0,1,1,0.1667
05061,2018,30.238,30.238,0,05081,1,0,1,1,0.1667
05061,2019,30.238,30.238,0,05081,1,0,1,1,0.1667
05061,2020,15.761,15.761,0,05133,2,0,2,1,0.3333
05061,2021,15.761,15.761,0,05133,2,0,2,1,0.3333
05061,2022,15.761,15.761,0,05133,3,0,3,1,0.5
05061,2023,15.761,15.761,0,05133,3,0,3,1,0.5
05063,2008,22.264,22.264,0,05067,1,0,1,1,0.1429
05063,2009,22.264,22.264,0,05067,1,0,1,1,0.1429
05063,2010,22.264,22.264,0,05067,1,0,1,1,0.1429
05063,2011,22.264,22.264,0,05067,1,0,1,1,0.1429
05063,2012,22.264,22.264,0,05067,2,0,2,1,0.2857
05063,2013,22.264,22.264,0,05067,2,0,2,1,0.2857
05063,2014,22.264,22.264,0,05067,2,0,2,1,0.2857
05063,2015,22.264,22.264,0,05067,2,0,2,1,0.2857
05063,2016,22.264,22.264,0,05067,2,0,2,1,0.2857
05063,2017,22.264,22.264,0,05067,2,0,2,1,0.2857
05063,2018,22.264,22.264,0,05067,2,0,2,1,0.2857
05063,2019,22.264,22.264,0,05067,2,0,2,1,0.2857
05063,2020,22.264,22.264,0,05067,2,0,2,1,0.2857
05063,2021,22.264,22.264,0,05067,2,0,2,1,0.2857
05063,2022,22.264,22.264,0,05067,2,0,2,1,0.2857
05063,2023,22.264,22.264,0,05067,2,0,2,1,0.2857
05065,2008,27.14,27.14,0,05005,1,0,1,1,0.2
05065,2009,27.14,27.14,0,05005,1,0,1,1,0.2
05065,2010,27.14,27.14,0,05005,1,0,1,1,0.2
05065,2011,27.14,27.14,0,05005,1,0,1,1,0.2
05065,2012,24.539,24.539,0,05135,2,0,2,1,0.4
05065,2013,24.539,24.539,0,05135,2,0,2,1,0.4
05065,2014,24.539,24.539,0,05135,2,0,2,1,0.4
05065,2015,24.539,24.539,0,05135,2,0,2,1,0.4
05065,2016,24.539,24.539,0,05135,2,0,2,1,0.4
05065,2017,24.539,24.539,0,05135,2,0,2,1,0.4
05065,2018,24.539,24.539,0,05135,2,0,2,1,0.4
05065,2019,24.539,24.539,0,05135,2,0,2,1,0.4
05065,2020,24.539,24.539,0,05135,2,0,2,1,0.4
05065,2021,24.539,24.539,0,05135,2,0,2,1,0.4
05065,2022,24.539,24.539,0,05135,2,0,2,1,0.4
05065,2023,24.539,24.539,0,05135,2,0,2,1,0.4
05067,2008,28.36,28.36,0,05147,3,0,3,1,0.4286
05067,2009,28.36,28.36,0,05147,3,0,3,1,0.4286
05067,2010,28.36,28.36,0,05147,3,0,3,1,0.4286
05067,2011,28.36,28.36,0,05147,3,0,3,1,0.4286
05067,2012,28.36,28.36,0,05147,3,0,3,1,0.4286
05067,2013,28.36,28.36,0,05147,3,0,3,1,0.4286
05067,2014,28.36,28.36,0,05147,3,0,3,1,0.4286
05067,2015,28.36,28.36,0,05147,3,0,3,1,0.4286
05067,2016,28.36,28.36,0,05147,3,0,3,1,0.4286
05067,2017,28.36,28.36,0,05147,3,0,3,1,0.4286
05067,2018,28.36,28.36,0,05147,3,0,3,1,0.4286
05067,2019,28.36,28.36,0,05147,3,0,3,1,0.4286
05067,2020,28.36,28.36,0,05147,3,0,3,1,0.4286
05067,2021,28.36,28.36,0,05147,3,0,3,1,0.4286
05067,2022,28.36,28.36,0,05147,3,0,3,1,0.4286
05067,2023,28.36,28.36,0,05147,3,0,3,1,0.4286
05069,2008,29.626,29.626,0,05025,3,0,3,1,0.5
05069,2009,29.626,29.626,0,05025,3,0,3,1,0.5
05069,2010,29.626,29.626,0,05025,3,0,3,1,0.5
05069,2011,29.626,29.626,0,05025,3,0,3,1,0.5
05069,2012,29.626,29.626,0,05025,3,0,3,1,0.5
05069,2013,29.626,29.626,0,05025,3,0,3,1,0.5
05069,2014,29.626,29.626,0,05025,3,0,3,1,0.5
05069,2015,29.626,29.626,0,05025,3,0,3,1,0.5
05069,2016,29.626,29.626,0,05025,3,0,3,1,0.5
05069,2017,29.626,29.626,0,05025,3,0,3,1,0.5
05069,2018,29.626,29.626,0,05025,3,0,3,1,0.5
05069,2019,29.626,29.626,0,05025,3,0,3,1,0.5
05069,2020,29.626,29.626,0,05025,3,0,3,1,0.5
05069,2021,29.626,29.626,0,05025,3,0,3,1,0.5
05069,2022,29.626,29.626,0,05025,3,0,3,1,0.5
05069,2023,29.626,29.626,0,05025,3,0,3,1,0.5
05071,2008,24.72,24.72,0,05047,2,0,2,1,0.4
05071,2009,24.72,24.72,0,05047,2,0,2,1,0.4
05071,2010,24.72,24.72,0,05047,2,0,2,1,0.4
05071,2011,24.72,24.72,0,05047,2,0,2,1,0.4
05071,2012,24.72,24.72,0,05047,2,0,2,1,0.4
05071,2013,24.72,24.72,0,05047,2,0,2,1,0.4
05071,2014,24.72,24.72,0,05047,2,0,2,1,0.4
05071,2015,24.72,24.72,0,05047,2,0,2,1,0.4
05071,2016,24.72,24.72,0,05047,2,0,2,1,0.4
05071,2017,24.72,24.72,0,05047,2,0,2,1,0.4
05071,2018,24.72,24.72,0,05047,2,0,2,1,0.4
05071,2019,24.72,24.72,0,05047,2,0,2,1,0.4
05071,2020,24.72,24.72,0,05047,2,0,2,1,0.4
05071,2021,24.72,24.72,0,05047,2,0,2,1,0.4
05071,2022,24.72,24.72,0,05047,2,0,2,1,0.4
05071,2023,24.72,24.72,0,05047,2,0,2,1,0.4
05073,2008,17.177,17.177,0,05091,1,2,3,1,0.5
05073,2009,17.177,17.177,0,05091,1,2,3,1,0.5
05073,2010,17.177,17.177,0,05091,1,2,3,1,0.5
05073,2011,17.177,17.177,0,05091,1,2,3,1,0.5
05073,2012,17.177,17.177,0,05091,1,2,3,1,0.5
05073,2013,17.177,17.177,0,05091,1,2,3,1,0.5
05073,2014,17.177,17.177,0,05091,2,2,4,1,0.6667
05073,2015,17.177,17.177,0,05091,2,2,4,1,0.6667
05073,2016,17.177,17.177,0,05091,2,2,4,1,0.6667
05073,2017,17.177,17.177,0,05091,2,2,4,1,0.6667
05073,2018,17.177,17.177,0,05091,2,2,4,1,0.6667
05073,2019,17.177,17.177,0,05091,2,2,4,1,0.6667
05073,2020,17.177,17.177,0,05091,2,2,4,1,0.6667
05073,2021,17.177,17.177,0,05091,2,2,4,1,0.6667
05073,2022,17.177,17.177,0,05091,2,2,4,1,0.6667
05073,2023,17.177,17.177,0,05091,2,2,4,1,0.6667
05075,2008,30.965,30.965,0,05055,2,0,2,1,0.3333
05075,2009,30.965,30.965,0,05055,2,0,2,1,0.3333
05075,2010,30.965,30.965,0,05055,2,0,2,1,0.3333
05075,2011,30.965,30.965,0,05055,2,0,2,1,0.3333
05075,2012,22.434,22.434,0,05135,3,0,3,1,0.5
05075,2013,22.434,22.434,0,05135,3,0,3,1,0.5
05075,2014,22.434,22.434,0,05135,3,0,3,1,0.5
05075,2015,22.434,22.434,0,05135,3,0,3,1,0.5
05075,2016,22.434,22.434,0,05135,3,0,3,1,0.5
05075,2017,22.434,22.434,0,05135,3,0,3,1,0.5
05075,2018,21.261,21.261,0,05121,4,0,4,1,0.6667
05075,2019,21.261,21.261,0,05121,4,0,4,1,0.6667
05075,2020,21.261,21.261,0,05121,4,0,4,1,0.6667
05075,2021,21.261,21.261,0,05121,4,0,4,1,0.6667
05075,2022,21.261,21.261,0,05121,4,0,4,1,0.6667
05075,2023,21.261,21.261,0,05121,4,0,4,1,0.6667
05077,2008,16.563,16.563,0,05123,4,0,4,1,1.0
05077,2009,16.563,16.563,0,05123,4,0,4,1,1.0
05077,2010,16.563,16.563,0,05123,4,0,4,1,1.0
05077,2011,16.563,16.563,0,05123,4,0,4,1,1.0
05077,2012,16.563,16.563,0,05123,4,0,4,1,1.0
05077,2013,16.563,16.563,0,05123,4,0,4,1,1.0
05077,2014,16.563,16.563,0,05123,4,0,4,1,1.0
05077,2015,16.563,16.563,0,05123,4,0,4,1,1.0
05077,2016,16.563,16.563,0,05123,4,0,4,1,1.0
05077,2017,16.563,16.563,0,05123,4,0,4,1,1.0
05077,2018,16.563,16.563,0,05123,4,0,4,1,1.0
05077,2019,16.563,16.563,0,05123,4,0,4,1,1.0
05077,2020,16.563,16.563,0,05123,4,0,4,1,1.0
05077,2021,16.563,16.563,0,05123,4,0,4,1,1.0
05077,2022,16.563,16.563,0,05123,4,0,4,1,1.0
05077,2023,16.563,16.563,0,05123,4,0,4,1,1.0
05079,2008,24.43,24.43,0,05069,5,0,5,1,1.0
05079,2009,24.43,24.43,0,05069,5,0,5,1,1.0
05079,2010,24.43,24.43,0,05069,5,0,5,1,1.0
05079,2011,24.43,24.43,0,05069,5,0,5,1,1.0
05079,2012,24.43,24.43,0,05069,5,0,5,1,1.0
05079,2013,24.43,24.43,0,05069,5,0,5,1,1.0
05079,2014,24.43,24.43,0,05069,5,0,5,1,1.0
05079,2015,24.43,24.43,0,05069,5,0,5,1,1.0
05079,2016,24.43,24.43,0,05069,5,0,5,1,1.0
05079,2017,24.43,24.43,0,05069,5,0,5,1,1.0
05079,2018,24.43,24.43,0,05069,5,0,5,1,1.0
05079,2019,24.43,24.43,0,05069,5,0,5,1,1.0
05079,2020,24.43,24.43,0,05069,5,0,5,1,1.0
05079,2021,24.43,24.43,0,05069,5,0,5,1,1.0
05079,2022,24.43,24.43,0,05069,5,0,5,1,1.0
05079,2023,24.43,24.43,0,05069,5,0,5,1,1.0
05081,2008,33.215,20.723,1,48037,1,2,3,1,0.5
05081,2009,33.215,20.723,1,48037,1,2,3,1,0.5
05081,2010,33.215,20.723,1,48037,1,2,3,1,0.5
05081,2011,33.215,20.723,1,48037,1,2,3,1,0.5
05081,2012,33.215,20.723,1,48037,1,2,3,1,0.5
05081,2013,33.215,20.723,1,48037,1,2,3,1,0.5
05081,2014,33.215,20.723,1,48037,1,2,3,1,0.5
05081,2015,33.215,20.723,1,48037,1,2,3,1,0.5
05081,2016,33.215,20.723,1,48037,1,2,3,1,0.5
05081,2017,33.215,20.723,1,48037,1,2,3,1,0.5
05081,2018,33.215,20.723,1,48037,1,2,3,1,0.5
05081,2019,33.215,20.723,1,48037,1,2,3,1,0.5
05081,2020,20.712,20.712,0,05133,2,2,4,1,0.6667
05081,2021,20.712,20.712,0,05133,2,2,4,1,0.6667
05081,2022,20.712,20.712,0,05133,2,2,4,1,0.6667
05081,2023,20.712,20.712,0,05133,2,2,4,1,0.6667
05083,2008,22.721,22.721,0,05047,1,0,1,1,0.1667
05083,2009,22.721,22.721,0,05047,1,0,1,1,0.1667
05083,2010,22.721,22.721,0,05047,1,0,1,1,0.1667
05083,2011,22.721,22.721,0,05047,1,0,1,1,0.1667
05083,2012,22.721,22.721,0,05047,1,0,1,1,0.1667
05083,2013,22.721,22.721,0,05047,1,0,1,1,0.1667
05083,2014,22.721,22.721,0,05047,1,0,1,1,0.1667
05083,2015,22.721,22.721,0,05047,1,0,1,1,0.1667
05083,2016,22.721,22.721,0,05047,1,0,1,1,0.1667
05083,2017,22.721,22.721,0,05047,1,0,1,1,0.1667
05083,2018,22.721,22.721,0,05047,1,0,1,1,0.1667
05083,2019,22.721,22.721,0,05047,1,0,1,1,0.1667
05083,2020,22.721,22.721,0,05047,1,0,1,1,0.1667
05083,2021,22.721,22.721,0,05047,1,0,1,1,0.1667
05083,2022,22.721,22.721,0,05047,1,0,1,1,0.1667
05083,2023,22.721,22.721,0,05047,1,0,1,1,0.1667
05085,2008,19.844,19.844,0,05117,4,0,4,1,0.6667
05085,2009,19.844,19.844,0,05117,4,0,4,1,0.6667
05085,2010,19.844,19.844,0,05117,4,0,4,1,0.6667
05085,2011,19.844,19.844,0,05117,4,0,4,1,0.6667
05085,2012,19.844,19.844,0,05117,4,0,4,1,0.6667
05085,2013,19.844,19.844,0,05117,4,0,4,1,0.6667
05085,2014,19.844,19.844,0,05117,4,0,4,1,0.6667
05085,2015,19.844,19.844,0,05117,4,0,4,1,0.6667
05085,2016,19.844,19.844,0,05117,4,0,4,1,0.6667
05085,2017,19.844,19.844,0,05117,4,0,4,1,0.6667
05085,2018,19.844,19.844,0,05117,4,0,4,1,0.6667
05085,2019,19.844,19.844,0,05117,4,0,4,1,0.6667
05085,2020,19.844,19.844,0,05117,4,0,4,1,0.6667
05085,2021,19.844,19.844,0,05117,4,0,4,1,0.6667
05085,2022,19.844,19.844,0,05117,4,0,4,1,0.6667
05085,2023,19.844,19.844,0,05117,4,0,4,1,0.6667
05087,2008,25.258,25.258,0,05015,3,0,3,1,0.4286
05087,2009,25.258,25.258,0,05015,3,0,3,1,0.4286
05087,2010,25.258,25.258,0,05015,3,0,3,1,0.4286
05087,2011,25.258,25.258,0,05015,3,0,3,1,0.4286
05087,2012,25.258,25.258,0,05015,4,0,4,1,0.5714
05087,2013,25.258,25.258,0,05015,4,0,4,1,0.5714
05087,2014,25.258,25.258,0,05015,4,0,4,1,0.5714
05087,2015,25.258,25.258,0,05015,4,0,4,1,0.5714
05087,2016,25.258,25.258,0,05015,4,0,4,1,0.5714
05087,2017,25.258,25.258,0,05015,4,0,4,1,0.5714
05087,2018,25.258,25.258,0,05015,4,0,4,1,0.5714
05087,2019,25.258,25.258,0,05015,4,0,4,1,0.5714
05087,2020,25.258,25.258,0,05015,4,0,4,1,0.5714
05087,2021,25.258,25.258,0,05015,4,0,4,1,0.5714
05087,2022,25.258,25.258,0,05015,4,0,4,1,0.5714
05087,2023,25.258,25.258,0,05015,4,0,4,1,0.5714
05089,2008,19.34,19.34,0,05005,2,2,4,1,0.8
05089,2009,19.34,19.34,0,05005,2,2,4,1,0.8
05089,2010,19.34,19.34,0,05005,2,2,4,1,0.8
05089,2011,19.34,19.34,0,05005,2,2,4,1,0.8
05089,2012,19.34,19.34,0,05005,2,2,4,1,0.8
05089,2013,19.34,19.34,0,05005,2,2,4,1,0.8
05089,2014,19.34,19.34,0,05005,2,2,4,1,0.8
05089,2015,19.34,19.34,0,05005,2,2,4,1,0.8
05089,2016,19.34,19.34,0,05005,2,2,4,1,0.8
05089,2017,19.34,19.34,0,05005,2,2,4,1,0.8
05089,2018,19.34,19.34,0,05005,2,2,4,1,0.8
05089,2019,19.34,19.34,0,05005,2,2,4,1,0.8
05089,2020,19.34,19.34,0,05005,2,2,4,1,0.8
05089,2021,19.34,19.34,0,05005,2,2,4,1,0.8
05089,2022,19.34,19.34,0,05005,2,2,4,1,0.8
05089,2023,19.34,19.34,0,05005,2,2,4,1,0.8
05091,2008,61.465,30.694,1,48067,0,4,4,1,0.5714
05091,2009,61.465,30.694,1,48067,0,4,4,1,0.5714
05091,2010,61.465,30.694,1,48067,0,4,4,1,0.5714
05091,2011,61.465,30.694,1,48067,0,4,4,1,0.5714
05091,2012,61.465,30.694,1,48067,0,4,4,1,0.5714
05091,2013,61.465,30.694,1,48067,0,4,4,1,0.5714
05091,2014,38.946,30.694,1,48067,0,4,4,1,0.5714
05091,2015,38.946,30.694,1,48067,0,4,4,1,0.5714
05091,2016,33.215,30.694,1,48067,1,4,5,1,0.7143
05091,2017,33.215,30.694,1,48067,1,4,5,1,0.7143
05091,2018,33.215,30.694,1,48067,1,4,5,1,0.7143
05091,2019,33.215,30.694,1,48067,1,4,5,1,0.7143
05091,2020,33.215,30.694,1,48067,1,4,5,1,0.7143
05091,2021,33.215,30.694,1,48067,1,4,5,1,0.7143
05091,2022,33.215,30.694,1,48067,1,4,5,1,0.7143
05091,2023,33.215,30.694,1,48067,1,4,5,1,0.7143
05093,2008,36.602,34.128,1,29155,2,2,4,1,0.8
05093,2009,36.602,34.128,1,29155,2,2,4,1,0.8
05093,2010,36.602,34.128,1,29155,2,2,4,1,0.8
05093,2011,36.602,34.128,1,29155,2,2,4,1,0.8
05093,2012,36.602,34.128,1,29155,2,2,4,1,0.8
05093,2013,36.602,34.128,1,29155,2,2,4,1,0.8
05093,2014,36.602,34.128,1,29155,2,2,4,1,0.8
05093,2015,36.602,34.128,1,29155,2,2,4,1,0.8
05093,2016,36.602,34.128,1,29155,2,2,4,1,0.8
05093,2017,36.602,34.128,1,29155,2,2,4,1,0.8
05093,2018,36.602,34.128,1,29155,2,2,4,1,0.8
05093,2019,36.602,34.128,1,29155,2,2,4,1,0.8
05093,2020,36.602,34.128,1,29155,2,2,4,1,0.8
05093,2021,36.602,34.128,1,29155,2,2,4,1,0.8
05093,2022,36.602,34.128,1,29155,2,2,4,1,0.8
05093,2023,36.602,34.128,1,29155,2,2,4,1,0.8
05095,2008,22.436,22.436,0,05117,6,0,6,1,1.0
05095,2009,22.436,22.436,0,05117,6,0,6,1,1.0
05095,2010,22.436,22.436,0,05117,6,0,6,1,1.0
05095,2011,22.436,22.436,0,05117,6,0,6,1,1.0
05095,2012,22.436,22.436,0,05117,6,0,6,1,1.0
05095,2013,22.436,22.436,0,05117,6,0,6,1,1.0
05095,2014,22.436,22.436,0,05117,6,0,6,1,1.0
05095,2015,22.436,22.436,0,05117,6,0,6,1,1.0
05095,2016,22.436,22.436,0,05117,6,0,6,1,1.0
05095,2017,22.436,22.436,0,05117,6,0,6,1,1.0
05095,2018,22.436,22.436,0,05117,6,0,6,1,1.0
05095,2019,22.436,22.436,0,05117,6,0,6,1,1.0
05095,2020,22.436,22.436,0,05117,6,0,6,1,1.0
05095,2021,22.436,22.436,0,05117,6,0,6,1,1.0
05095,2022,22.436,22.436,0,05117,6,0,6,1,1.0
05095,2023,22.436,22.436,0,05117,6,0,6,1,1.0
05097,2008,29.269,29.269,0,05051,2,0,2,1,0.25
05097,2009,29.269,29.269,0,05051,2,0,2,1,0.25
05097,2010,29.269,29.269,0,05051,2,0,2,1,0.25
05097,2011,29.269,29.269,0,05051,2,0,2,1,0.25
05097,2012,29.269,29.269,0,05051,2,0,2,1,0.25
05097,2013,29.269,29.269,0,05051,2,0,2,1,0.25
05097,2014,29.269,29.269,0,05051,2,0,2,1,0.25
05097,2015,29.269,29.269,0,05051,2,0,2,1,0.25
05097,2016,29.269,29.269,0,05051,2,0,2,1,0.25
05097,2017,29.269,29.269,0,05051,2,0,2,1,0.25
05097,2018,29.269,29.269,0,05051,2,0,2,1,0.25
05097,2019,29.269,29.269,0,05051,2,0,2,1,0.25
05097,2020,29.269,29.269,0,05051,2,0,2,1,0.25
05097,2021,29.269,29.269,0,05051,2,0,2,1,0.25
05097,2022,29.269,29.269,0,05051,4,0,4,1,0.5
05097,2023,29.269,29.269,0,05051,4,0,4,1,0.5
05099,2008,25.025,25.025,0,05103,2,0,2,1,0.3333
05099,2009,25.025,25.025,0,05103,2,0,2,1,0.3333
05099,2010,25.025,25.025,0,05103,2,0,2,1,0.3333
05099,2011,25.025,25.025,0,05103,2,0,2,1,0.3333
05099,2012,25.025,25.025,0,05103,2,0,2,1,0.3333
05099,2013,25.025,25.025,0,05103,2,0,2,1,0.3333
05099,2014,25.025,25.025,0,05103,3,0,3,1,0.5
05099,2015,25.025,25.025,0,05103,3,0,3,1,0.5
05099,2016,25.025,25.025,0,05103,3,0,3,1,0.5
05099,2017,25.025,25.025,0,05103,3,0,3,1,0.5
05099,2018,25.025,25.025,0,05103,3,0,3,1,0.5
05099,2019,25.025,25.025,0,05103,3,0,3,1,0.5
05099,2020,25.025,25.025,0,05103,3,0,3,1,0.5
05099,2021,25.025,25.025,0,05103,3,0,3,1,0.5
05099,2022,25.025,25.025,0,05103,3,0,3,1,0.5
05099,2023,25.025,25.025,0,05103,3,0,3,1,0.5
05101,2008,27.72,27.72,0,05009,3,0,3,1,0.5
05101,2009,27.72,27.72,0,05009,3,0,3,1,0.5
05101,2010,27.72,27.72,0,05009,3,0,3,1,0.5
05101,2011,27.72,27.72,0,05009,3,0,3,1,0.5
05101,2012,27.72,27.72,0,05009,3,0,3,1,0.5
05101,2013,27.72,27.72,0,05009,3,0,3,1,0.5
05101,2014,27.72,27.72,0,05009,3,0,3,1,0.5
05101,2015,27.72,27.72,0,05009,3,0,3,1,0.5
05101,2016,27.72,27.72,0,05009,3,0,3,1,0.5
05101,2017,27.72,27.72,0,05009,3,0,3,1,0.5
05101,2018,27.72,27.72,0,05009,3,0,3,1,0.5
05101,2019,27.72,27.72,0,05009,3,0,3,1,0.5
05101,2020,27.72,27.72,0,05009,3,0,3,1,0.5
05101,2021,27.72,27.72,0,05009,3,0,3,1,0.5
05101,2022,27.72,27.72,0,05009,3,0,3,1,0.5
05101,2023,27.72,27.72,0,05009,3,0,3,1,0.5
05103,2008,21.899,21.899,0,05013,4,0,4,1,0.6667
05103,2009,21.899,21.899,0,05013,4,0,4,1,0.6667
05103,2010,21.899,21.899,0,05013,4,0,4,1,0.6667
05103,2011,21.899,21.899,0,05013,4,0,4,1,0.6667
05103,2012,21.899,21.899,0,05013,4,0,4,1,0.6667
05103,2013,21.899,21.899,0,05013,4,0,4,1,0.6667
05103,2014,21.899,21.899,0,05013,5,0,5,1,0.8333
05103,2015,21.899,21.899,0,05013,5,0,5,1,0.8333
05103,2016,21.899,21.899,0,05013,5,0,5,1,0.8333
05103,2017,21.899,21.899,0,05013,5,0,5,1,0.8333
05103,2018,21.899,21.899,0,05013,5,0,5,1,0.8333
05103,2019,21.899,21.899,0,05013,5,0,5,1,0.8333
05103,2020,21.899,21.899,0,05013,5,0,5,1,0.8333
05103,2021,21.899,21.899,0,05013,5,0,5,1,0.8333
05103,2022,21.899,21.899,0,05013,5,0,5,1,0.8333
05103,2023,21.899,21.899,0,05013,5,0,5,1,0.8333
05105,2008,25.751,25.751,0,05029,3,0,3,1,0.5
05105,2009,25.751,25.751,0,05029,3,0,3,1,0.5
05105,2010,25.751,25.751,0,05029,3,0,3,1,0.5
05105,2011,25.751,25.751,0,05029,3,0,3,1,0.5
05105,2012,25.751,25.751,0,05029,3,0,3,1,0.5
05105,2013,25.751,25.751,0,05029,3,0,3,1,0.5
05105,2014,25.344,25.344,0,05125,4,0,4,1,0.6667
05105,2015,25.344,25.344,0,05125,4,0,4,1,0.6667
05105,2016,25.344,25.344,0,05125,4,0,4,1,0.6667
05105,2017,25.344,25.344,0,05125,4,0,4,1,0.6667
05105,2018,25.344,25.344,0,05125,4,0,4,1,0.6667
05105,2019,25.344,25.344,0,05125,4,0,4,1,0.6667
05105,2020,25.344,25.344,0,05125,4,0,4,1,0.6667
05105,2021,25.344,25.344,0,05125,4,0,4,1,0.6667
05105,2022,25.344,25.344,0,05125,4,0,4,1,0.6667
05105,2023,25.344,25.344,0,05125,4,0,4,1,0.6667
05107,2008,24.39,19.758,1,28027,4,1,5,1,1.0
05107,2009,24.39,19.758,1,28027,4,1,5,1,1.0
05107,2010,24.39,19.758,1,28027,4,1,5,1,1.0
05107,2011,24.39,19.758,1,28027,4,1,5,1,1.0
05107,2012,24.39,19.758,1,28027,4,1,5,1,1.0
05107,2013,24.39,19.758,1,28027,4,1,5,1,1.0
05107,2014,24.39,19.758,1,28027,4,1,5,1,1.0
05107,2015,24.39,19.758,1,28027,4,1,5,1,1.0
05107,2016,24.39,19.758,1,28027,4,1,5,1,1.0
05107,2017,24.39,19.758,1,28027,4,1,5,1,1.0
05107,2018,24.39,19.758,1,28027,4,1,5,1,1.0
05107,2019,24.39,19.758,1,28027,4,1,5,1,1.0
05107,2020,24.39,19.758,1,28027,4,1,5,1,1.0
05107,2021,24.39,19.758,1,28027,4,1,5,1,1.0
05107,2022,24.39,19.758,1,28027,4,1,5,1,1.0
05107,2023,24.39,19.758,1,28027,4,1,5,1,1.0
05109,2008,28.73,28.73,0,05019,1,0,1,1,0.1667
05109,2009,28.73,28.73,0,05019,1,0,1,1,0.1667
05109,2010,28.73,28.73,0,05019,1,0,1,1,0.1667
05109,2011,28.73,28.73,0,05019,1,0,1,1,0.1667
05109,2012,28.73,28.73,0,05019,1,0,1,1,0.1667
05109,2013,28.73,28.73,0,05019,1,0,1,1,0.1667
05109,2014,28.73,28.73,0,05019,1,0,1,1,0.1667
05109,2015,28.73,28.73,0,05019,1,0,1,1,0.1667
05109,2016,28.73,28.73,0,05019,1,0,1,1,0.1667
05109,2017,28.73,28.73,0,05019,1,0,1,1,0.1667
05109,2018,28.73,28.73,0,05019,1,0,1,1,0.1667
05109,2019,28.73,28.73,0,05019,1,0,1,1,0.1667
05109,2020,28.73,28.73,0,05019,1,0,1,1,0.1667
05109,2021,28.73,28.73,0,05019,1,0,1,1,0.1667
05109,2022,28.73,28.73,0,05019,2,0,2,1,0.3333
05109,2023,28.73,28.73,0,05019,2,0,2,1,0.3333
05111,2008,20.196,20.196,0,05037,4,0,4,1,0.8
05111,2009,20.196,20.196,0,05037,4,0,4,1,0.8
05111,2010,20.196,20.196,0,05037,4,0,4,1,0.8
05111,2011,20.196,20.196,0,05037,4,0,4,1,0.8
05111,2012,20.196,20.196,0,05037,4,0,4,1,0.8
05111,2013,20.196,20.196,0,05037,4,0,4,1,0.8
05111,2014,20.196,20.196,0,05037,4,0,4,1,0.8
05111,2015,20.196,20.196,0,05037,4,0,4,1,0.8
05111,2016,20.196,20.196,0,05037,4,0,4,1,0.8
05111,2017,20.196,20.196,0,05037,4,0,4,1,0.8
05111,2018,20.196,20.196,0,05037,4,0,4,1,0.8
05111,2019,20.196,20.196,0,05037,4,0,4,1,0.8
05111,2020,20.196,20.196,0,05037,4,0,4,1,0.8
05111,2021,20.196,20.196,0,05037,4,0,4,1,0.8
05111,2022,20.196,20.196,0,05037,4,0,4,1,0.8
05111,2023,20.196,20.196,0,05037,4,0,4,1,0.8
05113,2008,61.765,39.448,1,40079,0,2,2,1,0.2857
05113,2009,61.765,39.448,1,40079,0,2,2,1,0.2857
05113,2010,61.765,39.448,1,40079,0,2,2,1,0.2857
05113,2011,61.765,39.448,1,40079,0,2,2,1,0.2857
05113,2012,61.765,39.448,1,40079,0,2,2,1,0.2857
05113,2013,61.765,39.448,1,40079,0,2,2,1,0.2857
05113,2014,61.765,39.448,1,40079,0,2,2,1,0.2857
05113,2015,61.765,39.448,1,40079,0,2,2,1,0.2857
05113,2016,54.287,39.448,1,40079,0,2,2,1,0.2857
05113,2017,54.287,39.448,1,40079,0,2,2,1,0.2857
05113,2018,54.287,39.448,1,40079,0,2,2,1,0.2857
05113,2019,54.287,39.448,1,40079,0,2,2,1,0.2857
05113,2020,33.611,33.611,0,05133,1,2,3,1,0.4286
05113,2021,33.611,33.611,0,05133,1,2,3,1,0.4286
05113,2022,33.611,33.611,0,05133,1,2,3,1,0.4286
05113,2023,33.611,33.611,0,05133,1,2,3,1,0.4286
05115,2008,22.517,22.517,0,05029,1,0,1,1,0.1429
05115,2009,22.517,22.517,0,05029,1,0,1,1,0.1429
05115,2010,22.517,22.517,0,05029,1,0,1,1,0.1429
05115,2011,22.517,22.517,0,05029,1,0,1,1,0.1429
05115,2012,22.517,22.517,0,05029,1,0,1,1,0.1429
05115,2013,22.517,22.517,0,05029,1,0,1,1,0.1429
05115,2014,22.517,22.517,0,05029,1,0,1,1,0.1429
05115,2015,22.517,22.517,0,05029,1,0,1,1,0.1429
05115,2016,22.517,22.517,0,05029,1,0,1,1,0.1429
05115,2017,22.517,22.517,0,05029,1,0,1,1,0.1429
05115,2018,22.517,22.517,0,05029,1,0,1,1,0.1429
05115,2019,22.517,22.517,0,05029,1,0,1,1,0.1429
05115,2020,22.517,22.517,0,05029,2,0,2,1,0.2857
05115,2021,22.517,22.517,0,05029,2,0,2,1,0.2857
05115,2022,22.517,22.517,0,05029,2,0,2,1,0.2857
05115,2023,22.517,22.517,0,05029,2,0,2,1,0.2857
05117,2008,22.436,22.436,0,05095,3,0,3,1,0.6
05117,2009,22.436,22.436,0,05095,3,0,3,1,0.6
05117,2010,22.436,22.436,0,05095,3,0,3,1,0.6
05117,2011,22.436,22.436,0,05095,3,0,3,1,0.6
05117,2012,22.436,22.436,0,05095,3,0,3,1,0.6
05117,2013,22.436,22.436,0,05095,3,0,3,1,0.6
05117,2014,22.436,22.436,0,05095,3,0,3,1,0.6
05117,2015,22.436,22.436,0,05095,3,0,3,1,0.6
05117,2016,22.436,22.436,0,05095,3,0,3,1,0.6
05117,2017,22.436,22.436,0,05095,3,0,3,1,0.6
05117,2018,22.436,22.436,0,05095,3,0,3,1,0.6
05117,2019,22.436,22.436,0,05095,3,0,3,1,0.6
05117,2020,22.436,22.436,0,05095,3,0,3,1,0.6
05117,2021,22.436,22.436,0,05095,3,0,3,1,0.6
05117,2022,22.436,22.436,0,05095,3,0,3,1,0.6
05117,2023,22.436,22.436,0,05095,3,0,3,1,0.6
05119,2008,40.369,40.369,0,05029,1,0,1,1,0.1667
05119,2009,40.369,40.369,0,05029,1,0,1,1,0.1667
05119,2010,40.369,40.369,0,05029,1,0,1,1,0.1667
05119,2011,40.369,40.369,0,05029,1,0,1,1,0.1667
05119,2012,40.369,40.369,0,05029,1,0,1,1,0.1667
05119,2013,40.369,40.369,0,05029,1,0,1,1,0.1667
05119,2014,22.213,22.213,0,05125,2,0,2,1,0.3333
05119,2015,22.213,22.213,0,05125,2,0,2,1,0.3333
05119,2016,22.213,22.213,0,05125,2,0,2,1,0.3333
05119,2017,22.213,22.213,0,05125,2,0,2,1,0.3333
05119,2018,22.213,22.213,0,05125,2,0,2,1,0.3333
05119,2019,22.213,22.213,0,05125,2,0,2,1,0.3333
05119,2020,22.213,22.213,0,05125,2,0,2,1,0.3333
05119,2021,22.213,22.213,0,05125,2,0,2,1,0.3333
05119,2022,22.213,22.213,0,05125,2,0,2,1,0.3333
05119,2023,22.213,22.213,0,05125,2,0,2,1,0.3333
05121,2008,30.159,23.284,1,29181,1,2,3,1,0.5
05121,2009,30.159,23.284,1,29181,1,2,3,1,0.5
05121,2010,30.159,23.284,1,29181,1,2,3,1,0.5
05121,2011,30.159,23.284,1,29181,1,2,3,1,0.5
05121,2012,28.342,23.284,1,29181,2,2,4,1,0.6667
05121,2013,28.342,23.284,1,29181,2,2,4,1,0.6667
05121,2014,28.342,23.284,1,29181,2,2,4,1,0.6667
05121,2015,28.342,23.284,1,29181,2,2,4,1,0.6667
05121,2016,28.342,23.284,1,29181,2,2,4,1,0.6667
05121,2017,28.342,23.284,1,29181,2,2,4,1,0.6667
05121,2018,28.342,23.284,1,29181,2,2,4,1,0.6667
05121,2019,28.342,23.284,1,29181,2,2,4,1,0.6667
05121,2020,28.342,23.284,1,29181,2,2,4,1,0.6667
05121,2021,28.342,23.284,1,29181,2,2,4,1,0.6667
05121,2022,28.342,23.284,1,29181,2,2,4,1,0.6667
05121,2023,28.342,23.284,1,29181,2,2,4,1,0.6667
05123,2008,16.563,16.563,0,05077,5,0,5,1,1.0
05123,2009,16.563,16.563,0,05077,5,0,5,1,1.0
05123,2010,16.563,16.563,0,05077,5,0,5,1,1.0
05123,2011,16.563,16.563,0,05077,5,0,5,1,1.0
05123,2012,16.563,16.563,0,05077,5,0,5,1,1.0
05123,2013,16.563,16.563,0,05077,5,0,5,1,1.0
05123,2014,16.563,16.563,0,05077,5,0,5,1,1.0
05123,2015,16.563,16.563,0,05077,5,0,5,1,1.0
05123,2016,16.563,16.563,0,05077,5,0,5,1,1.0
05123,2017,16.563,16.563,0,05077,5,0,5,1,1.0
05123,2018,16.563,16.563,0,05077,5,0,5,1,1.0
05123,2019,16.563,16.563,0,05077,5,0,5,1,1.0
05123,2020,16.563,16.563,0,05077,5,0,5,1,1.0
05123,2021,16.563,16.563,0,05077,5,0,5,1,1.0
05123,2022,16.563,16.563,0,05077,5,0,5,1,1.0
05123,2023,16.563,16.563,0,05077,5,0,5,1,1.0
05125,2008,22.213,22.213,0,05119,2,0,2,1,0.4
05125,2009,22.213,22.213,0,05119,2,0,2,1,0.4
05125,2010,22.213,22.213,0,05119,2,0,2,1,0.4
05125,2011,22.213,22.213,0,05119,2,0,2,1,0.4
05125,2012,22.213,22.213,0,05119,2,0,2,1,0.4
05125,2013,22.213,22.213,0,05119,2,0,2,1,0.4
05125,2014,22.213,22.213,0,05119,2,0,2,1,0.4
05125,2015,22.213,22.213,0,05119,2,0,2,1,0.4
05125,2016,22.213,22.213,0,05119,2,0,2,1,0.4
05125,2017,22.213,22.213,0,05119,2,0,2,1,0.4
05125,2018,22.213,22.213,0,05119,2,0,2,1,0.4
05125,2019,22.213,22.213,0,05119,2,0,2,1,0.4
05125,2020,22.213,22.213,0,05119,2,0,2,1,0.4
05125,2021,22.213,22.213,0,05119,2,0,2,1,0.4
05125,2022,22.213,22.213,0,05119,3,0,3,1,0.6
05125,2023,22.213,22.213,0,05119,3,0,3,1,0.6
05127,2008,46.015,36.218,1,40079,0,1,1,1,0.1667
05127,2009,46.015,36.218,1,40079,0,1,1,1,0.1667
05127,2010,46.015,36.218,1,40079,0,1,1,1,0.1667
05127,2011,46.015,36.218,1,40079,0,1,1,1,0.1667
05127,2012,46.015,36.218,1,40079,0,1,1,1,0.1667
05127,2013,46.015,36.218,1,40079,0,1,1,1,0.1667
05127,2014,46.015,36.218,1,40079,0,1,1,1,0.1667
05127,2015,46.015,36.218,1,40079,0,1,1,1,0.1667
05127,2016,46.015,36.218,1,40079,0,1,1,1,0.1667
05127,2017,46.015,36.218,1,40079,0,1,1,1,0.1667
05127,2018,46.015,36.218,1,40079,0,1,1,1,0.1667
05127,2019,46.015,36.218,1,40079,0,1,1,1,0.1667
05127,2020,46.015,36.218,1,40079,0,1,1,1,0.1667
05127,2021,46.015,36.218,1,40079,0,1,1,1,0.1667
05127,2022,27.623,27.623,0,05113,1,1,2,1,0.3333
05127,2023,27.623,27.623,0,05113,1,1,2,1,0.3333
05129,2008,24.637,24.637,0,05089,3,0,3,1,0.4286
05129,2009,24.637,24.637,0,05089,3,0,3,1,0.4286
05129,2010,24.637,24.637,0,05089,3,0,3,1,0.4286
05129,2011,24.637,24.637,0,05089,3,0,3,1,0.4286
05129,2012,24.637,24.637,0,05089,3,0,3,1,0.4286
05129,2013,24.637,24.637,0,05089,3,0,3,1,0.4286
05129,2014,24.637,24.637,0,05089,3,0,3,1,0.4286
05129,2015,24.637,24.637,0,05089,3,0,3,1,0.4286
05129,2016,24.637,24.637,0,05089,3,0,3,1,0.4286
05129,2017,24.637,24.637,0,05089,3,0,3,1,0.4286
05129,2018,24.637,24.637,0,05089,3,0,3,1,0.4286
05129,2019,24.637,24.637,0,05089,3,0,3,1,0.4286
05129,2020,24.637,24.637,0,05089,4,0,4,1,0.5714
05129,2021,24.637,24.637,0,05089,4,0,4,1,0.5714
05129,2022,24.637,24.637,0,05089,4,0,4,1,0.5714
05129,2023,24.637,24.637,0,05089,4,0,4,1,0.5714
05131,2008,30.697,30.697,0,05047,1,2,3,1,0.5
05131,2009,30.697,30.697,0,05047,1,2,3,1,0.5
05131,2010,30.697,30.697,0,05047,1,2,3,1,0.5
05131,2011,30.697,30.697,0,05047,1,2,3,1,0.5
05131,2012,30.697,30.697,0,05047,1,2,3,1,0.5
05131,2013,30.697,30.697,0,05047,1,2,3,1,0.5
05131,2014,30.697,30.697,0,05047,1,2,3,1,0.5
05131,2015,30.697,30.697,0,05047,1,2,3,1,0.5
05131,2016,30.697,30.697,0,05047,1,2,3,1,0.5
05131,2017,30.697,30.697,0,05047,1,2,3,1,0.5
05131,2018,30.697,30.697,0,05047,1,2,3,1,0.5
05131,2019,30.697,30.697,0,05047,1,2,3,1,0.5
05131,2020,30.697,30.697,0,05047,1,2,3,1,0.5
05131,2021,30.697,30.697,0,05047,1,2,3,1,0.5
05131,2022,30.697,30.697,0,05047,1,2,3,1,0.5
05131,2023,30.697,30.697,0,05047,1,2,3,1,0.5
05133,2008,51.784,31.039,1,40089,0,1,1,1,0.25
05133,2009,51.784,31.039,1,40089,0,1,1,1,0.25
05133,2010,51.784,31.039,1,40089,0,1,1,1,0.25
05133,2011,51.784,31.039,1,40089,0,1,1,1,0.25
05133,2012,51.784,31.039,1,40089,0,1,1,1,0.25
05133,2013,51.784,31.039,1,40089,0,1,1,1,0.25
05133,2014,51.784,31.039,1,40089,0,1,1,1,0.25
05133,2015,51.784,31.039,1,40089,0,1,1,1,0.25
05133,2016,20.712,20.712,0,05081,1,1,2,1,0.5
05133,2017,20.712,20.712,0,05081,1,1,2,1,0.5
05133,2018,20.712,20.712,0,05081,1,1,2,1,0.5
05133,2019,20.712,20.712,0,05081,1,1,2,1,0.5
05133,2020,20.712,20.712,0,05081,1,1,2,1,0.5
05133,2021,20.712,20.712,0,05081,1,1,2,1,0.5
05133,2022,20.712,20.712,0,05081,2,1,3,1,0.75
05133,2023,20.712,20.712,0,05081,2,1,3,1,0.75
05135,2008,41.805,36.546,1,29149,0,1,1,1,0.1667
05135,2009,41.805,36.546,1,29149,0,1,1,1,0.1667
05135,2010,41.805,36.546,1,29149,0,1,1,1,0.1667
05135,2011,41.805,36.546,1,29149,0,1,1,1,0.1667
05135,2012,41.805,36.546,1,29149,0,1,1,1,0.1667
05135,2013,41.805,36.546,1,29149,0,1,1,1,0.1667
05135,2014,41.805,36.546,1,29149,0,1,1,1,0.1667
05135,2015,41.805,36.546,1,29149,0,1,1,1,0.1667
05135,2016,41.805,36.546,1,29149,0,1,1,1,0.1667
05135,2017,41.805,36.546,1,29149,0,1,1,1,0.1667
05135,2018,28.342,28.342,0,05121,1,1,2,1,0.3333
05135,2019,28.342,28.342,0,05121,1,1,2,1,0.3333
05135,2020,28.342,28.342,0,05121,1,1,2,1,0.3333
05135,2021,28.342,28.342,0,05121,1,1,2,1,0.3333
05135,2022,28.342,28.342,0,05121,1,1,2,1,0.3333
05135,2023,28.342,28.342,0,05121,1,1,2,1,0.3333
05137,2008,31.26,31.26,0,05005,1,0,1,1,0.1667
05137,2009,31.26,31.26,0,05005,1,0,1,1,0.1667
05137,2010,31.26,31.26,0,05005,1,0,1,1,0.1667
05137,2011,31.26,31.26,0,05005,1,0,1,1,0.1667
05137,2012,31.26,31.26,0,05005,1,0,1,1,0.1667
05137,2013,31.26,31.26,0,05005,1,0,1,1,0.1667
05137,2014,31.26,31.26,0,05005,1,0,1,1,0.1667
05137,2015,31.26,31.26,0,05005,1,0,1,1,0.1667
05137,2016,31.26,31.26,0,05005,1,0,1,1,0.1667
05137,2017,31.26,31.26,0,05005,1,0,1,1,0.1667
05137,2018,31.26,31.26,0,05005,1,0,1,1,0.1667
05137,2019,31.26,31.26,0,05005,1,0,1,1,0.1667
05137,2020,27.756,27.756,0,05141,2,0,2,1,0.3333
05137,2021,27.756,27.756,0,05141,2,0,2,1,0.3333
05137,2022,27.756,27.756,0,05141,2,0,2,1,0.3333
05137,2023,27.756,27.756,0,05141,2,0,2,1,0.3333
05139,2008,27.233,26.394,1,22111,2,3,5,1,0.625
05139,2009,27.233,26.394,1,22111,2,3,5,1,0.625
05139,2010,27.233,26.394,1,22111,2,3,5,1,0.625
05139,2011,27.233,26.394,1,22111,2,3,5,1,0.625
05139,2012,27.233,26.394,1,22111,2,3,5,1,0.625
05139,2013,27.233,26.394,1,22111,2,3,5,1,0.625
05139,2014,27.233,26.394,1,22111,3,3,6,1,0.75
05139,2015,27.233,26.394,1,22111,3,3,6,1,0.75
05139,2016,27.233,26.394,1,22111,3,3,6,1,0.75
05139,2017,27.233,26.394,1,22111,3,3,6,1,0.75
05139,2018,27.233,26.394,1,22111,3,3,6,1,0.75
05139,2019,27.233,26.394,1,22111,3,3,6,1,0.75
05139,2020,27.233,26.394,1,22111,3,3,6,1,0.75
05139,2021,27.233,26.394,1,22111,3,3,6,1,0.75
05139,2022,27.233,26.394,1,22111,3,3,6,1,0.75
05139,2023,27.233,26.394,1,22111,3,3,6,1,0.75
05141,2008,24.17,24.17,0,05029,1,0,1,1,0.1667
05141,2009,24.17,24.17,0,05029,1,0,1,1,0.1667
05141,2010,24.17,24.17,0,05029,1,0,1,1,0.1667
05141,2011,24.17,24.17,0,05029,1,0,1,1,0.1667
05141,2012,24.17,24.17,0,05029,1,0,1,1,0.1667
05141,2013,24.17,24.17,0,05029,1,0,1,1,0.1667
05141,2014,24.17,24.17,0,05029,1,0,1,1,0.1667
05141,2015,24.17,24.17,0,05029,1,0,1,1,0.1667
05141,2016,24.17,24.17,0,05029,1,0,1,1,0.1667
05141,2017,24.17,24.17,0,05029,1,0,1,1,0.1667
05141,2018,24.17,24.17,0,05029,1,0,1,1,0.1667
05141,2019,24.17,24.17,0,05029,1,0,1,1,0.1667
05141,2020,24.17,24.17,0,05029,1,0,1,1,0.1667
05141,2021,24.17,24.17,0,05029,1,0,1,1,0.1667
05141,2022,24.17,24.17,0,05029,1,0,1,1,0.1667
05141,2023,24.17,24.17,0,05029,1,0,1,1,0.1667
05143,2008,27.571,25.439,1,40001,1,1,2,1,0.5
05143,2009,27.571,25.439,1,40001,1,1,2,1,0.5
05143,2010,27.571,25.439,1,40001,1,1,2,1,0.5
05143,2011,27.571,25.439,1,40001,1,1,2,1,0.5
05143,2012,25.029,25.029,0,05007,2,1,3,1,0.75
05143,2013,25.029,25.029,0,05007,2,1,3,1,0.75
05143,2014,25.029,25.029,0,05007,2,1,3,1,0.75
05143,2015,25.029,25.029,0,05007,2,1,3,1,0.75
05143,2016,25.029,25.029,0,05007,2,1,3,1,0.75
05143,2017,25.029,25.029,0,05007,2,1,3,1,0.75
05143,2018,25.029,25.029,0,05007,2,1,3,1,0.75
05143,2019,25.029,25.029,0,05007,2,1,3,1,0.75
05143,2020,25.029,25.029,0,05007,2,1,3,1,0.75
05143,2021,25.029,25.029,0,05007,2,1,3,1,0.75
05143,2022,25.029,25.029,0,05007,2,1,3,1,0.75
05143,2023,25.029,25.029,0,05007,2,1,3,1,0.75
05145,2008,28.907,28.907,0,05147,3,0,3,1,0.4286
05145,2009,28.907,28.907,0,05147,3,0,3,1,0.4286
05145,2010,28.907,28.907,0,05147,3,0,3,1,0.4286
05145,2011,28.907,28.907,0,05147,3,0,3,1,0.4286
05145,2012,28.907,28.907,0,05147,3,0,3,1,0.4286
05145,2013,28.907,28.907,0,05147,3,0,3,1,0.4286
05145,2014,28.907,28.907,0,05147,3,0,3,1,0.4286
05145,2015,28.907,28.907,0,05147,3,0,3,1,0.4286
05145,2016,28.907,28.907,0,05147,3,0,3,1,0.4286
05145,2017,28.907,28.907,0,05147,3,0,3,1,0.4286
05145,2018,28.907,28.907,0,05147,3,0,3,1,0.4286
05145,2019,28.907,28.907,0,05147,3,0,3,1,0.4286
05145,2020,28.907,28.907,0,05147,3,0,3,1,0.4286
05145,2021,28.907,28.907,0,05147,3,0,3,1,0.4286
05145,2022,28.907,28.907,0,05147,3,0,3,1,0.4286
05145,2023,28.907,28.907,0,05147,3,0,3,1,0.4286
05147,2008,27.458,27.458,0,05037,5,0,5,1,0.8333
05147,2009,27.458,27.458,0,05037,5,0,5,1,0.8333
05147,2010,27.458,27.458,0,05037,5,0,5,1,0.8333
05147,2011,27.458,27.458,0,05037,5,0,5,1,0.8333
05147,2012,27.458,27.458,0,05037,5,0,5,1,0.8333
05147,2013,27.458,27.458,0,05037,5,0,5,1,0.8333
05147,2014,27.458,27.458,0,05037,5,0,5,1,0.8333
05147,2015,27.458,27.458,0,05037,5,0,5,1,0.8333
05147,2016,27.458,27.458,0,05037,5,0,5,1,0.8333
05147,2017,27.458,27.458,0,05037,5,0,5,1,0.8333
05147,2018,27.458,27.458,0,05037,5,0,5,1,0.8333
05147,2019,27.458,27.458,0,05037,5,0,5,1,0.8333
05147,2020,27.458,27.458,0,05037,5,0,5,1,0.8333
05147,2021,27.458,27.458,0,05037,5,0,5,1,0.8333
05147,2022,27.458,27.458,0,05037,5,0,5,1,0.8333
05147,2023,27.458,27.458,0,05037,5,0,5,1,0.8333
05149,2008,32.922,32.922,0,05051,2,0,2,1,0.2857
05149,2009,32.922,32.922,0,05051,2,0,2,1,0.2857
05149,2010,32.922,32.922,0,05051,2,0,2,1,0.2857
05149,2011,32.922,32.922,0,05051,2,0,2,1,0.2857
05149,2012,32.922,32.922,0,05051,2,0,2,1,0.2857
05149,2013,32.922,32.922,0,05051,2,0,2,1,0.2857
05149,2014,32.922,32.922,0,05051,2,0,2,1,0.2857
05149,2015,32.922,32.922,0,05051,2,0,2,1,0.2857
05149,2016,32.922,32.922,0,05051,2,0,2,1,0.2857
05149,2017,32.922,32.922,0,05051,2,0,2,1,0.2857
05149,2018,32.922,32.922,0,05051,2,0,2,1,0.2857
05149,2019,32.922,32.922,0,05051,2,0,2,1,0.2857
05149,2020,32.922,32.922,0,05051,2,0,2,1,0.2857
05149,2021,32.922,32.922,0,05051,2,0,2,1,0.2857
05149,2022,32.922,32.922,0,05051,2,0,2,1,0.2857
05149,2023,32.922,32.922,0,05051,2,0,2,1,0.2857
