crash_fips,year,n_drivers,n_drink,sh_nonresident,sh_out_of_state,sh_home_dry,sh_nonresident_drink,sh_home_dry_drink
05001,2008,4,0,0.5,0.0,0.0,,
05001,2009,8,1,0.375,0.125,0.0,1.0,0.0
05001,2010,5,3,0.19999999999999996,0.0,0.0,0.33333333333333337,0.0
05001,2011,3,0,0.33333333333333337,0.0,0.0,,
05001,2012,4,0,0.5,0.0,0.25,,
05001,2013,3,0,0.33333333333333337,0.0,0.0,,
05001,2014,2,2,0.0,0.0,0.0,0.0,0.0
05001,2015,1,0,0.0,0.0,0.0,,
05001,2016,9,3,0.0,0.0,0.0,0.0,0.0
05001,2017,4,1,0.75,0.25,0.0,1.0,0.0
05001,2018,4,0,0.0,0.0,0.0,,
05001,2019,4,1,0.0,0.0,0.0,0.0,0.0
05001,2020,5,2,0.5,0.0,0.0,0.5,0.0
05001,2021,6,2,0.19999999999999996,0.0,0.0,0.5,0.0
05001,2022,6,1,0.5,0.0,0.0,0.0,0.0
05001,2023,4,1,0.75,0.0,0.25,0.0,0.0
05003,2008,5,3,0.19999999999999996,0.0,0.8,0.0,1.0
05003,2009,6,1,0.33333333333333337,0.3333333333333333,1.0,0.0,1.0
05003,2010,4,1,0.0,0.0,1.0,0.0,1.0
05003,2011,5,0,0.19999999999999996,0.0,0.8,,
05003,2012,7,4,0.1428571428571429,0.14285714285714285,1.0,0.0,1.0
05003,2013,4,1,0.5,0.0,0.75,0.0,1.0
05003,2014,7,1,0.1428571428571429,0.0,1.0,0.0,1.0
05003,2015,10,2,0.5,0.2,0.75,0.0,1.0
05003,2016,4,0,0.0,0.0,1.0,,
05003,2017,7,1,0.5714285714285714,0.2857142857142857,0.6,0.0,1.0
05003,2018,5,1,0.6,0.4,0.6666666666666666,1.0,
05003,2019,2,1,0.0,0.0,1.0,0.0,1.0
05003,2020,6,3,0.33333333333333337,0.16666666666666666,0.8,0.33333333333333337,0.6666666666666666
05003,2021,7,1,0.1428571428571429,0.14285714285714285,1.0,1.0,
05003,2022,4,1,0.25,0.25,1.0,0.0,1.0
05003,2023,6,1,0.16666666666666663,0.16666666666666666,1.0,1.0,
05005,2008,12,0,0.6666666666666667,0.25,0.2222222222222222,,
05005,2009,11,2,0.2727272727272727,0.09090909090909091,0.2,0.0,0.0
05005,2010,13,0,0.46153846153846156,0.07692307692307693,0.08333333333333333,,
05005,2011,6,1,0.16666666666666663,0.0,0.16666666666666666,0.0,0.0
05005,2012,6,2,0.16666666666666663,0.0,0.16666666666666666,0.0,0.0
05005,2013,4,1,0.0,0.0,0.0,0.0,0.0
05005,2014,8,1,0.625,0.375,0.4,1.0,
05005,2015,20,2,0.44999999999999996,0.15,0.058823529411764705,0.0,0.0
05005,2016,4,0,0.25,0.0,0.0,,
05005,2017,15,2,0.4,0.2,0.16666666666666666,0.0,0.0
05005,2018,6,3,0.33333333333333337,0.16666666666666666,0.0,0.33333333333333337,0.0
05005,2019,10,2,0.09999999999999998,0.1,0.0,0.0,0.0
05005,2020,10,3,0.33333333333333337,0.2222222222222222,0.14285714285714285,0.33333333333333337,0.0
05005,2021,11,3,0.18181818181818177,0.18181818181818182,0.0,0.0,0.0
05005,2022,6,2,0.33333333333333337,0.16666666666666666,0.0,0.5,0.0
05005,2023,10,2,0.30000000000000004,0.1,0.2222222222222222,0.0,0.0
05007,2008,36,6,0.3055555555555556,0.19444444444444445,0.8620689655172413,0.33333333333333337,1.0
05007,2009,29,4,0.48275862068965514,0.3793103448275862,0.8333333333333334,0.25,0.75
05007,2010,42,10,0.26190476190476186,0.16666666666666666,0.9142857142857143,0.09999999999999998,0.9
05007,2011,27,3,0.3846153846153846,0.038461538461538464,0.64,0.33333333333333337,0.6666666666666666
05007,2012,31,12,0.32258064516129037,0.12903225806451613,0.037037037037037035,0.33333333333333337,0.09090909090909091
05007,2013,21,1,0.33333333333333337,0.2857142857142857,0.0,0.0,0.0
05007,2014,22,2,0.4285714285714286,0.19047619047619047,0.058823529411764705,0.5,0.0
05007,2015,36,9,0.4722222222222222,0.19444444444444445,0.034482758620689655,0.33333333333333337,0.0
05007,2016,45,4,0.2666666666666667,0.13333333333333333,0.02564102564102564,0.0,0.0
05007,2017,29,4,0.4642857142857143,0.21428571428571427,0.09090909090909091,1.0,0.0
05007,2018,25,7,0.31999999999999995,0.04,0.0,0.7142857142857143,0.0
05007,2019,30,5,0.16666666666666663,0.06666666666666667,0.0,0.19999999999999996,0.0
05007,2020,55,15,0.339622641509434,0.1320754716981132,0.021739130434782608,0.2666666666666667,0.0
05007,2021,48,11,0.41666666666666663,0.16666666666666666,0.0,0.36363636363636365,0.0
05007,2022,39,5,0.4736842105263158,0.15789473684210525,0.0625,0.4,0.0
05007,2023,37,7,0.303030303030303,0.18181818181818182,0.037037037037037035,0.2857142857142857,0.16666666666666666
05009,2008,8,1,0.5,0.25,0.16666666666666666,0.0,0.0
05009,2009,11,6,0.18181818181818177,0.09090909090909091,0.0,0.16666666666666663,0.0
05009,2010,9,3,0.11111111111111116,0.0,0.1111111111111111,0.0,0.0
05009,2011,9,1,0.33333333333333337,0.0,0.3333333333333333,0.0,0.0
05009,2012,8,2,0.25,0.0,0.0,0.0,0.0
05009,2013,7,2,0.19999999999999996,0.2,0.0,0.0,0.0
05009,2014,4,0,0.0,0.0,0.0,,
05009,2015,12,1,0.5833333333333333,0.16666666666666666,0.3,1.0,
05009,2016,11,1,0.6363636363636364,0.18181818181818182,0.2222222222222222,1.0,
05009,2017,13,1,0.6923076923076923,0.15384615384615385,0.0,1.0,0.0
05009,2018,17,3,0.3529411764705882,0.058823529411764705,0.0,0.33333333333333337,0.0
05009,2019,9,1,0.6666666666666667,0.2222222222222222,0.14285714285714285,0.0,0.0
05009,2020,9,1,0.5555555555555556,0.1111111111111111,0.125,0.0,0.0
05009,2021,19,4,0.3157894736842105,0.21052631578947367,0.06666666666666667,0.0,0.0
05009,2022,8,2,0.5,0.125,0.0,0.5,0.0
05009,2023,4,0,0.0,0.0,0.0,,
05011,2009,1,0,0.0,0.0,1.0,,
05011,2010,2,2,0.5,0.0,0.5,0.5,0.5
05011,2011,5,4,0.4,0.0,0.6,0.25,0.75
05011,2012,2,1,0.0,0.0,1.0,0.0,1.0
05011,2013,7,1,0.4285714285714286,0.0,0.7142857142857143,0.0,1.0
05011,2015,1,0,1.0,0.0,0.0,,
05011,2016,3,0,0.33333333333333337,0.0,1.0,,
05011,2017,1,0,1.0,0.0,0.0,,
05011,2019,2,1,0.0,0.0,1.0,0.0,1.0
05011,2020,10,3,0.5,0.0,0.5,0.0,1.0
05011,2021,2,0,0.0,0.0,1.0,,
05011,2022,4,0,0.75,0.0,0.25,,
05011,2023,1,0,0.0,0.0,1.0,,
05013,2008,1,0,0.0,0.0,0.0,,
05013,2009,4,0,1.0,0.0,0.0,,
05013,2010,3,0,0.6666666666666667,0.3333333333333333,0.0,,
05013,2011,5,1,0.8,0.2,0.25,0.0,0.0
05013,2012,3,1,0.33333333333333337,0.0,0.0,0.0,0.0
05013,2013,4,1,0.75,0.0,0.25,1.0,1.0
05013,2014,4,1,1.0,0.25,0.0,1.0,0.0
05013,2015,1,0,1.0,0.0,0.0,,
05013,2018,2,0,1.0,0.5,0.0,,
05013,2019,3,1,1.0,0.0,0.0,1.0,0.0
05013,2020,2,1,1.0,0.0,0.0,1.0,0.0
05013,2021,7,0,0.8333333333333334,0.16666666666666666,0.0,,
05013,2022,9,0,0.7777777777777778,0.1111111111111111,0.125,,
05015,2008,16,3,0.5625,0.1875,0.07692307692307693,0.6666666666666667,0.5
05015,2009,13,5,0.3846153846153846,0.3076923076923077,0.0,0.6,0.0
05015,2010,11,5,0.5454545454545454,0.09090909090909091,0.2,0.19999999999999996,0.0
05015,2011,12,6,0.16666666666666663,0.16666666666666666,0.0,0.16666666666666663,0.0
05015,2012,14,1,0.5,0.42857142857142855,0.0,0.0,0.0
05015,2013,10,0,0.6,0.5,0.2,,
05015,2014,4,0,1.0,0.5,0.0,,
05015,2015,19,7,0.42105263157894735,0.0,0.10526315789473684,0.1428571428571429,0.14285714285714285
05015,2016,14,3,0.6428571428571428,0.35714285714285715,0.0,0.6666666666666667,0.0
05015,2017,13,4,0.3076923076923077,0.15384615384615385,0.09090909090909091,0.25,0.0
05015,2018,14,4,0.4285714285714286,0.21428571428571427,0.0,0.25,0.0
05015,2019,3,1,0.33333333333333337,0.0,0.0,0.0,0.0
05015,2020,17,3,0.3529411764705882,0.23529411764705882,0.0,0.33333333333333337,0.0
05015,2021,5,1,0.6,0.2,0.0,1.0,
05015,2022,5,0,0.6,0.6,0.0,,
05015,2023,12,3,0.5833333333333333,0.25,0.0,0.6666666666666667,0.0
05017,2008,4,1,0.5,0.5,0.0,0.0,0.0
05017,2009,5,1,0.4,0.0,0.0,0.0,0.0
05017,2010,3,1,0.0,0.0,0.0,0.0,0.0
05017,2011,4,3,0.75,0.5,0.5,0.6666666666666667,0.5
05017,2012,5,1,0.8,0.4,0.0,1.0,0.0
05017,2014,5,0,0.8,0.0,0.2,,
05017,2015,12,0,0.6666666666666667,0.4166666666666667,0.2857142857142857,,
05017,2016,10,1,0.7,0.4,0.0,0.0,0.0
05017,2017,10,2,0.9,0.5,0.4,1.0,0.5
05017,2018,3,0,0.6666666666666667,0.3333333333333333,0.0,,
05017,2019,8,2,0.75,0.625,0.0,0.0,0.0
05017,2021,5,0,1.0,0.4,0.0,,
05017,2022,5,1,0.8,0.2,0.25,1.0,
05017,2023,6,3,0.5,0.16666666666666666,0.0,0.33333333333333337,0.0
05019,2008,6,0,0.8333333333333334,0.16666666666666666,0.2,,
05019,2009,13,2,0.6923076923076923,0.23076923076923078,0.3,0.5,0.0
05019,2010,8,2,0.875,0.25,0.5,0.5,0.0
05019,2011,3,1,0.6666666666666667,0.0,0.6666666666666666,1.0,1.0
05019,2012,9,2,0.7777777777777778,0.1111111111111111,0.5,0.5,0.5
05019,2013,9,0,0.4444444444444444,0.1111111111111111,0.0,,
05019,2014,10,3,0.8,0.4,0.16666666666666666,0.33333333333333337,0.0
05019,2015,4,0,0.5,0.25,0.3333333333333333,,
05019,2016,2,1,0.0,0.0,0.0,0.0,0.0
05019,2017,7,1,1.0,0.8571428571428571,1.0,1.0,
05019,2018,9,5,0.4444444444444444,0.1111111111111111,0.375,0.4,0.4
05019,2019,11,2,0.8181818181818181,0.7272727272727273,0.3333333333333333,0.5,0.0
05019,2020,5,1,0.8,0.2,0.5,1.0,
05019,2021,13,2,0.6153846153846154,0.15384615384615385,0.36363636363636365,0.5,0.5
05019,2022,9,0,0.625,0.25,0.0,,
05019,2023,10,2,0.9,0.3,0.5714285714285714,1.0,1.0
05021,2008,3,0,0.33333333333333337,0.3333333333333333,1.0,,
05021,2009,2,1,0.5,0.0,1.0,1.0,1.0
05021,2010,6,2,0.6666666666666667,0.3333333333333333,1.0,0.5,1.0
05021,2011,9,0,0.4444444444444444,0.2222222222222222,0.8571428571428571,,
05021,2012,2,1,0.5,0.0,1.0,0.0,1.0
05021,2014,6,1,0.0,0.0,1.0,0.0,1.0
05021,2015,9,3,0.11111111111111116,0.1111111111111111,1.0,0.0,1.0
05021,2016,7,0,0.4285714285714286,0.14285714285714285,1.0,,
05021,2017,7,1,0.7142857142857143,0.5714285714285714,1.0,0.0,1.0
05021,2018,8,2,0.5,0.375,1.0,0.0,1.0
05021,2019,2,1,0.0,0.0,1.0,0.0,1.0
05021,2020,2,0,1.0,0.5,0.0,,
05021,2021,11,1,0.6363636363636364,0.2727272727272727,0.625,1.0,
05021,2022,5,1,1.0,0.5,0.0,,
05021,2023,2,0,0.5,0.5,1.0,,
05023,2008,6,1,0.33333333333333337,0.0,1.0,1.0,1.0
05023,2009,5,1,0.8,0.2,0.75,1.0,1.0
05023,2010,8,4,0.25,0.0,0.875,0.5,0.75
05023,2011,17,8,0.4117647058823529,0.058823529411764705,1.0,0.5,1.0
05023,2012,11,3,0.36363636363636365,0.09090909090909091,0.9,0.33333333333333337,1.0
05023,2013,5,1,0.0,0.0,1.0,0.0,1.0
05023,2014,9,1,0.4444444444444444,0.1111111111111111,0.875,1.0,1.0
05023,2015,6,1,0.33333333333333337,0.0,1.0,0.0,1.0
05023,2016,3,2,0.6666666666666667,0.0,1.0,0.5,1.0
05023,2017,9,2,0.33333333333333337,0.0,1.0,0.0,1.0
05023,2018,8,0,0.75,0.0,0.875,,
05023,2019,11,3,0.4545454545454546,0.0,0.8181818181818182,0.0,1.0
05023,2020,15,6,0.6,0.0,0.8,0.5,0.6666666666666666
05023,2021,8,1,0.375,0.125,1.0,0.0,1.0
05023,2022,5,2,0.4,0.0,0.6,0.5,0.5
05023,2023,6,1,0.5,0.3333333333333333,1.0,0.0,1.0
05025,2008,3,0,0.6666666666666667,0.0,0.0,,
05025,2009,4,0,0.5,0.0,0.25,,
05025,2010,7,0,0.7142857142857143,0.14285714285714285,0.16666666666666666,,
05025,2011,5,0,0.6,0.2,0.0,,
05025,2012,6,1,0.6666666666666667,0.0,0.3333333333333333,0.0,0.0
05025,2013,4,1,0.25,0.0,0.25,0.0,0.0
05025,2015,4,0,0.75,0.0,0.25,,
05025,2016,5,1,0.6,0.0,0.2,0.0,0.0
05025,2017,2,1,0.0,0.0,0.0,0.0,0.0
05025,2018,1,0,0.0,0.0,0.0,,
05025,2019,3,0,0.33333333333333337,0.0,0.3333333333333333,,
05025,2020,2,0,0.5,0.0,0.0,,
05025,2021,5,0,1.0,0.2,0.25,,
05025,2022,7,2,0.5714285714285714,0.0,0.14285714285714285,0.0,0.0
05025,2023,3,0,1.0,0.0,0.5,,
05027,2008,5,1,0.4,0.0,0.8,0.0,1.0
05027,2009,4,1,0.75,0.0,0.5,1.0,0.0
05027,2010,7,1,0.0,0.0,1.0,0.0,1.0
05027,2011,14,3,0.7142857142857143,0.2857142857142857,0.9,0.33333333333333337,1.0
05027,2012,8,4,0.5,0.375,1.0,0.25,1.0
05027,2013,6,3,0.33333333333333337,0.16666666666666666,0.8,0.33333333333333337,0.6666666666666666
05027,2014,6,1,0.5,0.5,0.0,0.0,0.0
05027,2015,1,1,0.0,0.0,0.0,0.0,0.0
05027,2016,6,1,0.5,0.3333333333333333,0.25,0.0,0.0
05027,2017,6,3,0.5,0.5,0.0,0.33333333333333337,0.0
05027,2018,2,0,0.5,0.0,0.0,,
05027,2019,4,2,0.25,0.0,0.0,0.5,0.0
05027,2020,8,1,0.5,0.125,0.14285714285714285,0.0,0.0
05027,2021,7,4,0.1428571428571429,0.0,0.14285714285714285,0.25,0.25
05027,2022,13,2,0.6923076923076923,0.07692307692307693,0.3333333333333333,0.5,0.5
05027,2023,2,1,0.0,0.0,0.0,0.0,0.0
05029,2008,9,0,0.6666666666666667,0.2222222222222222,0.5714285714285714,,
05029,2009,5,2,0.4,0.2,0.25,0.0,0.0
05029,2010,13,3,0.5384615384615384,0.07692307692307693,0.5,0.6666666666666667,0.6666666666666666
05029,2011,5,1,0.6,0.0,0.6,0.0,0.0
05029,2012,16,3,0.5,0.0625,0.4,0.6666666666666667,0.6666666666666666
05029,2013,14,3,0.3571428571428571,0.14285714285714285,0.08333333333333333,0.0,0.0
05029,2014,8,1,0.375,0.0,0.25,0.0,0.0
05029,2015,10,0,0.6666666666666667,0.3333333333333333,0.3333333333333333,,
05029,2016,7,2,0.5714285714285714,0.14285714285714285,0.3333333333333333,0.5,0.5
05029,2017,5,1,0.4,0.2,0.25,1.0,1.0
05029,2018,10,3,0.5,0.3,0.14285714285714285,0.33333333333333337,0.3333333333333333
05029,2019,7,1,0.5714285714285714,0.0,0.2857142857142857,1.0,1.0
05029,2020,9,3,0.6666666666666667,0.0,0.5555555555555556,0.33333333333333337,0.0
05029,2021,9,1,0.6666666666666667,0.1111111111111111,0.5,1.0,1.0
05029,2022,6,1,0.8,0.2,0.5,0.0,0.0
05029,2023,5,1,0.6,0.0,0.4,0.0,0.0
05031,2008,27,6,0.18518518518518523,0.037037037037037035,0.8461538461538461,0.16666666666666663,0.8333333333333334
05031,2009,32,2,0.59375,0.09375,0.5862068965517241,0.0,1.0
05031,2010,24,2,0.33333333333333337,0.041666666666666664,0.782608695652174,0.5,1.0
05031,2011,29,5,0.2857142857142857,0.03571428571428571,0.7777777777777778,0.19999999999999996,0.8
05031,2012,26,4,0.3846153846153846,0.07692307692307693,0.7083333333333334,0.25,0.75
05031,2013,21,5,0.23809523809523814,0.0,0.7619047619047619,0.0,1.0
05031,2014,17,3,0.2941176470588235,0.058823529411764705,0.875,0.33333333333333337,0.6666666666666666
05031,2015,26,2,0.15384615384615385,0.038461538461538464,0.92,0.0,1.0
05031,2016,26,6,0.23076923076923073,0.038461538461538464,0.88,0.5,0.6666666666666666
05031,2017,25,7,0.56,0.08,0.6086956521739131,0.4285714285714286,0.6666666666666666
05031,2018,29,2,0.31034482758620685,0.06896551724137931,0.7777777777777778,0.0,1.0
05031,2019,30,3,0.5,0.2,0.7083333333333334,0.6666666666666667,0.5
05031,2020,24,8,0.375,0.08333333333333333,0.6818181818181818,0.25,0.75
05031,2021,25,4,0.43999999999999995,0.12,0.7727272727272727,0.25,0.75
05031,2022,37,4,0.6666666666666667,0.16666666666666666,0.43333333333333335,0.25,1.0
05031,2023,14,2,0.5,0.16666666666666666,0.9,1.0,1.0
05033,2008,15,3,0.5333333333333333,0.4,1.0,0.6666666666666667,1.0
05033,2009,18,2,0.4444444444444444,0.1111111111111111,0.875,0.5,1.0
05033,2010,5,0,0.5,0.25,1.0,,
05033,2011,8,2,0.625,0.25,0.8333333333333334,1.0,0.0
05033,2012,8,2,0.25,0.0,0.875,0.0,1.0
05033,2013,8,2,0.125,0.0,0.875,0.0,1.0
05033,2014,17,5,0.4117647058823529,0.0,0.8823529411764706,0.19999999999999996,1.0
05033,2015,15,0,0.33333333333333337,0.13333333333333333,0.9230769230769231,,
05033,2016,17,2,0.5294117647058824,0.11764705882352941,0.8,0.5,1.0
05033,2017,17,4,0.5625,0.25,0.6666666666666666,0.6666666666666667,0.6666666666666666
05033,2018,15,5,0.4666666666666667,0.13333333333333333,0.9230769230769231,0.6,1.0
05033,2019,9,1,0.5555555555555556,0.4444444444444444,1.0,0.0,1.0
05033,2020,7,2,0.4285714285714286,0.14285714285714285,1.0,0.0,1.0
05033,2021,10,2,0.9,0.1,0.6666666666666666,0.5,1.0
05033,2022,16,2,0.5625,0.4375,0.8888888888888888,1.0,
05033,2023,5,0,0.8,0.4,1.0,,
05035,2008,14,0,0.7142857142857143,0.35714285714285715,0.2222222222222222,,
05035,2009,14,3,0.7857142857142857,0.5,0.0,0.6666666666666667,0.0
05035,2010,13,5,0.5384615384615384,0.23076923076923078,0.1,0.6,0.25
05035,2011,17,5,0.7058823529411764,0.4117647058823529,0.4,0.4,0.0
05035,2012,25,3,0.64,0.44,0.07142857142857142,0.33333333333333337,0.0
05035,2013,17,6,0.6470588235294117,0.4117647058823529,0.0,0.8333333333333334,0.0
05035,2014,22,4,0.4545454545454546,0.45454545454545453,0.0,0.5,0.0
05035,2015,16,1,0.6875,0.3125,0.0,0.0,0.0
05035,2016,23,2,0.6956521739130435,0.4782608695652174,0.0,0.5,0.0
05035,2017,11,1,0.6,0.4,0.16666666666666666,1.0,0.0
05035,2018,29,4,0.5172413793103448,0.4827586206896552,0.0,0.25,0.0
05035,2019,18,4,0.5333333333333333,0.4,0.0,0.25,0.0
05035,2020,18,4,0.75,0.4375,0.0,0.5,0.0
05035,2021,16,2,0.375,0.1875,0.0,0.5,0.0
05035,2022,30,4,0.5,0.4642857142857143,0.06666666666666667,0.25,0.0
05035,2023,36,5,0.5714285714285714,0.37142857142857144,0.045454545454545456,0.19999999999999996,0.0
05037,2008,9,1,0.5555555555555556,0.2222222222222222,0.0,1.0,0.0
05037,2009,3,2,0.33333333333333337,0.0,0.0,0.5,0.0
05037,2010,12,1,0.41666666666666663,0.08333333333333333,0.0,1.0,0.0
05037,2011,4,0,0.5,0.25,0.0,,
05037,2012,3,0,0.0,0.0,0.0,,
05037,2013,2,1,0.5,0.0,0.5,0.0,0.0
05037,2014,11,1,0.4545454545454546,0.09090909090909091,0.0,0.0,0.0
05037,2015,5,1,0.8,0.2,0.25,1.0,0.0
05037,2016,3,0,1.0,0.0,0.0,,
05037,2017,7,3,0.2857142857142857,0.0,0.0,0.0,0.0
05037,2018,5,0,0.4,0.4,0.0,,
05037,2019,12,1,0.5833333333333333,0.08333333333333333,0.09090909090909091,0.0,0.0
05037,2020,6,0,0.16666666666666663,0.0,0.0,,
05037,2021,3,0,0.33333333333333337,0.3333333333333333,0.0,,
05037,2022,3,0,0.0,0.0,0.0,,
05037,2023,1,0,1.0,0.0,1.0,,
05039,2008,3,0,0.6666666666666667,0.0,0.6666666666666666,,
05039,2009,4,1,1.0,0.0,0.25,1.0,1.0
05039,2010,1,0,0.0,0.0,0.0,,
05039,2011,2,1,1.0,0.0,0.0,1.0,0.0
05039,2012,2,1,0.0,0.0,0.0,0.0,0.0
05039,2013,1,1,0.0,0.0,0.0,0.0,0.0
05039,2014,3,0,0.33333333333333337,0.0,0.0,,
05039,2015,5,2,0.8,0.0,0.2,0.5,0.0
05039,2017,1,0,0.0,0.0,0.0,,
05039,2020,2,1,1.0,0.0,0.0,1.0,0.0
05039,2021,5,1,0.6,0.0,0.2,0.0,0.0
05039,2022,3,1,0.6666666666666667,0.3333333333333333,0.0,1.0,
05039,2023,4,1,1.0,0.0,0.25,1.0,1.0
05041,2008,1,0,1.0,1.0,,,
05041,2009,4,0,0.75,0.25,0.6666666666666666,,
05041,2010,8,0,0.4285714285714286,0.0,0.2857142857142857,,
05041,2011,4,0,0.75,0.0,0.25,,
05041,2012,6,0,0.33333333333333337,0.0,0.0,,
05041,2013,2,1,0.5,0.0,0.0,1.0,0.0
05041,2014,3,0,1.0,0.3333333333333333,0.0,,
05041,2015,4,1,0.25,0.25,0.0,0.0,0.0
05041,2016,4,2,0.0,0.0,0.0,0.0,0.0
05041,2017,1,1,0.0,0.0,0.0,0.0,0.0
05041,2018,3,1,0.6666666666666667,0.0,0.0,1.0,0.0
05041,2019,3,1,0.33333333333333337,0.0,0.3333333333333333,0.0,0.0
05041,2020,3,0,0.33333333333333337,0.3333333333333333,0.0,,
05041,2021,2,0,1.0,0.5,0.0,,
05041,2023,2,0,0.5,0.5,0.0,,
05043,2008,9,1,0.33333333333333337,0.0,0.1111111111111111,1.0,1.0
05043,2009,7,1,0.2857142857142857,0.0,0.0,0.0,0.0
05043,2010,3,1,0.33333333333333337,0.3333333333333333,0.0,0.0,0.0
05043,2011,5,0,0.6,0.2,0.25,,
05043,2012,9,0,0.75,0.125,0.7142857142857143,,
05043,2013,5,0,0.0,0.0,0.0,,
05043,2014,6,0,0.5,0.16666666666666666,0.2,,
05043,2015,9,1,0.5555555555555556,0.0,0.3333333333333333,0.0,0.0
05043,2016,11,0,0.6363636363636364,0.09090909090909091,0.2,,
05043,2017,2,1,0.5,0.0,0.0,0.0,0.0
05043,2018,10,2,0.7,0.0,0.4,1.0,0.5
05043,2019,6,3,0.8333333333333334,0.0,0.5,0.6666666666666667,0.3333333333333333
05043,2020,6,1,0.8333333333333334,0.3333333333333333,0.5,1.0,1.0
05043,2021,8,1,0.625,0.125,0.14285714285714285,1.0,0.0
05043,2022,8,1,0.5,0.125,0.0,0.0,0.0
05043,2023,5,3,0.8,0.0,0.2,0.6666666666666667,0.0
05045,2008,20,7,0.65,0.1,0.7222222222222222,0.5714285714285714,0.8333333333333334
05045,2009,22,4,0.36363636363636365,0.045454545454545456,0.8571428571428571,0.5,0.75
05045,2010,27,5,0.40740740740740744,0.07407407407407407,0.88,0.19999999999999996,1.0
05045,2011,16,3,0.25,0.1875,0.9230769230769231,0.0,1.0
05045,2012,22,5,0.5,0.045454545454545456,0.7142857142857143,0.6,0.6
05045,2013,23,2,0.17391304347826086,0.0,0.9565217391304348,0.0,1.0
05045,2014,17,3,0.2941176470588235,0.058823529411764705,0.875,0.6666666666666667,0.6666666666666666
05045,2015,21,6,0.23809523809523814,0.0,0.8571428571428571,0.16666666666666663,0.8333333333333334
05045,2016,32,1,0.46875,0.0625,0.7,0.0,1.0
05045,2017,32,4,0.40625,0.0625,0.8,0.5,0.6666666666666666
05045,2018,36,4,0.41666666666666663,0.2222222222222222,0.8571428571428571,0.0,1.0
05045,2019,5,1,0.6,0.2,1.0,0.0,1.0
05045,2020,25,4,0.43999999999999995,0.08,0.782608695652174,0.25,1.0
05045,2021,34,8,0.6176470588235294,0.058823529411764705,0.5625,0.625,0.5
05045,2022,27,6,0.34615384615384615,0.11538461538461539,0.8695652173913043,0.16666666666666663,1.0
05045,2023,33,7,0.6060606060606061,0.12121212121212122,0.6896551724137931,0.8571428571428572,0.5
05047,2008,6,3,0.5,0.3333333333333333,0.25,0.0,0.0
05047,2009,6,1,0.8333333333333334,0.5,0.6666666666666666,1.0,1.0
05047,2010,1,1,1.0,1.0,,1.0,
05047,2011,7,2,0.2857142857142857,0.0,0.2857142857142857,0.5,0.5
05047,2012,9,2,0.4444444444444444,0.1111111111111111,0.0,0.0,0.0
05047,2013,3,1,1.0,0.6666666666666666,1.0,1.0,
05047,2014,7,3,0.1428571428571429,0.0,0.14285714285714285,0.0,0.0
05047,2015,5,1,0.75,0.0,0.75,1.0,1.0
05047,2016,7,0,0.1428571428571429,0.0,0.14285714285714285,,
05047,2017,6,1,1.0,0.6666666666666666,1.0,1.0,1.0
05047,2018,7,2,0.8571428571428572,0.14285714285714285,0.8333333333333334,1.0,1.0
05047,2019,6,0,0.5,0.16666666666666666,0.4,,
05047,2020,9,0,0.7777777777777778,0.3333333333333333,0.5,,
05047,2021,9,2,0.7777777777777778,0.5555555555555556,0.5,0.5,0.0
05047,2022,4,0,0.6666666666666667,0.3333333333333333,0.0,,
05047,2023,8,1,0.625,0.125,0.5714285714285714,1.0,1.0
05049,2008,7,1,0.5714285714285714,0.14285714285714285,0.5,0.0,1.0
05049,2009,10,1,0.9,0.4,1.0,1.0,
05049,2010,2,0,0.5,0.5,1.0,,
05049,2011,2,1,1.0,0.0,0.5,1.0,0.0
05049,2012,5,1,0.4,0.0,0.6,1.0,0.0
05049,2013,4,1,0.25,0.25,1.0,0.0,1.0
05049,2014,2,1,1.0,0.5,0.0,1.0,
05049,2015,5,1,0.6,0.2,0.5,1.0,0.0
05049,2016,5,0,0.8,0.2,0.75,,
05049,2017,4,1,0.5,0.25,0.6666666666666666,1.0,0.0
05049,2018,2,0,0.5,0.0,0.5,,
05049,2019,5,0,0.4,0.2,1.0,,
05049,2020,10,1,0.5,0.1,0.5555555555555556,0.0,1.0
05049,2021,11,1,0.7,0.2,0.5,0.0,1.0
05049,2022,8,2,0.5,0.25,1.0,1.0,1.0
05049,2023,5,1,0.4,0.0,0.6,0.0,1.0
05051,2008,25,7,0.29166666666666663,0.041666666666666664,0.2608695652173913,0.5714285714285714,0.5
05051,2009,19,6,0.42105263157894735,0.2631578947368421,0.14285714285714285,0.33333333333333337,0.0
05051,2010,18,5,0.2941176470588235,0.0,0.0,0.4,0.0
05051,2011,17,6,0.05882352941176472,0.0,0.0,0.0,0.0
05051,2012,24,5,0.08695652173913049,0.0,0.08695652173913043,0.19999999999999996,0.2
05051,2013,31,11,0.16129032258064513,0.12903225806451613,0.0,0.09090909090909094,0.0
05051,2014,28,7,0.3928571428571429,0.03571428571428571,0.14814814814814814,0.4285714285714286,0.14285714285714285
05051,2015,35,9,0.38235294117647056,0.08823529411764706,0.12903225806451613,0.33333333333333337,0.1111111111111111
05051,2016,41,6,0.31707317073170727,0.024390243902439025,0.125,0.33333333333333337,0.0
05051,2017,18,1,0.11111111111111116,0.0,0.0,0.0,0.0
05051,2018,26,7,0.31999999999999995,0.12,0.13636363636363635,0.4285714285714286,0.3333333333333333
05051,2019,30,5,0.33333333333333337,0.1,0.18518518518518517,0.8,0.6
05051,2020,32,3,0.16129032258064513,0.0,0.06451612903225806,0.33333333333333337,0.3333333333333333
05051,2021,38,5,0.3783783783783784,0.02702702702702703,0.16666666666666666,0.8,0.2
05051,2022,31,6,0.3548387096774194,0.03225806451612903,0.2,0.0,0.0
05051,2023,24,8,0.34782608695652173,0.043478260869565216,0.045454545454545456,0.1428571428571429,0.0
05053,2008,6,0,0.33333333333333337,0.16666666666666666,1.0,,
05053,2009,10,0,0.8,0.2,0.375,,
05053,2010,7,1,0.4285714285714286,0.0,0.5714285714285714,1.0,0.0
05053,2011,6,0,0.33333333333333337,0.0,0.6666666666666666,,
05053,2012,9,2,0.6666666666666667,0.0,0.4444444444444444,0.5,0.5
05053,2013,6,1,0.16666666666666663,0.0,1.0,0.0,1.0
05053,2014,6,0,0.5,0.16666666666666666,0.8,,
05053,2015,6,2,0.5,0.0,0.6666666666666666,1.0,0.0
05053,2016,6,0,0.6666666666666667,0.0,0.5,,
05053,2017,7,1,0.5714285714285714,0.14285714285714285,0.6666666666666666,0.0,1.0
05053,2018,10,0,0.6,0.0,0.5,,
05053,2019,10,0,0.7,0.1,0.4444444444444444,,
05053,2020,8,0,0.375,0.0,0.625,,
05053,2021,10,1,0.6,0.1,0.6666666666666666,0.0,1.0
05053,2022,5,1,0.6,0.0,0.4,1.0,0.0
05053,2023,12,1,0.75,0.0,0.3333333333333333,0.0,1.0
05055,2008,15,2,0.2666666666666667,0.06666666666666667,0.14285714285714285,0.0,0.0
05055,2009,9,2,0.2222222222222222,0.0,0.2222222222222222,0.0,0.0
05055,2010,15,1,0.33333333333333337,0.06666666666666667,0.2857142857142857,0.0,0.0
05055,2011,7,1,0.4285714285714286,0.14285714285714285,0.3333333333333333,1.0,
05055,2012,12,1,0.16666666666666663,0.08333333333333333,0.09090909090909091,0.0,0.0
05055,2013,11,1,0.18181818181818177,0.09090909090909091,0.1,0.0,0.0
05055,2014,20,1,0.4,0.05,0.3684210526315789,0.0,0.0
05055,2015,11,1,0.36363636363636365,0.2727272727272727,0.125,0.0,0.0
05055,2016,6,1,0.33333333333333337,0.0,0.3333333333333333,0.0,0.0
05055,2017,18,1,0.4444444444444444,0.16666666666666666,0.3333333333333333,0.0,0.0
05055,2018,14,1,0.3571428571428571,0.07142857142857142,0.3076923076923077,0.0,0.0
05055,2019,13,1,0.46153846153846156,0.0,0.46153846153846156,0.0,0.0
05055,2020,9,3,0.11111111111111116,0.0,0.1111111111111111,0.0,0.0
05055,2021,12,3,0.33333333333333337,0.16666666666666666,0.1,0.33333333333333337,0.0
05055,2022,13,1,0.46153846153846156,0.15384615384615385,0.2727272727272727,0.0,0.0
05055,2023,16,0,0.375,0.0,0.3125,,
05057,2008,10,3,0.5,0.1,0.8888888888888888,0.33333333333333337,0.6666666666666666
05057,2009,9,2,0.4444444444444444,0.2222222222222222,0.8571428571428571,1.0,0.0
05057,2010,9,4,0.6666666666666667,0.3333333333333333,0.8333333333333334,0.5,0.75
05057,2011,13,4,0.6923076923076923,0.15384615384615385,0.7272727272727273,0.75,1.0
05057,2012,8,1,0.75,0.125,0.7142857142857143,1.0,0.0
05057,2013,9,2,0.4444444444444444,0.3333333333333333,1.0,0.0,1.0
05057,2014,6,2,0.5,0.3333333333333333,1.0,0.0,1.0
05057,2015,16,3,0.5333333333333333,0.4,0.8888888888888888,0.0,1.0
05057,2016,13,2,0.7692307692307692,0.07692307692307693,0.75,0.5,0.5
05057,2017,5,2,1.0,0.2,0.75,1.0,0.5
05057,2018,9,0,0.7777777777777778,0.3333333333333333,0.5,,
05057,2019,7,2,0.4285714285714286,0.0,0.8571428571428571,0.5,0.5
05057,2020,11,3,0.5454545454545454,0.2727272727272727,0.875,0.6666666666666667,1.0
05057,2021,5,0,0.6,0.2,0.75,,
05057,2022,8,0,0.75,0.25,0.6666666666666666,,
05057,2023,15,2,0.5333333333333333,0.3333333333333333,0.7,0.5,1.0
05059,2008,16,2,0.9333333333333333,0.3333333333333333,0.5,0.5,0.5
05059,2009,14,2,0.4285714285714286,0.07142857142857142,0.6923076923076923,0.0,1.0
05059,2010,16,2,0.8125,0.375,0.8,1.0,0.5
05059,2011,10,1,0.6,0.4,0.6666666666666666,0.0,1.0
05059,2012,14,1,0.5714285714285714,0.14285714285714285,0.5833333333333334,0.0,1.0
05059,2013,15,2,0.8,0.26666666666666666,0.5454545454545454,1.0,0.5
05059,2014,27,5,0.7037037037037037,0.07407407407407407,0.48,0.6,0.5
05059,2015,20,5,0.55,0.3,0.7142857142857143,0.19999999999999996,0.8
05059,2016,18,1,0.5555555555555556,0.1111111111111111,0.625,1.0,1.0
05059,2017,17,2,0.5625,0.0625,0.4666666666666667,0.0,1.0
05059,2018,11,3,0.7272727272727273,0.2727272727272727,0.75,1.0,0.0
05059,2019,9,4,0.75,0.125,0.5714285714285714,0.5,0.5
05059,2020,8,1,0.75,0.125,0.42857142857142855,0.0,1.0
05059,2021,22,3,0.7727272727272727,0.4090909090909091,0.5384615384615384,0.33333333333333337,1.0
05059,2022,41,2,0.9230769230769231,0.48717948717948717,0.25,0.5,0.5
05059,2023,16,4,0.7857142857142857,0.42857142857142855,0.25,0.75,0.25
05061,2008,6,0,0.6666666666666667,0.3333333333333333,1.0,,
05061,2009,3,1,0.0,0.0,1.0,0.0,1.0
05061,2010,6,2,0.16666666666666663,0.0,1.0,0.0,1.0
05061,2011,6,2,0.33333333333333337,0.0,1.0,1.0,1.0
05061,2012,5,0,0.19999999999999996,0.2,1.0,,
05061,2013,1,0,0.0,0.0,1.0,,
05061,2014,1,0,1.0,0.0,1.0,,
05061,2015,6,2,0.33333333333333337,0.0,1.0,0.5,1.0
05061,2016,2,1,1.0,0.0,0.5,1.0,1.0
05061,2017,2,0,1.0,0.0,0.5,,
05061,2018,6,1,0.6666666666666667,0.3333333333333333,0.75,0.0,1.0
05061,2019,5,4,0.4,0.0,1.0,0.25,1.0
05061,2020,8,3,0.5,0.0,0.75,0.6666666666666667,0.6666666666666666
05061,2021,2,1,0.0,0.0,1.0,0.0,1.0
05061,2023,4,3,0.5,0.0,0.5,0.6666666666666667,0.3333333333333333
05063,2008,10,3,0.5,0.1,1.0,0.0,1.0
05063,2009,20,5,0.44999999999999996,0.1,0.8888888888888888,0.19999999999999996,1.0
05063,2010,10,4,0.30000000000000004,0.0,1.0,0.0,1.0
05063,2011,15,4,0.2666666666666667,0.06666666666666667,1.0,0.0,1.0
05063,2012,6,2,0.16666666666666663,0.0,0.8333333333333334,0.0,1.0
05063,2013,7,2,0.1428571428571429,0.14285714285714285,1.0,0.0,1.0
05063,2014,10,4,0.09999999999999998,0.0,0.9,0.25,0.75
05063,2015,6,2,0.33333333333333337,0.0,0.8333333333333334,0.0,1.0
05063,2016,11,4,0.09999999999999998,0.0,0.9,0.0,1.0
05063,2017,8,2,0.5,0.25,0.8333333333333334,0.5,1.0
05063,2018,11,1,0.36363636363636365,0.0,0.9090909090909091,0.0,1.0
05063,2019,14,3,0.4285714285714286,0.14285714285714285,0.75,0.33333333333333337,0.6666666666666666
05063,2020,22,9,0.4545454545454546,0.18181818181818182,0.7222222222222222,0.11111111111111116,0.8888888888888888
05063,2021,23,5,0.3913043478260869,0.043478260869565216,0.8181818181818182,0.19999999999999996,1.0
05063,2022,14,1,0.4285714285714286,0.07142857142857142,0.7692307692307693,0.0,1.0
05063,2023,13,0,0.3846153846153846,0.0,0.9230769230769231,,
05065,2008,4,0,0.75,0.5,1.0,,
05065,2009,2,0,0.5,0.0,0.5,,
05065,2010,2,0,0.5,0.0,1.0,,
05065,2011,2,0,0.0,0.0,1.0,,
05065,2012,3,1,0.6666666666666667,0.3333333333333333,0.5,1.0,0.0
05065,2013,4,0,0.0,0.0,1.0,,
05065,2014,3,0,0.0,0.0,1.0,,
05065,2017,2,2,0.0,0.0,1.0,0.0,1.0
05065,2018,5,1,0.19999999999999996,0.2,1.0,0.0,1.0
05065,2019,3,1,0.6666666666666667,0.0,0.6666666666666666,0.0,1.0
05065,2021,7,3,0.7142857142857143,0.14285714285714285,0.8333333333333334,0.6666666666666667,0.6666666666666666
05065,2022,5,1,0.4,0.2,1.0,1.0,1.0
05067,2008,10,1,0.7,0.2,0.625,1.0,1.0
05067,2009,12,3,0.5833333333333333,0.08333333333333333,0.2727272727272727,1.0,0.3333333333333333
05067,2010,5,1,0.4,0.2,0.0,0.0,0.0
05067,2011,2,2,1.0,0.0,1.0,1.0,1.0
05067,2012,9,2,0.5,0.0,0.375,0.0,0.0
05067,2013,4,1,0.75,0.25,0.6666666666666666,1.0,1.0
05067,2014,6,0,0.33333333333333337,0.0,0.16666666666666666,,
05067,2015,8,2,0.2857142857142857,0.0,0.14285714285714285,0.0,0.0
05067,2016,5,2,0.4,0.2,0.25,0.0,0.0
05067,2017,8,1,0.75,0.0,0.625,1.0,1.0
05067,2018,2,1,0.5,0.0,0.0,0.0,0.0
05067,2019,3,0,0.33333333333333337,0.0,0.3333333333333333,,
05067,2020,11,2,0.36363636363636365,0.0,0.2727272727272727,0.0,0.0
05067,2021,4,0,0.5,0.0,0.25,,
05067,2022,8,2,0.75,0.5,0.5,0.5,0.5
05067,2023,23,3,0.7727272727272727,0.4090909090909091,0.23076923076923078,0.6666666666666667,0.0
05069,2008,20,5,0.35,0.0,0.15,0.6,0.4
05069,2009,21,7,0.23809523809523814,0.0,0.14285714285714285,0.2857142857142857,0.14285714285714285
05069,2010,16,5,0.5333333333333333,0.0,0.26666666666666666,0.6,0.2
05069,2011,26,7,0.6799999999999999,0.12,0.36363636363636365,0.7142857142857143,0.14285714285714285
05069,2012,17,6,0.2941176470588235,0.11764705882352941,0.13333333333333333,0.0,0.0
05069,2013,12,3,0.5,0.0,0.25,0.6666666666666667,0.3333333333333333
05069,2014,24,4,0.5416666666666667,0.041666666666666664,0.17391304347826086,0.5,0.0
05069,2015,11,6,0.6363636363636364,0.18181818181818182,0.1111111111111111,0.8333333333333334,0.2
05069,2016,17,2,0.375,0.1875,0.07692307692307693,0.5,0.0
05069,2017,19,2,0.4117647058823529,0.17647058823529413,0.07142857142857142,0.5,0.5
05069,2018,16,2,0.4,0.13333333333333333,0.07692307692307693,0.5,0.0
05069,2019,23,4,0.5909090909090908,0.09090909090909091,0.2,0.25,0.0
05069,2020,21,3,0.38095238095238093,0.09523809523809523,0.05263157894736842,0.6666666666666667,0.0
05069,2021,19,5,0.38888888888888884,0.1111111111111111,0.1875,0.6,0.2
05069,2022,17,1,0.5333333333333333,0.2,0.08333333333333333,0.0,0.0
05069,2023,23,7,0.6190476190476191,0.047619047619047616,0.25,0.5714285714285714,0.14285714285714285
05071,2008,4,1,0.25,0.25,1.0,0.0,1.0
05071,2009,9,1,0.6666666666666667,0.4444444444444444,0.8,1.0,
05071,2010,3,1,0.0,0.0,1.0,0.0,1.0
05071,2011,14,4,0.7142857142857143,0.07142857142857142,0.6153846153846154,0.5,0.5
05071,2012,10,2,0.4,0.1,0.7777777777777778,1.0,0.5
05071,2013,4,1,0.5,0.5,1.0,0.0,1.0
05071,2014,6,0,0.6666666666666667,0.16666666666666666,0.4,,
05071,2015,1,1,1.0,0.0,1.0,1.0,1.0
05071,2016,6,0,0.33333333333333337,0.0,0.8333333333333334,,
05071,2017,1,1,0.0,0.0,1.0,0.0,1.0
05071,2018,7,0,0.4285714285714286,0.14285714285714285,0.8333333333333334,,
05071,2019,6,0,0.6666666666666667,0.16666666666666666,0.8,,
05071,2020,8,1,0.625,0.0,0.875,1.0,0.0
05071,2021,7,1,0.5714285714285714,0.14285714285714285,0.8333333333333334,0.0,1.0
05071,2022,11,1,0.4545454545454546,0.09090909090909091,0.7,1.0,0.0
05071,2023,3,0,0.33333333333333337,0.0,1.0,,
05073,2008,2,1,0.5,0.0,1.0,1.0,1.0
05073,2009,7,3,0.1428571428571429,0.0,1.0,0.0,1.0
05073,2010,8,2,0.5,0.25,0.6666666666666666,0.0,1.0
05073,2011,8,2,0.5714285714285714,0.2857142857142857,0.6,0.5,0.5
05073,2012,3,2,0.33333333333333337,0.0,0.6666666666666666,0.0,1.0
05073,2013,3,0,1.0,0.0,0.0,,
05073,2014,4,1,0.5,0.0,0.5,0.0,1.0
05073,2015,2,0,1.0,0.0,0.5,,
05073,2016,2,0,0.0,0.0,1.0,,
05073,2019,1,1,0.0,0.0,1.0,0.0,1.0
05073,2020,3,1,1.0,0.3333333333333333,0.5,1.0,0.0
05073,2023,2,0,1.0,0.5,0.0,,
05075,2008,8,1,0.7142857142857143,0.14285714285714285,1.0,1.0,
05075,2009,13,3,0.6153846153846154,0.15384615384615385,0.8181818181818182,0.33333333333333337,1.0
05075,2010,5,3,1.0,0.2,0.75,1.0,1.0
05075,2011,4,1,0.25,0.0,1.0,0.0,1.0
05075,2012,5,0,0.4,0.0,1.0,,
05075,2013,5,2,0.4,0.0,0.8,0.5,0.5
05075,2014,15,2,0.6,0.06666666666666667,0.7142857142857143,1.0,1.0
05075,2015,8,1,0.625,0.375,0.8,0.0,1.0
05075,2016,17,2,0.6470588235294117,0.4117647058823529,0.8,0.5,1.0
05075,2017,5,1,0.19999999999999996,0.2,1.0,1.0,
05075,2018,21,1,0.7619047619047619,0.3333333333333333,0.5,1.0,
05075,2019,15,3,0.6666666666666667,0.2,0.75,0.6666666666666667,0.3333333333333333
05075,2020,14,1,0.5714285714285714,0.14285714285714285,0.75,0.0,1.0
05075,2021,11,3,0.4545454545454546,0.18181818181818182,0.7777777777777778,0.6666666666666667,0.3333333333333333
05075,2022,16,2,0.6,0.3333333333333333,0.7,0.5,0.5
05075,2023,3,0,1.0,0.0,0.5,,
05077,2008,6,2,0.33333333333333337,0.16666666666666666,0.2,0.5,0.5
05077,2009,4,1,0.25,0.0,0.0,0.0,0.0
05077,2010,7,1,0.7142857142857143,0.0,0.14285714285714285,1.0,0.0
05077,2011,2,1,1.0,0.0,1.0,1.0,1.0
05077,2012,2,1,1.0,0.0,0.0,1.0,0.0
05077,2013,2,0,0.5,0.0,0.0,,
05077,2015,5,2,0.19999999999999996,0.0,0.0,0.0,0.0
05077,2016,1,0,1.0,1.0,,,
05077,2017,4,2,0.25,0.0,0.0,0.0,0.0
05077,2019,3,1,0.33333333333333337,0.0,0.0,0.0,0.0
05077,2020,2,0,1.0,0.0,1.0,,
05077,2021,3,0,0.6666666666666667,0.3333333333333333,0.0,,
05077,2022,1,0,0.0,0.0,0.0,,
05077,2023,6,0,0.0,0.0,0.0,,
05079,2008,7,0,0.8571428571428572,0.2857142857142857,0.2,,
05079,2009,8,2,0.625,0.125,0.42857142857142855,1.0,0.0
05079,2010,5,1,0.6,0.0,1.0,0.0,1.0
05079,2011,3,0,1.0,0.0,0.3333333333333333,,
05079,2012,2,0,1.0,0.5,0.0,,
05079,2013,2,0,0.0,0.0,1.0,,
05079,2014,6,2,0.8333333333333334,0.0,0.16666666666666666,0.5,0.5
05079,2015,3,0,1.0,0.0,0.0,,
05079,2016,1,0,0.0,0.0,1.0,,
05079,2017,4,0,0.75,0.0,0.25,,
05079,2018,5,1,0.6,0.0,0.6,0.0,1.0
05079,2019,2,0,0.5,0.0,0.5,,
05079,2020,2,2,0.5,0.0,1.0,0.5,1.0
05079,2021,2,0,1.0,0.5,1.0,,
05079,2022,10,0,0.4,0.0,0.6,,
05081,2008,3,3,0.6666666666666667,0.0,0.6666666666666666,0.6666666666666667,0.6666666666666666
05081,2009,5,1,0.4,0.2,0.75,0.0,1.0
05081,2010,2,0,1.0,0.5,1.0,,
05081,2011,4,1,0.5,0.25,1.0,0.0,1.0
05081,2012,4,0,0.75,0.5,1.0,,
05081,2013,10,2,0.5,0.2,0.75,0.5,1.0
05081,2014,2,0,1.0,0.0,0.5,,
05081,2015,4,1,0.25,0.25,1.0,0.0,1.0
05081,2016,5,2,0.4,0.0,0.4,0.0,0.0
05081,2017,4,1,0.75,0.25,0.6666666666666666,1.0,1.0
05081,2018,6,1,0.33333333333333337,0.0,0.16666666666666666,0.0,0.0
05081,2019,6,1,0.5,0.0,0.3333333333333333,0.0,0.0
05081,2020,2,2,0.0,0.0,0.0,0.0,0.0
05081,2021,7,2,0.7142857142857143,0.2857142857142857,0.2,0.5,0.0
05081,2023,6,1,0.5,0.16666666666666666,0.0,1.0,0.0
05083,2008,7,4,0.2857142857142857,0.0,1.0,0.25,1.0
05083,2009,2,0,0.0,0.0,1.0,,
05083,2010,8,4,0.5,0.25,1.0,0.5,1.0
05083,2011,4,1,0.0,0.0,1.0,0.0,1.0
05083,2012,7,1,0.2857142857142857,0.0,0.8571428571428571,0.0,1.0
05083,2013,4,1,0.25,0.25,1.0,0.0,1.0
05083,2014,3,0,0.33333333333333337,0.0,0.6666666666666666,,
05083,2015,6,2,0.33333333333333337,0.0,1.0,0.5,1.0
05083,2016,5,1,0.8,0.2,1.0,1.0,1.0
05083,2017,9,3,0.5555555555555556,0.1111111111111111,0.75,0.6666666666666667,1.0
05083,2018,2,1,0.5,0.0,1.0,1.0,1.0
05083,2019,6,2,0.33333333333333337,0.0,1.0,0.5,1.0
05083,2020,3,2,0.33333333333333337,0.0,0.6666666666666666,0.5,0.5
05083,2021,13,4,0.3076923076923077,0.07692307692307693,1.0,0.75,1.0
05083,2022,5,2,0.6,0.4,1.0,0.0,1.0
05083,2023,8,1,0.625,0.0,0.75,1.0,0.0
05085,2008,30,4,0.4137931034482759,0.20689655172413793,0.8260869565217391,0.0,1.0
05085,2009,19,5,0.6842105263157895,0.10526315789473684,0.5294117647058824,0.4,0.6
05085,2010,10,3,0.4,0.0,0.7,0.6666666666666667,0.6666666666666666
05085,2011,21,4,0.6,0.15,0.6470588235294118,0.0,1.0
05085,2012,24,3,0.4,0.2,0.8125,0.33333333333333337,0.6666666666666666
05085,2013,13,5,0.15384615384615385,0.0,0.9230769230769231,0.0,1.0
05085,2014,14,1,0.5714285714285714,0.07142857142857142,0.5384615384615384,0.0,1.0
05085,2015,16,3,0.5625,0.125,0.6428571428571429,0.33333333333333337,0.6666666666666666
05085,2016,19,5,0.5789473684210527,0.10526315789473684,0.5882352941176471,0.6,0.4
05085,2017,11,2,0.5454545454545454,0.18181818181818182,0.6666666666666666,0.0,1.0
05085,2018,10,1,0.8,0.3,0.5714285714285714,1.0,0.0
05085,2019,12,3,0.6666666666666667,0.0,0.5,0.6666666666666667,0.6666666666666666
05085,2020,18,1,0.7222222222222222,0.16666666666666666,0.4666666666666667,1.0,0.0
05085,2021,27,3,0.7307692307692308,0.0,0.46153846153846156,0.6666666666666667,0.3333333333333333
05085,2022,24,6,0.625,0.041666666666666664,0.5652173913043478,0.8333333333333334,0.6
05085,2023,17,0,0.75,0.3125,0.5454545454545454,,
05087,2008,4,1,0.75,0.0,0.25,1.0,1.0
05087,2009,12,2,0.6666666666666667,0.16666666666666666,0.2,0.0,0.0
05087,2010,5,2,0.6,0.0,0.2,0.5,0.0
05087,2011,8,3,0.5,0.125,0.14285714285714285,1.0,0.5
05087,2012,7,0,0.7142857142857143,0.0,0.14285714285714285,,
05087,2013,4,2,0.75,0.25,0.0,0.5,0.0
05087,2014,6,3,0.6666666666666667,0.3333333333333333,0.0,0.33333333333333337,0.0
05087,2015,12,1,0.5833333333333333,0.16666666666666666,0.1,1.0,0.0
05087,2016,8,1,0.875,0.125,0.0,1.0,0.0
05087,2017,12,1,0.5,0.08333333333333333,0.18181818181818182,1.0,0.0
05087,2018,2,0,0.5,0.5,0.0,,
05087,2019,4,0,0.75,0.25,0.0,,
05087,2020,8,3,0.625,0.25,0.16666666666666666,0.6666666666666667,0.5
05087,2021,6,2,0.8333333333333334,0.16666666666666666,0.0,1.0,0.0
05087,2022,9,0,0.7777777777777778,0.2222222222222222,0.0,,
05087,2023,16,3,0.875,0.125,0.0,0.6666666666666667,0.0
05089,2008,9,2,0.4444444444444444,0.2222222222222222,0.0,0.5,0.0
05089,2009,4,0,0.5,0.0,0.0,,
05089,2010,6,1,0.5,0.3333333333333333,0.0,1.0,
05089,2011,9,1,0.6666666666666667,0.3333333333333333,0.0,0.0,0.0
05089,2012,3,0,0.6666666666666667,0.0,0.0,,
05089,2013,5,0,0.19999999999999996,0.0,0.2,,
05089,2014,5,0,1.0,0.0,0.2,,
05089,2015,9,1,0.5555555555555556,0.0,0.1111111111111111,1.0,0.0
05089,2016,4,0,0.5,0.0,0.0,,
05089,2017,1,0,0.0,0.0,0.0,,
05089,2018,4,0,0.75,0.0,0.25,,
05089,2019,3,1,0.6666666666666667,0.0,0.3333333333333333,1.0,1.0
05089,2020,9,1,0.33333333333333337,0.1111111111111111,0.0,0.0,0.0
05089,2021,4,2,0.75,0.5,0.0,0.5,0.0
05089,2022,2,1,0.5,0.0,0.0,0.0,0.0
05089,2023,4,0,0.0,0.0,0.0,,
05091,2008,6,3,0.5,0.3333333333333333,0.25,0.0,0.0
05091,2009,17,5,0.6875,0.5625,0.14285714285714285,0.6,0.3333333333333333
05091,2010,7,3,0.4285714285714286,0.42857142857142855,0.0,0.33333333333333337,0.0
05091,2011,18,4,0.5,0.3333333333333333,0.16666666666666666,0.75,0.0
05091,2012,13,3,0.5384615384615384,0.38461538461538464,0.25,0.0,0.0
05091,2013,10,1,0.8,0.5,0.6,1.0,
05091,2014,6,0,0.6666666666666667,0.6666666666666666,0.0,,
05091,2015,18,3,0.7222222222222222,0.5,0.3333333333333333,0.6666666666666667,0.5
05091,2016,15,1,0.7333333333333334,0.5333333333333333,0.0,1.0,0.0
05091,2017,26,3,0.9583333333333334,0.4583333333333333,0.6153846153846154,1.0,1.0
05091,2018,12,4,0.5454545454545454,0.09090909090909091,0.4,0.25,0.25
05091,2019,9,3,0.5,0.375,0.0,0.6666666666666667,0.0
05091,2020,17,1,0.4117647058823529,0.29411764705882354,0.08333333333333333,1.0,
05091,2021,19,5,0.5555555555555556,0.4444444444444444,0.1,0.4,0.0
05091,2022,15,3,0.3571428571428571,0.14285714285714285,0.16666666666666666,0.6666666666666667,0.5
05091,2023,7,3,0.7142857142857143,0.42857142857142855,0.5,0.6666666666666667,0.5
05093,2008,10,0,0.5,0.5,0.0,,
05093,2009,22,3,0.2727272727272727,0.13636363636363635,0.10526315789473684,0.0,0.0
05093,2010,16,5,0.4375,0.25,0.16666666666666666,0.0,0.0
05093,2011,7,1,0.4285714285714286,0.2857142857142857,0.0,1.0,
05093,2012,12,6,0.41666666666666663,0.25,0.1111111111111111,0.5,0.2
05093,2013,14,5,0.3571428571428571,0.21428571428571427,0.09090909090909091,0.6,0.3333333333333333
05093,2014,8,2,0.375,0.375,0.0,0.5,0.0
05093,2015,5,0,0.4,0.2,0.0,,
05093,2016,16,2,0.2666666666666667,0.13333333333333333,0.15384615384615385,0.0,0.0
05093,2017,12,3,0.16666666666666663,0.0,0.08333333333333333,0.0,0.0
05093,2018,5,2,0.4,0.0,0.0,0.0,0.0
05093,2019,11,1,0.2727272727272727,0.18181818181818182,0.1111111111111111,0.0,0.0
05093,2020,13,4,0.15384615384615385,0.07692307692307693,0.0,0.25,0.0
05093,2021,10,4,0.09999999999999998,0.1,0.0,0.0,0.0
05093,2022,17,3,0.4117647058823529,0.29411764705882354,0.08333333333333333,0.33333333333333337,0.0
05093,2023,14,0,0.75,0.4166666666666667,0.42857142857142855,,
05095,2008,5,2,0.4,0.0,0.0,0.5,0.0
05095,2009,8,1,0.375,0.125,0.14285714285714285,0.0,0.0
05095,2010,7,2,0.2857142857142857,0.0,0.0,0.0,0.0
05095,2011,10,4,0.8,0.2,0.125,1.0,0.0
05095,2012,5,1,0.8,0.4,0.0,0.0,0.0
05095,2013,11,1,0.5,0.2,0.125,1.0,0.0
05095,2014,6,0,0.8333333333333334,0.5,0.0,,
05095,2015,5,1,0.6,0.2,0.0,0.0,0.0
05095,2016,10,2,0.7,0.2,0.125,1.0,0.0
05095,2017,4,2,0.5,0.0,0.25,0.0,0.0
05095,2018,3,0,1.0,0.6666666666666666,1.0,,
05095,2019,9,1,0.625,0.25,0.16666666666666666,1.0,0.0
05095,2020,4,0,0.0,0.0,0.0,,
05095,2021,2,1,1.0,0.0,0.0,1.0,0.0
05095,2022,4,0,0.75,0.25,0.3333333333333333,,
05095,2023,6,1,0.33333333333333337,0.16666666666666666,0.2,0.0,0.0
05097,2008,6,1,0.6666666666666667,0.16666666666666666,0.8,1.0,0.0
05097,2009,1,0,1.0,1.0,,,
05097,2010,2,0,0.5,0.0,1.0,,
05097,2011,1,0,0.0,0.0,1.0,,
05097,2012,3,0,0.33333333333333337,0.0,1.0,,
05097,2013,5,0,0.6,0.0,0.6,,
05097,2014,4,3,0.75,0.25,0.6666666666666666,0.6666666666666667,0.6666666666666666
05097,2015,8,0,0.625,0.125,0.8571428571428571,,
05097,2016,5,1,0.8,0.2,1.0,1.0,1.0
05097,2017,2,1,0.5,0.0,0.5,1.0,0.0
05097,2018,4,1,0.75,0.25,0.6666666666666666,1.0,
05097,2019,5,1,0.8,0.0,0.6,1.0,1.0
05097,2020,6,2,1.0,0.16666666666666666,0.6,1.0,0.5
05097,2021,5,0,0.6,0.2,0.75,,
05097,2022,3,1,0.0,0.0,1.0,0.0,1.0
05097,2023,2,0,1.0,0.0,0.5,,
05099,2008,3,0,1.0,0.6666666666666666,0.0,,
05099,2009,1,0,1.0,0.0,1.0,,
05099,2010,7,1,0.7142857142857143,0.0,0.8571428571428571,1.0,1.0
05099,2011,8,1,0.5,0.25,0.6666666666666666,1.0,0.0
05099,2012,8,4,0.375,0.0,0.75,0.25,0.75
05099,2013,2,1,0.5,0.5,1.0,0.0,1.0
05099,2014,6,0,0.8,0.4,0.3333333333333333,,
05099,2015,2,0,1.0,0.5,1.0,,
05099,2016,6,0,0.5,0.0,0.75,,
05099,2017,2,0,0.5,0.5,1.0,,
05099,2018,5,2,1.0,0.4,0.3333333333333333,1.0,0.0
05099,2019,4,0,0.5,0.5,1.0,,
05099,2020,1,0,1.0,0.0,0.0,,
05099,2021,5,2,1.0,0.0,0.4,1.0,0.0
05099,2022,6,1,0.5,0.16666666666666666,0.8,1.0,1.0
05099,2023,1,0,0.0,0.0,1.0,,
05101,2008,8,0,0.5,0.25,1.0,,
05101,2009,7,1,0.8571428571428572,0.5714285714285714,1.0,0.0,1.0
05101,2010,4,0,1.0,0.25,0.0,,
05101,2011,2,0,0.5,0.5,1.0,,
05101,2013,1,0,1.0,1.0,,,
05101,2014,3,0,0.6666666666666667,0.3333333333333333,0.5,,
05101,2015,1,0,1.0,1.0,,,
05101,2016,2,0,0.5,0.5,1.0,,
05101,2017,2,0,1.0,0.5,1.0,,
05101,2018,6,1,0.33333333333333337,0.16666666666666666,1.0,1.0,
05101,2019,7,1,0.8571428571428572,0.5714285714285714,0.3333333333333333,1.0,
05101,2020,4,0,1.0,0.75,0.0,,
05101,2021,3,0,1.0,0.3333333333333333,0.0,,
05101,2022,9,0,0.6666666666666667,0.2222222222222222,0.42857142857142855,,
05101,2023,3,0,0.6666666666666667,0.3333333333333333,0.5,,
05103,2008,2,2,0.0,0.0,0.0,0.0,0.0
05103,2009,3,0,0.33333333333333337,0.0,0.0,,
05103,2010,10,2,0.19999999999999996,0.1,0.0,0.5,0.0
05103,2011,7,1,0.4285714285714286,0.14285714285714285,0.0,0.0,0.0
05103,2012,4,1,0.75,0.25,0.3333333333333333,0.0,0.0
05103,2013,9,0,0.2222222222222222,0.0,0.1111111111111111,,
05103,2014,4,0,0.25,0.0,0.0,,
05103,2015,7,2,0.2857142857142857,0.14285714285714285,0.16666666666666666,0.0,0.0
05103,2016,3,0,0.0,0.0,0.0,,
05103,2017,7,3,0.5714285714285714,0.14285714285714285,0.0,0.33333333333333337,0.0
05103,2018,6,1,0.33333333333333337,0.16666666666666666,0.0,0.0,0.0
05103,2019,9,4,0.33333333333333337,0.0,0.1111111111111111,0.25,0.0
05103,2020,5,1,0.19999999999999996,0.0,0.0,0.0,0.0
05103,2021,9,3,0.4444444444444444,0.0,0.0,0.0,0.0
05103,2022,10,4,0.30000000000000004,0.0,0.1,0.25,0.25
05103,2023,8,3,0.5,0.25,0.0,0.6666666666666667,0.0
05105,2008,2,0,0.0,0.0,1.0,,
05105,2009,4,2,0.25,0.0,0.75,0.0,1.0
05105,2010,7,2,0.5714285714285714,0.14285714285714285,0.8333333333333334,0.5,1.0
05105,2011,6,0,1.0,0.6666666666666666,0.5,,
05105,2012,1,0,1.0,0.0,1.0,,
05105,2013,4,1,0.75,0.0,0.75,1.0,1.0
05105,2014,1,0,0.0,0.0,1.0,,
05105,2015,5,1,0.4,0.0,1.0,0.0,1.0
05105,2016,4,1,0.75,0.25,0.3333333333333333,1.0,0.0
05105,2017,7,2,0.7142857142857143,0.0,0.8571428571428571,0.5,1.0
05105,2018,2,0,1.0,0.5,0.0,,
05105,2019,2,1,0.0,0.0,1.0,0.0,1.0
05105,2021,9,0,0.33333333333333337,0.1111111111111111,0.875,,
05105,2022,6,2,0.8333333333333334,0.16666666666666666,0.4,1.0,0.0
05107,2008,9,3,0.4444444444444444,0.1111111111111111,0.0,0.33333333333333337,0.0
05107,2009,11,4,0.4545454545454546,0.09090909090909091,0.2,0.5,0.25
05107,2010,4,1,0.25,0.25,0.0,0.0,0.0
05107,2011,6,2,0.19999999999999996,0.2,0.0,0.5,0.0
05107,2012,1,0,0.0,0.0,0.0,,
05107,2013,7,1,0.1428571428571429,0.14285714285714285,0.0,0.0,0.0
05107,2014,7,2,0.4285714285714286,0.2857142857142857,0.0,0.0,0.0
05107,2015,7,1,0.2857142857142857,0.14285714285714285,0.0,0.0,0.0
05107,2016,5,0,0.4,0.2,0.0,,
05107,2017,4,0,0.5,0.0,0.0,,
05107,2018,6,1,0.5,0.0,0.16666666666666666,0.0,0.0
05107,2019,9,1,0.4444444444444444,0.2222222222222222,0.0,1.0,0.0
05107,2020,5,0,0.6,0.6,0.0,,
05107,2021,11,4,0.2727272727272727,0.18181818181818182,0.1111111111111111,0.25,0.25
05107,2022,5,0,0.4,0.2,0.0,,
05107,2023,7,2,0.1428571428571429,0.0,0.0,0.0,0.0
05109,2008,4,0,0.5,0.25,1.0,,
05109,2009,2,2,1.0,0.0,0.5,1.0,0.5
05109,2010,1,0,1.0,1.0,,,
05109,2011,5,2,0.4,0.0,0.6,0.0,1.0
05109,2012,3,1,1.0,0.3333333333333333,1.0,1.0,
05109,2013,3,1,1.0,0.0,0.6666666666666666,1.0,1.0
05109,2014,5,0,0.4,0.0,0.6,,
05109,2015,1,0,1.0,1.0,,,
05109,2016,2,0,0.5,0.0,0.5,,
05109,2017,4,0,0.5,0.25,0.6666666666666666,,
05109,2019,2,0,1.0,0.5,1.0,,
05109,2020,1,0,1.0,0.0,1.0,,
05109,2021,2,1,1.0,0.0,0.5,1.0,0.0
05109,2022,2,0,1.0,0.0,0.5,,
05109,2023,10,0,0.5,0.0,0.7,,
05111,2008,10,3,0.6,0.1,0.4444444444444444,0.0,0.0
05111,2009,4,1,0.75,0.25,0.3333333333333333,1.0,
05111,2010,5,0,0.4,0.0,0.4,,
05111,2011,8,2,0.625,0.0,0.25,0.5,0.5
05111,2012,5,2,0.4,0.0,0.4,0.5,0.5
05111,2013,5,1,0.6,0.6,0.0,0.0,0.0
05111,2014,9,0,0.4444444444444444,0.1111111111111111,0.25,,
05111,2015,10,5,0.4,0.0,0.2,0.6,0.2
05111,2016,17,1,0.3529411764705882,0.11764705882352941,0.2,1.0,
05111,2017,4,2,0.5,0.0,0.25,0.5,0.0
05111,2018,6,1,0.5,0.16666666666666666,0.2,0.0,0.0
05111,2019,4,0,0.25,0.0,0.25,,
05111,2020,19,4,0.631578947368421,0.0,0.2631578947368421,0.75,0.25
05111,2021,13,1,0.5384615384615384,0.15384615384615385,0.2727272727272727,0.0,0.0
05111,2022,7,1,0.2857142857142857,0.14285714285714285,0.16666666666666666,0.0,0.0
05111,2023,9,1,0.625,0.25,0.16666666666666666,0.0,0.0
05113,2008,13,4,0.3076923076923077,0.23076923076923078,1.0,0.0,1.0
05113,2009,9,1,0.33333333333333337,0.1111111111111111,0.875,1.0,1.0
05113,2010,9,0,0.33333333333333337,0.2222222222222222,1.0,,
05113,2011,7,0,0.4285714285714286,0.2857142857142857,0.8,,
05113,2012,8,1,0.25,0.125,1.0,0.0,1.0
05113,2013,6,2,0.6666666666666667,0.3333333333333333,0.75,0.5,1.0
05113,2014,9,1,0.4444444444444444,0.3333333333333333,1.0,0.0,1.0
05113,2015,17,2,0.5294117647058824,0.29411764705882354,0.75,0.5,1.0
05113,2016,6,0,0.33333333333333337,0.0,0.8333333333333334,,
05113,2017,4,2,0.75,0.5,1.0,1.0,
05113,2018,3,0,0.6666666666666667,0.3333333333333333,1.0,,
05113,2019,5,0,0.4,0.0,1.0,,
05113,2020,5,1,0.19999999999999996,0.0,1.0,0.0,1.0
05113,2021,11,2,0.4545454545454546,0.09090909090909091,0.8,0.5,1.0
05113,2022,5,3,1.0,0.4,0.0,1.0,0.0
05113,2023,5,3,0.19999999999999996,0.0,0.0,0.33333333333333337,0.0
05115,2008,16,2,0.375,0.0625,0.8666666666666667,1.0,0.5
05115,2009,8,4,0.125,0.0,0.875,0.25,0.75
05115,2010,16,2,0.5,0.125,0.9285714285714286,0.5,1.0
05115,2011,8,2,0.1428571428571429,0.14285714285714285,1.0,0.0,1.0
05115,2012,23,6,0.31818181818181823,0.13636363636363635,0.9473684210526315,0.16666666666666663,1.0
05115,2013,7,1,0.4285714285714286,0.0,0.7142857142857143,1.0,1.0
05115,2014,9,1,0.5555555555555556,0.2222222222222222,0.8571428571428571,0.0,1.0
05115,2015,12,1,0.33333333333333337,0.25,1.0,0.0,1.0
05115,2016,4,0,0.75,0.25,0.3333333333333333,,
05115,2017,17,4,0.4117647058823529,0.17647058823529413,1.0,0.75,1.0
05115,2018,8,4,0.4285714285714286,0.2857142857142857,1.0,0.0,1.0
05115,2019,16,3,0.75,0.1875,0.8461538461538461,0.33333333333333337,1.0
05115,2020,20,1,0.631578947368421,0.15789473684210525,0.5625,0.0,1.0
05115,2021,17,3,0.3529411764705882,0.0,0.7647058823529411,0.33333333333333337,1.0
05115,2022,5,1,0.4,0.2,0.75,1.0,
05115,2023,20,1,0.42105263157894735,0.10526315789473684,0.7058823529411765,0.0,1.0
05117,2008,14,2,0.8571428571428572,0.5,0.42857142857142855,1.0,0.0
05117,2009,6,2,1.0,0.6,0.0,1.0,0.0
05117,2010,7,1,0.8571428571428572,0.2857142857142857,0.6,1.0,0.0
05117,2011,18,2,0.8333333333333334,0.3888888888888889,0.2727272727272727,0.0,0.0
05117,2012,8,1,0.625,0.375,0.2,0.0,0.0
05117,2013,26,2,0.8,0.44,0.35714285714285715,1.0,0.0
05117,2014,2,1,0.5,0.5,0.0,0.0,0.0
05117,2016,2,1,0.5,0.5,0.0,0.0,0.0
05117,2017,10,3,0.8888888888888888,0.1111111111111111,0.375,1.0,0.0
05117,2018,5,1,0.8,0.2,0.0,1.0,0.0
05117,2019,3,0,1.0,0.3333333333333333,0.5,,
05117,2020,2,0,0.5,0.0,0.0,,
05117,2021,3,1,0.6666666666666667,0.0,0.3333333333333333,1.0,1.0
05117,2022,3,1,0.6666666666666667,0.3333333333333333,0.5,0.0,0.0
05117,2023,4,1,1.0,0.0,0.25,1.0,0.0
05119,2008,89,24,0.3176470588235294,0.03529411764705882,0.2804878048780488,0.4347826086956522,0.36363636363636365
05119,2009,73,16,0.2676056338028169,0.04225352112676056,0.17647058823529413,0.1875,0.1875
05119,2010,66,20,0.2727272727272727,0.045454545454545456,0.20634920634920634,0.30000000000000004,0.25
05119,2011,80,21,0.31506849315068497,0.0410958904109589,0.2,0.30000000000000004,0.15789473684210525
05119,2012,77,21,0.22077922077922074,0.05194805194805195,0.136986301369863,0.33333333333333337,0.2
05119,2013,74,17,0.34246575342465757,0.0410958904109589,0.22857142857142856,0.23529411764705888,0.17647058823529413
05119,2014,58,15,0.4444444444444444,0.07407407407407407,0.22,0.5333333333333333,0.14285714285714285
05119,2015,73,13,0.3802816901408451,0.04225352112676056,0.20588235294117646,0.3846153846153846,0.25
05119,2016,55,12,0.37254901960784315,0.058823529411764705,0.20833333333333334,0.33333333333333337,0.16666666666666666
05119,2017,74,11,0.5571428571428572,0.11428571428571428,0.3548387096774194,0.4545454545454546,0.3
05119,2018,94,20,0.41860465116279066,0.11627906976744186,0.18421052631578946,0.35,0.15789473684210525
05119,2019,85,19,0.3846153846153846,0.0641025641025641,0.2328767123287671,0.42105263157894735,0.23529411764705882
05119,2020,109,21,0.3163265306122449,0.01020408163265306,0.16494845360824742,0.2857142857142857,0.1
05119,2021,102,24,0.3711340206185567,0.10309278350515463,0.21839080459770116,0.25,0.21739130434782608
05119,2022,114,26,0.3529411764705882,0.08823529411764706,0.1935483870967742,0.34615384615384615,0.16666666666666666
05119,2023,128,25,0.3416666666666667,0.06666666666666667,0.15178571428571427,0.43999999999999995,0.2916666666666667
05121,2008,9,1,0.5555555555555556,0.2222222222222222,1.0,0.0,1.0
05121,2009,6,2,0.16666666666666663,0.0,1.0,0.5,1.0
05121,2010,5,1,0.4,0.2,1.0,1.0,1.0
05121,2011,7,3,0.2857142857142857,0.14285714285714285,1.0,0.33333333333333337,1.0
05121,2012,6,1,0.5,0.0,0.6666666666666666,1.0,0.0
05121,2014,9,1,0.33333333333333337,0.1111111111111111,0.75,0.0,1.0
05121,2015,4,2,0.5,0.25,1.0,0.5,1.0
05121,2016,2,2,0.5,0.5,1.0,0.5,1.0
05121,2017,10,1,0.5,0.4,1.0,0.0,1.0
05121,2018,13,0,0.6153846153846154,0.15384615384615385,0.09090909090909091,,
05121,2019,3,0,0.33333333333333337,0.3333333333333333,0.0,,
05121,2020,4,0,1.0,0.75,1.0,,
05121,2021,14,3,0.5,0.21428571428571427,0.36363636363636365,0.0,0.0
05121,2022,9,1,0.33333333333333337,0.2222222222222222,0.14285714285714285,0.0,0.0
05121,2023,10,2,0.6,0.1,0.3333333333333333,0.0,0.0
05123,2008,11,3,0.9090909090909091,0.2727272727272727,0.0,0.6666666666666667,0.0
05123,2009,22,1,0.7142857142857143,0.42857142857142855,0.0,0.0,0.0
05123,2010,10,2,0.8,0.4,0.3333333333333333,1.0,0.5
05123,2011,6,1,0.8333333333333334,0.6666666666666666,0.0,0.0,0.0
05123,2012,1,0,1.0,1.0,,,
05123,2013,14,0,0.7692307692307692,0.46153846153846156,0.14285714285714285,,
05123,2014,8,1,1.0,1.0,,1.0,
05123,2015,14,2,0.6923076923076923,0.5384615384615384,0.16666666666666666,0.5,0.0
05123,2016,12,0,0.6666666666666667,0.4166666666666667,0.14285714285714285,,
05123,2017,9,0,0.4444444444444444,0.2222222222222222,0.0,,
05123,2018,14,1,0.8461538461538461,0.6153846153846154,0.0,1.0,
05123,2019,20,0,0.8823529411764706,0.7058823529411765,0.0,,
05123,2020,16,3,0.5625,0.375,0.1,0.33333333333333337,0.0
05123,2021,16,4,0.6,0.4,0.1111111111111111,0.33333333333333337,0.0
05123,2022,28,2,1.0,0.8,0.2,1.0,0.0
05123,2023,4,2,1.0,0.5,0.5,1.0,0.5
05125,2008,19,5,0.42105263157894735,0.10526315789473684,0.8235294117647058,0.19999999999999996,1.0
05125,2009,21,6,0.6190476190476191,0.14285714285714285,0.5555555555555556,0.5,0.6666666666666666
05125,2010,33,5,0.59375,0.1875,0.6538461538461539,0.4,1.0
05125,2011,20,3,0.6,0.25,0.6666666666666666,0.33333333333333337,0.6666666666666666
05125,2012,17,3,0.5294117647058824,0.0,0.6470588235294118,0.6666666666666667,0.3333333333333333
05125,2013,26,5,0.42307692307692313,0.15384615384615385,0.8181818181818182,0.0,1.0
05125,2014,25,3,0.43999999999999995,0.08,0.043478260869565216,0.6666666666666667,0.0
05125,2015,26,4,0.5384615384615384,0.07692307692307693,0.125,0.75,0.3333333333333333
05125,2016,10,2,0.8,0.1,0.2222222222222222,1.0,0.0
05125,2017,13,2,0.3846153846153846,0.0,0.0,0.5,0.0
05125,2018,8,2,0.5,0.25,0.0,0.5,0.0
05125,2019,24,1,0.6666666666666667,0.20833333333333334,0.3157894736842105,0.0,0.0
05125,2020,21,6,0.8421052631578947,0.10526315789473684,0.11764705882352941,1.0,0.2
05125,2021,44,9,0.6046511627906976,0.09302325581395349,0.10256410256410256,1.0,0.4444444444444444
05125,2022,20,6,0.33333333333333337,0.1111111111111111,0.0625,0.16666666666666663,0.16666666666666666
05125,2023,27,5,0.5185185185185186,0.14814814814814814,0.21739130434782608,0.19999999999999996,0.0
05127,2008,5,2,0.6,0.0,1.0,0.5,1.0
05127,2009,2,0,1.0,0.0,1.0,,
05127,2010,12,4,0.8333333333333334,0.25,0.8888888888888888,0.75,1.0
05127,2012,2,1,1.0,0.0,1.0,1.0,1.0
05127,2014,1,0,1.0,1.0,,,
05127,2015,5,1,0.4,0.4,1.0,0.0,1.0
05127,2016,4,1,0.75,0.25,1.0,1.0,1.0
05127,2017,6,1,0.5,0.16666666666666666,0.8,0.0,1.0
05127,2018,5,1,0.6,0.0,0.8,0.0,1.0
05127,2019,2,0,1.0,0.0,1.0,,
05127,2020,3,0,1.0,0.0,0.3333333333333333,,
05127,2021,4,0,1.0,0.0,0.5,,
05127,2022,9,0,0.4444444444444444,0.1111111111111111,0.875,,
05127,2023,10,2,0.4,0.1,0.7777777777777778,0.0,1.0
05129,2008,1,1,0.0,0.0,1.0,0.0,1.0
05129,2009,4,2,0.5,0.0,1.0,0.0,1.0
05129,2010,2,0,1.0,0.5,1.0,,
05129,2011,4,1,0.75,0.0,0.5,0.0,1.0
05129,2012,7,2,0.5714285714285714,0.14285714285714285,0.5,1.0,0.0
05129,2013,5,0,0.6,0.4,1.0,,
05129,2014,9,1,0.5555555555555556,0.1111111111111111,0.75,1.0,0.0
05129,2015,7,2,0.8571428571428572,0.42857142857142855,0.25,1.0,0.0
05129,2016,3,0,1.0,0.3333333333333333,0.0,,
05129,2017,1,0,1.0,1.0,,,
05129,2018,7,0,0.8571428571428572,0.7142857142857143,1.0,,
05129,2019,3,1,0.33333333333333337,0.3333333333333333,1.0,0.0,1.0
05129,2020,6,1,0.4,0.0,0.6,1.0,0.0
05129,2021,6,2,0.5,0.0,0.8333333333333334,0.0,1.0
05129,2022,7,1,0.7142857142857143,0.42857142857142855,0.5,0.0,1.0
05129,2023,5,0,0.4,0.2,1.0,,
05131,2008,21,6,0.09523809523809523,0.047619047619047616,0.95,0.16666666666666663,1.0
05131,2009,21,8,0.33333333333333337,0.19047619047619047,0.9411764705882353,0.375,0.8571428571428571
05131,2010,16,5,0.5,0.25,1.0,0.4,1.0
05131,2011,11,1,0.18181818181818177,0.09090909090909091,1.0,0.0,1.0
05131,2012,6,3,0.33333333333333337,0.0,1.0,0.6666666666666667,1.0
05131,2013,15,1,0.19999999999999996,0.13333333333333333,0.9230769230769231,0.0,1.0
05131,2014,7,2,0.4285714285714286,0.2857142857142857,0.8,0.5,0.5
05131,2015,8,1,0.375,0.25,1.0,0.0,1.0
05131,2016,23,6,0.30434782608695654,0.13043478260869565,0.95,0.16666666666666663,0.8333333333333334
05131,2017,21,3,0.5238095238095238,0.2857142857142857,0.9333333333333333,0.6666666666666667,1.0
05131,2018,20,5,0.4736842105263158,0.15789473684210525,0.875,0.19999999999999996,1.0
05131,2019,12,1,0.16666666666666663,0.08333333333333333,1.0,0.0,1.0
05131,2020,21,1,0.38095238095238093,0.14285714285714285,0.9444444444444444,0.0,1.0
05131,2021,26,6,0.28,0.16,0.9523809523809523,0.33333333333333337,0.8
05131,2022,31,7,0.33333333333333337,0.06666666666666667,0.9285714285714286,0.4285714285714286,1.0
05131,2023,30,10,0.3214285714285714,0.21428571428571427,1.0,0.30000000000000004,1.0
05133,2008,6,0,0.6666666666666667,0.16666666666666666,1.0,,
05133,2009,4,1,0.25,0.25,1.0,1.0,
05133,2010,5,0,0.8,0.4,1.0,,
05133,2011,4,0,0.75,0.25,1.0,,
05133,2012,4,0,0.5,0.25,1.0,,
05133,2013,6,0,0.33333333333333337,0.16666666666666666,1.0,,
05133,2014,3,0,0.33333333333333337,0.0,1.0,,
05133,2015,5,1,0.4,0.2,1.0,0.0,1.0
05133,2016,11,2,0.5454545454545454,0.36363636363636365,0.8571428571428571,0.0,1.0
05133,2017,3,0,0.33333333333333337,0.3333333333333333,1.0,,
05133,2018,3,0,1.0,0.6666666666666666,1.0,,
05133,2019,7,2,0.5714285714285714,0.2857142857142857,0.8,1.0,1.0
05133,2020,9,2,0.4444444444444444,0.2222222222222222,0.2857142857142857,0.5,0.5
05133,2021,3,2,0.33333333333333337,0.3333333333333333,0.0,0.5,0.0
05133,2022,9,4,0.4444444444444444,0.3333333333333333,0.0,0.25,0.0
05133,2023,10,4,0.4,0.2,0.125,0.5,0.25
05135,2008,2,0,0.5,0.0,1.0,,
05135,2009,1,0,1.0,0.0,1.0,,
05135,2010,9,1,0.8888888888888888,0.2222222222222222,0.8571428571428571,1.0,0.0
05135,2011,5,1,1.0,0.2,1.0,1.0,1.0
05135,2012,12,1,0.25,0.16666666666666666,0.1,0.0,0.0
05135,2013,4,2,0.25,0.25,0.0,0.0,0.0
05135,2014,1,0,1.0,1.0,,,
05135,2015,6,2,0.8333333333333334,0.16666666666666666,0.6,0.5,0.5
05135,2016,8,2,0.625,0.375,0.4,0.5,0.0
05135,2017,16,2,0.5625,0.125,0.35714285714285715,0.5,0.5
05135,2018,6,0,0.5,0.3333333333333333,0.25,,
05135,2019,8,2,0.375,0.125,0.14285714285714285,0.0,0.0
05135,2020,5,2,0.19999999999999996,0.0,0.2,0.5,0.5
05135,2021,3,0,1.0,0.3333333333333333,1.0,,
05135,2022,1,1,1.0,0.0,0.0,1.0,0.0
05135,2023,8,1,0.4285714285714286,0.14285714285714285,0.16666666666666666,0.0,0.0
05137,2008,7,2,0.5714285714285714,0.0,1.0,1.0,1.0
05137,2009,2,0,0.5,0.0,1.0,,
05137,2010,5,2,0.4,0.0,0.8,0.5,1.0
05137,2011,6,1,0.5,0.16666666666666666,0.8,0.0,1.0
05137,2012,2,0,0.0,0.0,1.0,,
05137,2013,3,0,0.33333333333333337,0.0,0.6666666666666666,,
05137,2014,3,0,0.0,0.0,1.0,,
05137,2015,5,1,0.6,0.4,1.0,0.0,1.0
05137,2016,6,0,0.5,0.0,0.8333333333333334,,
05137,2017,8,0,0.5,0.125,0.7142857142857143,,
05137,2018,1,1,1.0,0.0,1.0,1.0,1.0
05137,2019,1,1,1.0,0.0,1.0,1.0,1.0
05137,2020,4,0,0.0,0.0,1.0,,
05137,2021,6,1,0.0,0.0,1.0,0.0,1.0
05137,2022,6,1,0.5,0.0,0.8333333333333334,0.0,1.0
05137,2023,4,1,0.25,0.0,0.75,1.0,0.0
05139,2008,8,3,0.5,0.25,0.16666666666666666,0.33333333333333337,0.0
05139,2009,6,4,0.5,0.5,0.0,0.25,0.0
05139,2010,10,1,0.4,0.2,0.125,0.0,0.0
05139,2011,10,4,0.5555555555555556,0.3333333333333333,0.3333333333333333,0.75,0.5
05139,2012,15,2,0.5333333333333333,0.2,0.16666666666666666,0.5,0.5
05139,2013,7,1,0.2857142857142857,0.14285714285714285,0.0,0.0,0.0
05139,2014,10,1,0.30000000000000004,0.2,0.125,0.0,0.0
05139,2015,15,3,0.2666666666666667,0.06666666666666667,0.07142857142857142,0.33333333333333337,0.0
05139,2016,11,2,0.6363636363636364,0.2727272727272727,0.375,1.0,0.0
05139,2017,8,1,0.5,0.125,0.2857142857142857,0.0,0.0
05139,2018,18,3,0.38888888888888884,0.2222222222222222,0.0,0.33333333333333337,0.0
05139,2019,18,4,0.16666666666666663,0.05555555555555555,0.058823529411764705,0.0,0.0
05139,2020,8,0,0.5,0.0,0.25,,
05139,2021,16,4,0.4,0.2,0.08333333333333333,0.25,0.0
05139,2022,10,3,0.4,0.3,0.14285714285714285,0.6666666666666667,0.5
05139,2023,7,1,0.0,0.0,0.0,0.0,0.0
05141,2008,7,0,0.5714285714285714,0.2857142857142857,1.0,,
05141,2009,7,1,0.4285714285714286,0.0,0.8571428571428571,1.0,1.0
05141,2010,17,3,0.6470588235294117,0.17647058823529413,0.9285714285714286,0.6666666666666667,1.0
05141,2011,15,2,0.5714285714285714,0.07142857142857142,0.9230769230769231,1.0,1.0
05141,2012,8,3,0.75,0.125,0.8571428571428571,0.6666666666666667,0.6666666666666666
05141,2013,8,2,0.625,0.125,0.7142857142857143,0.5,1.0
05141,2014,11,2,0.36363636363636365,0.09090909090909091,0.9,0.0,1.0
05141,2015,1,1,0.0,0.0,1.0,0.0,1.0
05141,2017,6,0,0.5,0.16666666666666666,1.0,,
05141,2018,5,1,0.6,0.2,1.0,1.0,1.0
05141,2020,8,0,0.625,0.375,0.2,,
05141,2021,10,4,0.6,0.1,0.5555555555555556,0.75,0.75
05141,2022,5,2,0.19999999999999996,0.0,0.2,0.0,0.0
05141,2023,1,0,1.0,0.0,1.0,,
05143,2008,23,12,0.34782608695652173,0.0,0.30434782608695654,0.41666666666666663,0.3333333333333333
05143,2009,40,6,0.25,0.025,0.10256410256410256,0.16666666666666663,0.0
05143,2010,27,9,0.37037037037037035,0.07407407407407407,0.24,0.5555555555555556,0.3333333333333333
05143,2011,38,9,0.3157894736842105,0.05263157894736842,0.2777777777777778,0.11111111111111116,0.1111111111111111
05143,2012,26,4,0.23076923076923073,0.038461538461538464,0.0,0.0,0.0
05143,2013,21,3,0.1428571428571429,0.09523809523809523,0.05263157894736842,0.0,0.0
05143,2014,24,8,0.16666666666666663,0.041666666666666664,0.043478260869565216,0.125,0.0
05143,2015,29,4,0.24137931034482762,0.13793103448275862,0.0,0.0,0.0
05143,2016,43,9,0.25,0.05,0.07894736842105263,0.33333333333333337,0.1111111111111111
05143,2017,33,5,0.375,0.03125,0.03225806451612903,0.19999999999999996,0.0
05143,2018,33,4,0.43333333333333335,0.06666666666666667,0.03571428571428571,0.25,0.0
05143,2019,28,3,0.33333333333333337,0.18518518518518517,0.045454545454545456,0.0,0.0
05143,2020,45,7,0.2727272727272727,0.06818181818181818,0.04878048780487805,0.2857142857142857,0.0
05143,2021,38,5,0.43243243243243246,0.13513513513513514,0.09375,0.0,0.0
05143,2022,48,10,0.41666666666666663,0.125,0.047619047619047616,0.4,0.1
05143,2023,39,6,0.3589743589743589,0.1794871794871795,0.03125,0.33333333333333337,0.0
05145,2008,18,7,0.33333333333333337,0.0,0.7777777777777778,0.2857142857142857,0.8571428571428571
05145,2009,17,8,0.23529411764705888,0.058823529411764705,0.9375,0.125,0.875
05145,2010,19,6,0.4736842105263158,0.05263157894736842,0.9444444444444444,0.5,0.8
05145,2011,11,3,0.36363636363636365,0.09090909090909091,1.0,0.33333333333333337,1.0
05145,2012,21,1,0.33333333333333337,0.09523809523809523,0.9473684210526315,1.0,1.0
05145,2013,19,4,0.42105263157894735,0.10526315789473684,1.0,0.5,1.0
05145,2014,25,2,0.48,0.12,0.7727272727272727,0.5,0.5
05145,2015,12,3,0.6666666666666667,0.0,0.75,0.6666666666666667,1.0
05145,2016,25,7,0.36,0.0,0.96,0.4285714285714286,0.8571428571428571
05145,2017,12,3,0.16666666666666663,0.0,0.9166666666666666,0.0,1.0
05145,2018,10,1,0.5,0.1,0.8888888888888888,0.0,1.0
05145,2019,20,1,0.44999999999999996,0.05,0.7894736842105263,1.0,0.0
05145,2020,29,2,0.3793103448275862,0.034482758620689655,0.9285714285714286,0.0,1.0
05145,2021,30,3,0.43333333333333335,0.2,0.875,0.33333333333333337,0.6666666666666666
05145,2022,22,4,0.18181818181818177,0.0,0.9545454545454546,0.0,1.0
05145,2023,26,4,0.2692307692307693,0.0,0.8846153846153846,0.0,1.0
05147,2008,4,1,0.5,0.0,0.0,0.0,0.0
05147,2009,4,1,0.0,0.0,0.0,0.0,0.0
05147,2010,3,0,0.6666666666666667,0.0,0.0,,
05147,2011,2,0,0.5,0.0,0.0,,
05147,2012,3,1,0.33333333333333337,0.0,0.0,0.0,0.0
05147,2013,4,1,0.5,0.0,0.0,0.0,0.0
05147,2014,3,1,1.0,0.0,0.6666666666666666,1.0,0.0
05147,2015,4,0,0.75,0.0,0.25,,
05147,2016,2,0,0.0,0.0,0.0,,
05147,2018,1,0,0.0,0.0,0.0,,
05147,2019,1,0,1.0,0.0,0.0,,
05147,2020,3,1,1.0,0.0,0.6666666666666666,1.0,1.0
05149,2008,5,3,0.0,0.0,1.0,0.0,1.0
05149,2009,5,1,0.19999999999999996,0.0,1.0,0.0,1.0
05149,2010,11,3,0.6363636363636364,0.0,0.9090909090909091,0.6666666666666667,0.6666666666666666
05149,2011,3,2,0.6666666666666667,0.0,1.0,0.5,1.0
05149,2012,25,2,0.52,0.08,0.8260869565217391,0.0,1.0
05149,2013,3,0,0.0,0.0,1.0,,
05149,2014,6,2,0.16666666666666663,0.16666666666666666,1.0,0.0,1.0
05149,2015,3,0,0.33333333333333337,0.0,0.6666666666666666,,
05149,2016,10,7,0.7,0.0,0.9,0.7142857142857143,1.0
05149,2017,11,3,0.5454545454545454,0.0,1.0,0.33333333333333337,1.0
05149,2018,8,1,0.25,0.0,0.875,0.0,1.0
05149,2019,5,1,0.0,0.0,1.0,0.0,1.0
05149,2020,6,1,0.5,0.0,1.0,1.0,1.0
05149,2021,8,2,0.375,0.0,0.875,0.5,1.0
05149,2022,6,1,0.6666666666666667,0.0,0.8333333333333334,0.0,1.0
05149,2023,3,1,0.33333333333333337,0.0,0.6666666666666666,0.0,1.0
