fips,year,dist_popcen_instate,dist_popcen_aug,dist_border_instate,dist_border_aug,nearest_wet_fips_aug,nearest_wet_is_oos,n_wet_neighbors_instate_chk,n_oos_wet_neighbors,n_wet_neighbors_aug,any_wet_neighbor_aug,share_wet_neighbors_aug
05001,2008,29.181,29.181,9.339,9.339,05117,0,5,0,5,1,0.7143
05001,2009,29.181,29.181,9.339,9.339,05117,0,5,0,5,1,0.7143
05001,2010,29.181,29.181,9.339,9.339,05117,0,5,0,5,1,0.7143
05001,2011,29.181,29.181,9.339,9.339,05117,0,5,0,5,1,0.7143
05001,2012,29.181,29.181,9.339,9.339,05117,0,5,0,5,1,0.7143
05001,2013,29.181,29.181,9.339,9.339,05117,0,5,0,5,1,0.7143
05001,2014,29.181,29.181,9.339,9.339,05117,0,5,0,5,1,0.7143
05001,2015,29.181,29.181,9.339,9.339,05117,0,5,0,5,1,0.7143
05001,2016,29.181,29.181,9.339,9.339,05117,0,5,0,5,1,0.7143
05001,2017,29.181,29.181,9.339,9.339,05117,0,5,0,5,1,0.7143
05001,2018,29.181,29.181,9.339,9.339,05117,0,5,0,5,1,0.7143
05001,2019,29.181,29.181,9.339,9.339,05117,0,5,0,5,1,0.7143
05001,2020,29.181,29.181,9.339,9.339,05117,0,5,0,5,1,0.7143
05001,2021,29.181,29.181,9.339,9.339,05117,0,5,0,5,1,0.7143
05001,2022,29.181,29.181,9.339,9.339,05117,0,5,0,5,1,0.7143
05001,2023,29.181,29.181,9.339,9.339,05117,0,5,0,5,1,0.7143
05003,2008,31.406,27.209,14.968,11.903,22067,1,3,2,5,1,0.8333
05003,2009,31.406,27.209,14.968,11.903,22067,1,3,2,5,1,0.8333
05003,2010,31.406,27.209,14.968,11.903,22067,1,3,2,5,1,0.8333
05003,2011,31.406,27.209,14.968,11.903,22067,1,3,2,5,1,0.8333
05003,2012,31.406,27.209,14.968,11.903,22067,1,3,2,5,1,0.8333
05003,2013,31.406,27.209,14.968,11.903,22067,1,3,2,5,1,0.8333
05003,2014,31.406,27.209,14.968,11.903,22067,1,3,2,5,1,0.8333
05003,2015,31.406,27.209,14.968,11.903,22067,1,3,2,5,1,0.8333
05003,2016,31.406,27.209,14.968,11.903,22067,1,3,2,5,1,0.8333
05003,2017,31.406,27.209,14.968,11.903,22067,1,3,2,5,1,0.8333
05003,2018,31.406,27.209,14.968,11.903,22067,1,3,2,5,1,0.8333
05003,2019,31.406,27.209,14.968,11.903,22067,1,3,2,5,1,0.8333
05003,2020,31.406,27.209,14.968,11.903,22067,1,3,2,5,1,0.8333
05003,2021,31.406,27.209,14.968,11.903,22067,1,3,2,5,1,0.8333
05003,2022,31.406,27.209,14.968,11.903,22067,1,3,2,5,1,0.8333
05003,2023,31.406,27.209,14.968,11.903,22067,1,3,2,5,1,0.8333
05005,2008,15.728,15.728,7.336,7.336,05089,0,1,1,2,1,0.3333
05005,2009,15.728,15.728,7.336,7.336,05089,0,1,1,2,1,0.3333
05005,2010,15.728,15.728,7.336,7.336,05089,0,1,1,2,1,0.3333
05005,2011,15.728,15.728,7.336,7.336,05089,0,1,1,2,1,0.3333
05005,2012,15.728,15.728,7.336,7.336,05089,0,1,1,2,1,0.3333
05005,2013,15.728,15.728,7.336,7.336,05089,0,1,1,2,1,0.3333
05005,2014,15.728,15.728,7.336,7.336,05089,0,1,1,2,1,0.3333
05005,2015,15.728,15.728,7.336,7.336,05089,0,1,1,2,1,0.3333
05005,2016,15.728,15.728,7.336,7.336,05089,0,1,1,2,1,0.3333
05005,2017,15.728,15.728,7.336,7.336,05089,0,1,1,2,1,0.3333
05005,2018,15.728,15.728,7.336,7.336,05089,0,1,1,2,1,0.3333
05005,2019,15.728,15.728,7.336,7.336,05089,0,1,1,2,1,0.3333
05005,2020,15.728,15.728,7.336,7.336,05089,0,1,1,2,1,0.3333
05005,2021,15.728,15.728,7.336,7.336,05089,0,1,1,2,1,0.3333
05005,2022,15.728,15.728,7.336,7.336,05089,0,1,1,2,1,0.3333
05005,2023,15.728,15.728,7.336,7.336,05089,0,1,1,2,1,0.3333
05007,2008,16.836,16.836,8.524,8.524,05143,0,2,4,6,1,0.8571
05007,2009,16.836,16.836,8.524,8.524,05143,0,2,4,6,1,0.8571
05007,2010,16.836,16.836,8.524,8.524,05143,0,2,4,6,1,0.8571
05007,2011,16.836,16.836,8.524,8.524,05143,0,2,4,6,1,0.8571
05007,2012,16.836,16.836,8.524,8.524,05143,0,3,4,7,1,1.0
05007,2013,16.836,16.836,8.524,8.524,05143,0,3,4,7,1,1.0
05007,2014,16.836,16.836,8.524,8.524,05143,0,3,4,7,1,1.0
05007,2015,16.836,16.836,8.524,8.524,05143,0,3,4,7,1,1.0
05007,2016,16.836,16.836,8.524,8.524,05143,0,3,4,7,1,1.0
05007,2017,16.836,16.836,8.524,8.524,05143,0,3,4,7,1,1.0
05007,2018,16.836,16.836,8.524,8.524,05143,0,3,4,7,1,1.0
05007,2019,16.836,16.836,8.524,8.524,05143,0,3,4,7,1,1.0
05007,2020,16.836,16.836,8.524,8.524,05143,0,3,4,7,1,1.0
05007,2021,16.836,16.836,8.524,8.524,05143,0,3,4,7,1,1.0
05007,2022,16.836,16.836,8.524,8.524,05143,0,3,4,7,1,1.0
05007,2023,16.836,16.836,8.524,8.524,05143,0,3,4,7,1,1.0
05009,2008,24.459,24.459,11.156,11.156,05015,0,2,1,3,1,0.6
05009,2009,24.459,24.459,11.156,11.156,05015,0,2,1,3,1,0.6
05009,2010,24.459,24.459,11.156,11.156,05015,0,2,1,3,1,0.6
05009,2011,24.459,24.459,11.156,11.156,05015,0,2,1,3,1,0.6
05009,2012,24.459,24.459,11.156,11.156,05015,0,2,1,3,1,0.6
05009,2013,24.459,24.459,11.156,11.156,05015,0,2,1,3,1,0.6
05009,2014,24.459,24.459,11.156,11.156,05015,0,2,1,3,1,0.6
05009,2015,24.459,24.459,11.156,11.156,05015,0,2,1,3,1,0.6
05009,2016,24.459,24.459,11.156,11.156,05015,0,2,1,3,1,0.6
05009,2017,24.459,24.459,11.156,11.156,05015,0,2,1,3,1,0.6
05009,2018,24.459,24.459,11.156,11.156,05015,0,2,1,3,1,0.6
05009,2019,24.459,24.459,11.156,11.156,05015,0,2,1,3,1,0.6
05009,2020,24.459,24.459,11.156,11.156,05015,0,2,1,3,1,0.6
05009,2021,24.459,24.459,11.156,11.156,05015,0,2,1,3,1,0.6
05009,2022,24.459,24.459,11.156,11.156,05015,0,2,1,3,1,0.6
05009,2023,24.459,24.459,11.156,11.156,05015,0,2,1,3,1,0.6
05011,2008,18.617,18.617,6.214,6.214,05043,0,4,0,4,1,0.8
05011,2009,18.617,18.617,6.214,6.214,05043,0,4,0,4,1,0.8
05011,2010,18.617,18.617,6.214,6.214,05043,0,4,0,4,1,0.8
05011,2011,18.617,18.617,6.214,6.214,05043,0,4,0,4,1,0.8
05011,2012,18.617,18.617,6.214,6.214,05043,0,4,0,4,1,0.8
05011,2013,18.617,18.617,6.214,6.214,05043,0,4,0,4,1,0.8
05011,2014,18.617,18.617,6.214,6.214,05043,0,4,0,4,1,0.8
05011,2015,18.617,18.617,6.214,6.214,05043,0,4,0,4,1,0.8
05011,2016,18.617,18.617,6.214,6.214,05043,0,4,0,4,1,0.8
05011,2017,18.617,18.617,6.214,6.214,05043,0,4,0,4,1,0.8
05011,2018,18.617,18.617,6.214,6.214,05043,0,4,0,4,1,0.8
05011,2019,18.617,18.617,6.214,6.214,05043,0,4,0,4,1,0.8
05011,2020,18.617,18.617,6.214,6.214,05043,0,4,0,4,1,0.8
05011,2021,18.617,18.617,6.214,6.214,05043,0,4,0,4,1,0.8
05011,2022,18.617,18.617,6.214,6.214,05043,0,4,0,4,1,0.8
05011,2023,18.617,18.617,6.214,6.214,05043,0,4,0,4,1,0.8
05013,2008,19.321,19.321,10.18,10.18,05103,0,4,0,4,1,0.8
05013,2009,19.321,19.321,10.18,10.18,05103,0,4,0,4,1,0.8
05013,2010,19.321,19.321,10.18,10.18,05103,0,4,0,4,1,0.8
05013,2011,19.321,19.321,10.18,10.18,05103,0,4,0,4,1,0.8
05013,2012,19.321,19.321,10.18,10.18,05103,0,4,0,4,1,0.8
05013,2013,19.321,19.321,10.18,10.18,05103,0,4,0,4,1,0.8
05013,2014,19.321,19.321,10.18,10.18,05103,0,4,0,4,1,0.8
05013,2015,19.321,19.321,10.18,10.18,05103,0,4,0,4,1,0.8
05013,2016,19.321,19.321,10.18,10.18,05103,0,4,0,4,1,0.8
05013,2017,19.321,19.321,10.18,10.18,05103,0,4,0,4,1,0.8
05013,2018,19.321,19.321,10.18,10.18,05103,0,4,0,4,1,0.8
05013,2019,19.321,19.321,10.18,10.18,05103,0,4,0,4,1,0.8
05013,2020,19.321,19.321,10.18,10.18,05103,0,4,0,4,1,0.8
05013,2021,19.321,19.321,10.18,10.18,05103,0,4,0,4,1,0.8
05013,2022,19.321,19.321,10.18,10.18,05103,0,4,0,4,1,0.8
05013,2023,19.321,19.321,10.18,10.18,05103,0,4,0,4,1,0.8
05015,2008,38.511,25.198,19.959,8.509,29209,1,0,3,3,1,0.4286
05015,2009,38.511,25.198,19.959,8.509,29209,1,0,3,3,1,0.4286
05015,2010,27.548,25.198,15.412,8.509,29209,1,1,3,4,1,0.5714
05015,2011,27.548,25.198,15.412,8.509,29209,1,1,3,4,1,0.5714
05015,2012,23.901,23.901,6.822,6.822,05087,0,3,3,6,1,0.8571
05015,2013,23.901,23.901,6.822,6.822,05087,0,3,3,6,1,0.8571
05015,2014,23.901,23.901,6.822,6.822,05087,0,3,3,6,1,0.8571
05015,2015,23.901,23.901,6.822,6.822,05087,0,3,3,6,1,0.8571
05015,2016,23.901,23.901,6.822,6.822,05087,0,3,3,6,1,0.8571
05015,2017,23.901,23.901,6.822,6.822,05087,0,3,3,6,1,0.8571
05015,2018,23.901,23.901,6.822,6.822,05087,0,3,3,6,1,0.8571
05015,2019,23.901,23.901,6.822,6.822,05087,0,3,3,6,1,0.8571
05015,2020,23.901,23.901,6.822,6.822,05087,0,3,3,6,1,0.8571
05015,2021,23.901,23.901,6.822,6.822,05087,0,3,3,6,1,0.8571
05015,2022,23.901,23.901,6.822,6.822,05087,0,3,3,6,1,0.8571
05015,2023,23.901,23.901,6.822,6.822,05087,0,3,3,6,1,0.8571
05017,2008,31.05,18.0,9.128,9.128,05043,0,2,4,6,1,0.6667
05017,2009,31.05,18.0,9.128,9.128,05043,0,2,4,6,1,0.6667
05017,2010,31.05,18.0,9.128,9.128,05043,0,2,4,6,1,0.6667
05017,2011,31.05,18.0,9.128,9.128,05043,0,2,4,6,1,0.6667
05017,2012,31.05,18.0,9.128,9.128,05043,0,2,4,6,1,0.6667
05017,2013,31.05,18.0,9.128,9.128,05043,0,2,4,6,1,0.6667
05017,2014,31.05,18.0,9.128,9.128,05043,0,2,4,6,1,0.6667
05017,2015,31.05,18.0,9.128,9.128,05043,0,2,4,6,1,0.6667
05017,2016,31.05,18.0,9.128,9.128,05043,0,2,4,6,1,0.6667
05017,2017,31.05,18.0,9.128,9.128,05043,0,2,4,6,1,0.6667
05017,2018,31.05,18.0,9.128,9.128,05043,0,2,4,6,1,0.6667
05017,2019,31.05,18.0,9.128,9.128,05043,0,2,4,6,1,0.6667
05017,2020,31.05,18.0,9.128,9.128,05043,0,2,4,6,1,0.6667
05017,2021,31.05,18.0,9.128,9.128,05043,0,2,4,6,1,0.6667
05017,2022,31.05,18.0,9.128,9.128,05043,0,2,4,6,1,0.6667
05017,2023,31.05,18.0,9.128,9.128,05043,0,2,4,6,1,0.6667
05019,2008,28.191,28.191,12.683,12.683,05039,0,2,0,2,1,0.3333
05019,2009,28.191,28.191,12.683,12.683,05039,0,2,0,2,1,0.3333
05019,2010,28.191,28.191,12.683,12.683,05039,0,2,0,2,1,0.3333
05019,2011,28.191,28.191,12.683,12.683,05039,0,2,0,2,1,0.3333
05019,2012,28.191,28.191,12.683,12.683,05039,0,2,0,2,1,0.3333
05019,2013,28.191,28.191,12.683,12.683,05039,0,2,0,2,1,0.3333
05019,2014,28.191,28.191,12.683,12.683,05039,0,2,0,2,1,0.3333
05019,2015,28.191,28.191,12.683,12.683,05039,0,2,0,2,1,0.3333
05019,2016,28.191,28.191,12.683,12.683,05039,0,2,0,2,1,0.3333
05019,2017,28.191,28.191,12.683,12.683,05039,0,2,0,2,1,0.3333
05019,2018,28.191,28.191,12.683,12.683,05039,0,2,0,2,1,0.3333
05019,2019,28.191,28.191,12.683,12.683,05039,0,2,0,2,1,0.3333
05019,2020,28.191,28.191,12.683,12.683,05039,0,2,0,2,1,0.3333
05019,2021,28.191,28.191,12.683,12.683,05039,0,2,0,2,1,0.3333
05019,2022,21.884,21.884,6.281,6.281,05059,0,3,0,3,1,0.5
05019,2023,21.884,21.884,6.281,6.281,05059,0,3,0,3,1,0.5
05021,2008,22.402,17.441,7.627,7.627,05055,0,1,3,4,1,0.8
05021,2009,22.402,17.441,7.627,7.627,05055,0,1,3,4,1,0.8
05021,2010,22.402,17.441,7.627,7.627,05055,0,1,3,4,1,0.8
05021,2011,22.402,17.441,7.627,7.627,05055,0,1,3,4,1,0.8
05021,2012,22.402,17.441,7.627,7.627,05055,0,1,3,4,1,0.8
05021,2013,22.402,17.441,7.627,7.627,05055,0,1,3,4,1,0.8
05021,2014,22.402,17.441,7.627,7.627,05055,0,1,3,4,1,0.8
05021,2015,22.402,17.441,7.627,7.627,05055,0,1,3,4,1,0.8
05021,2016,22.402,17.441,7.627,7.627,05055,0,1,3,4,1,0.8
05021,2017,22.402,17.441,7.627,7.627,05055,0,1,3,4,1,0.8
05021,2018,22.402,17.441,7.627,7.627,05055,0,2,3,5,1,1.0
05021,2019,22.402,17.441,7.627,7.627,05055,0,2,3,5,1,1.0
05021,2020,22.402,17.441,7.627,7.627,05055,0,2,3,5,1,1.0
05021,2021,22.402,17.441,7.627,7.627,05055,0,2,3,5,1,1.0
05021,2022,22.402,17.441,7.627,7.627,05055,0,2,3,5,1,1.0
05021,2023,22.402,17.441,7.627,7.627,05055,0,2,3,5,1,1.0
05023,2008,42.788,42.788,25.098,25.098,05029,0,0,0,0,0,0.0
05023,2009,42.788,42.788,25.098,25.098,05029,0,0,0,0,0,0.0
05023,2010,42.788,42.788,25.098,25.098,05029,0,0,0,0,0,0.0
05023,2011,42.788,42.788,25.098,25.098,05029,0,0,0,0,0,0.0
05023,2012,42.788,42.788,25.098,25.098,05029,0,0,0,0,0,0.0
05023,2013,42.788,42.788,25.098,25.098,05029,0,0,0,0,0,0.0
05023,2014,42.788,42.788,25.098,25.098,05029,0,0,0,0,0,0.0
05023,2015,42.788,42.788,25.098,25.098,05029,0,0,0,0,0,0.0
05023,2016,42.788,42.788,25.098,25.098,05029,0,0,0,0,0,0.0
05023,2017,42.788,42.788,25.098,25.098,05029,0,0,0,0,0,0.0
05023,2018,42.788,42.788,25.098,25.098,05029,0,0,0,0,0,0.0
05023,2019,42.788,42.788,25.098,25.098,05029,0,0,0,0,0,0.0
05023,2020,21.906,21.906,11.806,11.806,05141,0,1,0,1,1,0.2
05023,2021,21.906,21.906,11.806,11.806,05141,0,1,0,1,1,0.2
05023,2022,21.906,21.906,11.806,11.806,05141,0,1,0,1,1,0.2
05023,2023,21.906,21.906,11.806,11.806,05141,0,1,0,1,1,0.2
05025,2008,22.549,22.549,10.362,10.362,05069,0,4,0,4,1,0.5714
05025,2009,22.549,22.549,10.362,10.362,05069,0,4,0,4,1,0.5714
05025,2010,22.549,22.549,10.362,10.362,05069,0,4,0,4,1,0.5714
05025,2011,22.549,22.549,10.362,10.362,05069,0,4,0,4,1,0.5714
05025,2012,22.549,22.549,10.362,10.362,05069,0,4,0,4,1,0.5714
05025,2013,22.549,22.549,10.362,10.362,05069,0,4,0,4,1,0.5714
05025,2014,22.549,22.549,10.362,10.362,05069,0,4,0,4,1,0.5714
05025,2015,22.549,22.549,10.362,10.362,05069,0,4,0,4,1,0.5714
05025,2016,22.549,22.549,10.362,10.362,05069,0,4,0,4,1,0.5714
05025,2017,22.549,22.549,10.362,10.362,05069,0,4,0,4,1,0.5714
05025,2018,22.549,22.549,10.362,10.362,05069,0,4,0,4,1,0.5714
05025,2019,22.549,22.549,10.362,10.362,05069,0,4,0,4,1,0.5714
05025,2020,22.549,22.549,10.362,10.362,05069,0,4,0,4,1,0.5714
05025,2021,22.549,22.549,10.362,10.362,05069,0,4,0,4,1,0.5714
05025,2022,22.549,22.549,10.362,10.362,05069,0,4,0,4,1,0.5714
05025,2023,22.549,22.549,10.362,10.362,05069,0,4,0,4,1,0.5714
05027,2008,32.077,32.077,11.192,11.192,05103,0,2,2,4,1,0.6667
05027,2009,32.077,32.077,11.192,11.192,05103,0,2,2,4,1,0.6667
05027,2010,32.077,32.077,11.192,11.192,05103,0,2,2,4,1,0.6667
05027,2011,32.077,32.077,11.192,11.192,05103,0,2,2,4,1,0.6667
05027,2012,32.077,32.077,11.192,11.192,05103,0,2,2,4,1,0.6667
05027,2013,32.077,32.077,11.192,11.192,05103,0,2,2,4,1,0.6667
05027,2014,32.077,32.077,11.192,11.192,05103,0,2,2,4,1,0.6667
05027,2015,32.077,32.077,11.192,11.192,05103,0,2,2,4,1,0.6667
05027,2016,32.077,32.077,11.192,11.192,05103,0,2,2,4,1,0.6667
05027,2017,32.077,32.077,11.192,11.192,05103,0,2,2,4,1,0.6667
05027,2018,32.077,32.077,11.192,11.192,05103,0,2,2,4,1,0.6667
05027,2019,32.077,32.077,11.192,11.192,05103,0,2,2,4,1,0.6667
05027,2020,32.077,32.077,11.192,11.192,05103,0,2,2,4,1,0.6667
05027,2021,32.077,32.077,11.192,11.192,05103,0,2,2,4,1,0.6667
05027,2022,32.077,32.077,11.192,11.192,05103,0,2,2,4,1,0.6667
05027,2023,32.077,32.077,11.192,11.192,05103,0,2,2,4,1,0.6667
05029,2008,37.473,37.473,19.663,19.663,05119,0,0,0,0,0,0.0
05029,2009,37.473,37.473,19.663,19.663,05119,0,0,0,0,0,0.0
05029,2010,37.473,37.473,19.663,19.663,05119,0,0,0,0,0,0.0
05029,2011,37.473,37.473,19.663,19.663,05119,0,0,0,0,0,0.0
05029,2012,37.473,37.473,19.663,19.663,05119,0,0,0,0,0,0.0
05029,2013,37.473,37.473,19.663,19.663,05119,0,0,0,0,0,0.0
05029,2014,37.473,37.473,19.663,19.663,05119,0,0,0,0,0,0.0
05029,2015,37.473,37.473,19.663,19.663,05119,0,0,0,0,0,0.0
05029,2016,37.473,37.473,19.663,19.663,05119,0,0,0,0,0,0.0
05029,2017,37.473,37.473,19.663,19.663,05119,0,0,0,0,0,0.0
05029,2018,37.473,37.473,19.663,19.663,05119,0,0,0,0,0,0.0
05029,2019,37.473,37.473,19.663,19.663,05119,0,0,0,0,0,0.0
05029,2020,29.345,29.345,17.062,17.062,05141,0,1,0,1,1,0.2
05029,2021,29.345,29.345,17.062,17.062,05141,0,1,0,1,1,0.2
05029,2022,29.345,29.345,17.062,17.062,05141,0,1,0,1,1,0.2
05029,2023,29.345,29.345,17.062,17.062,05141,0,1,0,1,1,0.2
05031,2008,17.13,17.13,9.051,9.051,05055,0,4,1,5,1,0.8333
05031,2009,17.13,17.13,9.051,9.051,05055,0,4,1,5,1,0.8333
05031,2010,17.13,17.13,9.051,9.051,05055,0,4,1,5,1,0.8333
05031,2011,17.13,17.13,9.051,9.051,05055,0,4,1,5,1,0.8333
05031,2012,17.13,17.13,9.051,9.051,05055,0,4,1,5,1,0.8333
05031,2013,17.13,17.13,9.051,9.051,05055,0,4,1,5,1,0.8333
05031,2014,17.13,17.13,9.051,9.051,05055,0,4,1,5,1,0.8333
05031,2015,17.13,17.13,9.051,9.051,05055,0,4,1,5,1,0.8333
05031,2016,17.13,17.13,9.051,9.051,05055,0,4,1,5,1,0.8333
05031,2017,17.13,17.13,9.051,9.051,05055,0,4,1,5,1,0.8333
05031,2018,17.13,17.13,9.051,9.051,05055,0,4,1,5,1,0.8333
05031,2019,17.13,17.13,9.051,9.051,05055,0,4,1,5,1,0.8333
05031,2020,17.13,17.13,9.051,9.051,05055,0,4,1,5,1,0.8333
05031,2021,17.13,17.13,9.051,9.051,05055,0,4,1,5,1,0.8333
05031,2022,17.13,17.13,9.051,9.051,05055,0,4,1,5,1,0.8333
05031,2023,17.13,17.13,9.051,9.051,05055,0,4,1,5,1,0.8333
05033,2008,12.723,12.723,7.294,7.294,05131,0,3,2,5,1,0.8333
05033,2009,12.723,12.723,7.294,7.294,05131,0,3,2,5,1,0.8333
05033,2010,12.723,12.723,7.294,7.294,05131,0,3,2,5,1,0.8333
05033,2011,12.723,12.723,7.294,7.294,05131,0,3,2,5,1,0.8333
05033,2012,12.723,12.723,7.294,7.294,05131,0,4,2,6,1,1.0
05033,2013,12.723,12.723,7.294,7.294,05131,0,4,2,6,1,1.0
05033,2014,12.723,12.723,7.294,7.294,05131,0,4,2,6,1,1.0
05033,2015,12.723,12.723,7.294,7.294,05131,0,4,2,6,1,1.0
05033,2016,12.723,12.723,7.294,7.294,05131,0,4,2,6,1,1.0
05033,2017,12.723,12.723,7.294,7.294,05131,0,4,2,6,1,1.0
05033,2018,12.723,12.723,7.294,7.294,05131,0,4,2,6,1,1.0
05033,2019,12.723,12.723,7.294,7.294,05131,0,4,2,6,1,1.0
05033,2020,12.723,12.723,7.294,7.294,05131,0,4,2,6,1,1.0
05033,2021,12.723,12.723,7.294,7.294,05131,0,4,2,6,1,1.0
05033,2022,12.723,12.723,7.294,7.294,05131,0,4,2,6,1,1.0
05033,2023,12.723,12.723,7.294,7.294,05131,0,4,2,6,1,1.0
05035,2008,32.251,18.75,10.74,4.56,47157,1,5,1,6,1,0.6667
05035,2009,32.251,18.75,10.74,4.56,47157,1,5,1,6,1,0.6667
05035,2010,32.251,18.75,10.74,4.56,47157,1,5,1,6,1,0.6667
05035,2011,32.251,18.75,10.74,4.56,47157,1,5,1,6,1,0.6667
05035,2012,32.251,18.75,10.74,4.56,47157,1,5,1,6,1,0.6667
05035,2013,32.251,18.75,10.74,4.56,47157,1,5,1,6,1,0.6667
05035,2014,32.251,18.75,10.74,4.56,47157,1,5,1,6,1,0.6667
05035,2015,32.251,18.75,10.74,4.56,47157,1,5,1,6,1,0.6667
05035,2016,32.251,18.75,10.74,4.56,47157,1,5,1,6,1,0.6667
05035,2017,32.251,18.75,10.74,4.56,47157,1,5,1,6,1,0.6667
05035,2018,32.251,18.75,10.74,4.56,47157,1,5,1,6,1,0.6667
05035,2019,32.251,18.75,10.74,4.56,47157,1,5,1,6,1,0.6667
05035,2020,32.251,18.75,10.74,4.56,47157,1,5,1,6,1,0.6667
05035,2021,32.251,18.75,10.74,4.56,47157,1,5,1,6,1,0.6667
05035,2022,32.251,18.75,10.74,4.56,47157,1,5,1,6,1,0.6667
05035,2023,32.251,18.75,10.74,4.56,47157,1,5,1,6,1,0.6667
05037,2008,16.259,16.259,7.284,7.284,05123,0,5,0,5,1,1.0
05037,2009,16.259,16.259,7.284,7.284,05123,0,5,0,5,1,1.0
05037,2010,16.259,16.259,7.284,7.284,05123,0,5,0,5,1,1.0
05037,2011,16.259,16.259,7.284,7.284,05123,0,5,0,5,1,1.0
05037,2012,16.259,16.259,7.284,7.284,05123,0,5,0,5,1,1.0
05037,2013,16.259,16.259,7.284,7.284,05123,0,5,0,5,1,1.0
05037,2014,16.259,16.259,7.284,7.284,05123,0,5,0,5,1,1.0
05037,2015,16.259,16.259,7.284,7.284,05123,0,5,0,5,1,1.0
05037,2016,16.259,16.259,7.284,7.284,05123,0,5,0,5,1,1.0
05037,2017,16.259,16.259,7.284,7.284,05123,0,5,0,5,1,1.0
05037,2018,16.259,16.259,7.284,7.284,05123,0,5,0,5,1,1.0
05037,2019,16.259,16.259,7.284,7.284,05123,0,5,0,5,1,1.0
05037,2020,16.259,16.259,7.284,7.284,05123,0,5,0,5,1,1.0
05037,2021,16.259,16.259,7.284,7.284,05123,0,5,0,5,1,1.0
05037,2022,16.259,16.259,7.284,7.284,05123,0,5,0,5,1,1.0
05037,2023,16.259,16.259,7.284,7.284,05123,0,5,0,5,1,1.0
05039,2008,19.321,19.321,4.443,4.443,05013,0,3,0,3,1,0.5
05039,2009,19.321,19.321,4.443,4.443,05013,0,3,0,3,1,0.5
05039,2010,19.321,19.321,4.443,4.443,05013,0,4,0,4,1,0.6667
05039,2011,19.321,19.321,4.443,4.443,05013,0,4,0,4,1,0.6667
05039,2012,19.321,19.321,4.443,4.443,05013,0,4,0,4,1,0.6667
05039,2013,19.321,19.321,4.443,4.443,05013,0,4,0,4,1,0.6667
05039,2014,19.321,19.321,4.443,4.443,05013,0,4,0,4,1,0.6667
05039,2015,19.321,19.321,4.443,4.443,05013,0,4,0,4,1,0.6667
05039,2016,19.321,19.321,4.443,4.443,05013,0,4,0,4,1,0.6667
05039,2017,19.321,19.321,4.443,4.443,05013,0,4,0,4,1,0.6667
05039,2018,19.321,19.321,4.443,4.443,05013,0,4,0,4,1,0.6667
05039,2019,19.321,19.321,4.443,4.443,05013,0,4,0,4,1,0.6667
05039,2020,19.321,19.321,4.443,4.443,05013,0,4,0,4,1,0.6667
05039,2021,19.321,19.321,4.443,4.443,05013,0,4,0,4,1,0.6667
05039,2022,19.321,19.321,4.443,4.443,05013,0,5,0,5,1,0.8333
05039,2023,19.321,19.321,4.443,4.443,05013,0,5,0,5,1,0.8333
05041,2008,23.329,23.329,2.03,2.03,05043,0,4,0,4,1,0.5714
05041,2009,23.329,23.329,2.03,2.03,05043,0,4,0,4,1,0.5714
05041,2010,23.329,23.329,2.03,2.03,05043,0,4,0,4,1,0.5714
05041,2011,23.329,23.329,2.03,2.03,05043,0,4,0,4,1,0.5714
05041,2012,23.329,23.329,2.03,2.03,05043,0,4,0,4,1,0.5714
05041,2013,23.329,23.329,2.03,2.03,05043,0,4,0,4,1,0.5714
05041,2014,23.329,23.329,2.03,2.03,05043,0,4,0,4,1,0.5714
05041,2015,23.329,23.329,2.03,2.03,05043,0,4,0,4,1,0.5714
05041,2016,23.329,23.329,2.03,2.03,05043,0,4,0,4,1,0.5714
05041,2017,23.329,23.329,2.03,2.03,05043,0,4,0,4,1,0.5714
05041,2018,23.329,23.329,2.03,2.03,05043,0,4,0,4,1,0.5714
05041,2019,23.329,23.329,2.03,2.03,05043,0,4,0,4,1,0.5714
05041,2020,23.329,23.329,2.03,2.03,05043,0,4,0,4,1,0.5714
05041,2021,23.329,23.329,2.03,2.03,05043,0,4,0,4,1,0.5714
05041,2022,23.329,23.329,2.03,2.03,05043,0,4,0,4,1,0.5714
05041,2023,23.329,23.329,2.03,2.03,05043,0,4,0,4,1,0.5714
05043,2008,23.329,23.329,12.246,12.246,05025,0,3,0,3,1,0.5
05043,2009,23.329,23.329,12.246,12.246,05025,0,3,0,3,1,0.5
05043,2010,23.329,23.329,12.246,12.246,05025,0,3,0,3,1,0.5
05043,2011,23.329,23.329,12.246,12.246,05025,0,3,0,3,1,0.5
05043,2012,23.329,23.329,12.246,12.246,05025,0,3,0,3,1,0.5
05043,2013,23.329,23.329,12.246,12.246,05025,0,3,0,3,1,0.5
05043,2014,23.329,23.329,12.246,12.246,05025,0,3,0,3,1,0.5
05043,2015,23.329,23.329,12.246,12.246,05025,0,3,0,3,1,0.5
05043,2016,23.329,23.329,12.246,12.246,05025,0,3,0,3,1,0.5
05043,2017,23.329,23.329,12.246,12.246,05025,0,3,0,3,1,0.5
05043,2018,23.329,23.329,12.246,12.246,05025,0,3,0,3,1,0.5
05043,2019,23.329,23.329,12.246,12.246,05025,0,3,0,3,1,0.5
05043,2020,23.329,23.329,12.246,12.246,05025,0,3,0,3,1,0.5
05043,2021,23.329,23.329,12.246,12.246,05025,0,3,0,3,1,0.5
05043,2022,23.329,23.329,12.246,12.246,05025,0,3,0,3,1,0.5
05043,2023,23.329,23.329,12.246,12.246,05025,0,3,0,3,1,0.5
05045,2008,18.489,18.489,8.196,8.196,05029,0,2,0,2,1,0.2857
05045,2009,18.489,18.489,8.196,8.196,05029,0,2,0,2,1,0.2857
05045,2010,18.489,18.489,8.196,8.196,05029,0,2,0,2,1,0.2857
05045,2011,18.489,18.489,8.196,8.196,05029,0,2,0,2,1,0.2857
05045,2012,18.489,18.489,8.196,8.196,05029,0,2,0,2,1,0.2857
05045,2013,18.489,18.489,8.196,8.196,05029,0,2,0,2,1,0.2857
05045,2014,18.489,18.489,8.196,8.196,05029,0,2,0,2,1,0.2857
05045,2015,18.489,18.489,8.196,8.196,05029,0,2,0,2,1,0.2857
05045,2016,18.489,18.489,8.196,8.196,05029,0,2,0,2,1,0.2857
05045,2017,18.489,18.489,8.196,8.196,05029,0,2,0,2,1,0.2857
05045,2018,18.489,18.489,8.196,8.196,05029,0,2,0,2,1,0.2857
05045,2019,18.489,18.489,8.196,8.196,05029,0,2,0,2,1,0.2857
05045,2020,18.489,18.489,8.196,8.196,05029,0,3,0,3,1,0.4286
05045,2021,18.489,18.489,8.196,8.196,05029,0,3,0,3,1,0.4286
05045,2022,18.489,18.489,8.196,8.196,05029,0,3,0,3,1,0.4286
05045,2023,18.489,18.489,8.196,8.196,05029,0,3,0,3,1,0.4286
05047,2008,27.482,27.482,10.352,10.352,05131,0,2,0,2,1,0.4
05047,2009,27.482,27.482,10.352,10.352,05131,0,2,0,2,1,0.4
05047,2010,27.482,27.482,10.352,10.352,05131,0,2,0,2,1,0.4
05047,2011,27.482,27.482,10.352,10.352,05131,0,2,0,2,1,0.4
05047,2012,27.482,27.482,10.352,10.352,05131,0,3,0,3,1,0.6
05047,2013,27.482,27.482,10.352,10.352,05131,0,3,0,3,1,0.6
05047,2014,27.482,27.482,10.352,10.352,05131,0,3,0,3,1,0.6
05047,2015,27.482,27.482,10.352,10.352,05131,0,3,0,3,1,0.6
05047,2016,27.482,27.482,10.352,10.352,05131,0,3,0,3,1,0.6
05047,2017,27.482,27.482,10.352,10.352,05131,0,3,0,3,1,0.6
05047,2018,27.482,27.482,10.352,10.352,05131,0,3,0,3,1,0.6
05047,2019,27.482,27.482,10.352,10.352,05131,0,3,0,3,1,0.6
05047,2020,27.482,27.482,10.352,10.352,05131,0,3,0,3,1,0.6
05047,2021,27.482,27.482,10.352,10.352,05131,0,3,0,3,1,0.6
05047,2022,27.482,27.482,10.352,10.352,05131,0,3,0,3,1,0.6
05047,2023,27.482,27.482,10.352,10.352,05131,0,3,0,3,1,0.6
05049,2008,34.474,23.199,21.582,8.53,29091,1,1,3,4,1,0.6667
05049,2009,34.474,23.199,21.582,8.53,29091,1,1,3,4,1,0.6667
05049,2010,34.474,23.199,21.582,8.53,29091,1,1,3,4,1,0.6667
05049,2011,34.474,23.199,21.582,8.53,29091,1,1,3,4,1,0.6667
05049,2012,19.392,19.392,9.438,8.53,29091,1,2,3,5,1,0.8333
05049,2013,19.392,19.392,9.438,8.53,29091,1,2,3,5,1,0.8333
05049,2014,19.392,19.392,9.438,8.53,29091,1,2,3,5,1,0.8333
05049,2015,19.392,19.392,9.438,8.53,29091,1,2,3,5,1,0.8333
05049,2016,19.392,19.392,9.438,8.53,29091,1,2,3,5,1,0.8333
05049,2017,19.392,19.392,9.438,8.53,29091,1,2,3,5,1,0.8333
05049,2018,19.392,19.392,9.438,8.53,29091,1,2,3,5,1,0.8333
05049,2019,19.392,19.392,9.438,8.53,29091,1,2,3,5,1,0.8333
05049,2020,19.392,19.392,9.438,8.53,29091,1,2,3,5,1,0.8333
05049,2021,19.392,19.392,9.438,8.53,29091,1,2,3,5,1,0.8333
05049,2022,19.392,19.392,9.438,8.53,29091,1,2,3,5,1,0.8333
05049,2023,19.392,19.392,9.438,8.53,29091,1,2,3,5,1,0.8333
05051,2008,47.339,47.339,26.6,26.6,05039,0,0,0,0,0,0.0
05051,2009,47.339,47.339,26.6,26.6,05039,0,0,0,0,0,0.0
05051,2010,28.191,28.191,17.147,17.147,05019,0,0,0,0,0,0.0
05051,2011,28.191,28.191,17.147,17.147,05019,0,0,0,0,0,0.0
05051,2012,28.191,28.191,17.147,17.147,05019,0,0,0,0,0,0.0
05051,2013,28.191,28.191,17.147,17.147,05019,0,0,0,0,0,0.0
05051,2014,28.191,28.191,10.743,10.743,05125,0,1,0,1,1,0.2
05051,2015,28.191,28.191,10.743,10.743,05125,0,1,0,1,1,0.2
05051,2016,28.191,28.191,10.743,10.743,05125,0,1,0,1,1,0.2
05051,2017,28.191,28.191,10.743,10.743,05125,0,1,0,1,1,0.2
05051,2018,28.191,28.191,10.743,10.743,05125,0,1,0,1,1,0.2
05051,2019,28.191,28.191,10.743,10.743,05125,0,1,0,1,1,0.2
05051,2020,28.191,28.191,10.743,10.743,05125,0,1,0,1,1,0.2
05051,2021,28.191,28.191,10.743,10.743,05125,0,1,0,1,1,0.2
05051,2022,14.9,14.9,7.897,7.897,05059,0,2,0,2,1,0.4
05051,2023,14.9,14.9,7.897,7.897,05059,0,2,0,2,1,0.4
05053,2008,21.643,21.643,11.481,11.481,05069,0,4,0,4,1,0.6667
05053,2009,21.643,21.643,11.481,11.481,05069,0,4,0,4,1,0.6667
05053,2010,21.643,21.643,11.481,11.481,05069,0,4,0,4,1,0.6667
05053,2011,21.643,21.643,11.481,11.481,05069,0,4,0,4,1,0.6667
05053,2012,21.643,21.643,11.481,11.481,05069,0,4,0,4,1,0.6667
05053,2013,21.643,21.643,11.481,11.481,05069,0,4,0,4,1,0.6667
05053,2014,21.131,21.131,9.698,9.698,05125,0,5,0,5,1,0.8333
05053,2015,21.131,21.131,9.698,9.698,05125,0,5,0,5,1,0.8333
05053,2016,21.131,21.131,9.698,9.698,05125,0,5,0,5,1,0.8333
05053,2017,21.131,21.131,9.698,9.698,05125,0,5,0,5,1,0.8333
05053,2018,21.131,21.131,9.698,9.698,05125,0,5,0,5,1,0.8333
05053,2019,21.131,21.131,9.698,9.698,05125,0,5,0,5,1,0.8333
05053,2020,21.131,21.131,9.698,9.698,05125,0,5,0,5,1,0.8333
05053,2021,21.131,21.131,9.698,9.698,05125,0,5,0,5,1,0.8333
05053,2022,21.131,21.131,9.698,9.698,05125,0,6,0,6,1,1.0
05053,2023,21.131,21.131,9.698,9.698,05125,0,6,0,6,1,1.0
05055,2008,32.314,31.259,14.047,9.698,29069,1,0,1,1,1,0.2
05055,2009,32.314,31.259,14.047,9.698,29069,1,0,1,1,1,0.2
05055,2010,32.314,31.259,14.047,9.698,29069,1,0,1,1,1,0.2
05055,2011,32.314,31.259,14.047,9.698,29069,1,0,1,1,1,0.2
05055,2012,32.314,31.259,14.047,9.698,29069,1,0,1,1,1,0.2
05055,2013,32.314,31.259,14.047,9.698,29069,1,0,1,1,1,0.2
05055,2014,32.314,31.259,14.047,9.698,29069,1,0,1,1,1,0.2
05055,2015,32.314,31.259,14.047,9.698,29069,1,0,1,1,1,0.2
05055,2016,32.314,31.259,14.047,9.698,29069,1,0,1,1,1,0.2
05055,2017,32.314,31.259,14.047,9.698,29069,1,0,1,1,1,0.2
05055,2018,30.532,30.532,14.047,9.698,29069,1,1,1,2,1,0.4
05055,2019,30.532,30.532,14.047,9.698,29069,1,1,1,2,1,0.4
05055,2020,30.532,30.532,14.047,9.698,29069,1,1,1,2,1,0.4
05055,2021,30.532,30.532,14.047,9.698,29069,1,1,1,2,1,0.4
05055,2022,30.532,30.532,14.047,9.698,29069,1,1,1,2,1,0.4
05055,2023,30.532,30.532,14.047,9.698,29069,1,1,1,2,1,0.4
05057,2008,29.374,29.374,12.798,12.798,05091,0,1,0,1,1,0.1667
05057,2009,29.374,29.374,12.798,12.798,05091,0,1,0,1,1,0.1667
05057,2010,29.374,29.374,12.798,12.798,05091,0,1,0,1,1,0.1667
05057,2011,29.374,29.374,12.798,12.798,05091,0,1,0,1,1,0.1667
05057,2012,29.374,29.374,12.798,12.798,05091,0,1,0,1,1,0.1667
05057,2013,29.374,29.374,12.798,12.798,05091,0,1,0,1,1,0.1667
05057,2014,29.374,29.374,12.798,12.798,05091,0,1,0,1,1,0.1667
05057,2015,29.374,29.374,12.798,12.798,05091,0,1,0,1,1,0.1667
05057,2016,29.374,29.374,12.798,12.798,05091,0,2,0,2,1,0.3333
05057,2017,29.374,29.374,12.798,12.798,05091,0,2,0,2,1,0.3333
05057,2018,29.374,29.374,12.798,12.798,05091,0,2,0,2,1,0.3333
05057,2019,29.374,29.374,12.798,12.798,05091,0,2,0,2,1,0.3333
05057,2020,29.374,29.374,12.798,12.798,05091,0,2,0,2,1,0.3333
05057,2021,29.374,29.374,12.798,12.798,05091,0,2,0,2,1,0.3333
05057,2022,29.374,29.374,12.798,12.798,05091,0,2,0,2,1,0.3333
05057,2023,29.374,29.374,12.798,12.798,05091,0,2,0,2,1,0.3333
05059,2008,14.9,14.9,3.881,3.881,05051,0,2,0,2,1,0.3333
05059,2009,14.9,14.9,3.881,3.881,05051,0,2,0,2,1,0.3333
05059,2010,14.9,14.9,3.881,3.881,05051,0,3,0,3,1,0.5
05059,2011,14.9,14.9,3.881,3.881,05051,0,3,0,3,1,0.5
05059,2012,14.9,14.9,3.881,3.881,05051,0,3,0,3,1,0.5
05059,2013,14.9,14.9,3.881,3.881,05051,0,3,0,3,1,0.5
05059,2014,14.9,14.9,3.881,3.881,05051,0,4,0,4,1,0.6667
05059,2015,14.9,14.9,3.881,3.881,05051,0,4,0,4,1,0.6667
05059,2016,14.9,14.9,3.881,3.881,05051,0,4,0,4,1,0.6667
05059,2017,14.9,14.9,3.881,3.881,05051,0,4,0,4,1,0.6667
05059,2018,14.9,14.9,3.881,3.881,05051,0,4,0,4,1,0.6667
05059,2019,14.9,14.9,3.881,3.881,05051,0,4,0,4,1,0.6667
05059,2020,14.9,14.9,3.881,3.881,05051,0,4,0,4,1,0.6667
05059,2021,14.9,14.9,3.881,3.881,05051,0,4,0,4,1,0.6667
05059,2022,14.9,14.9,3.881,3.881,05051,0,4,0,4,1,0.6667
05059,2023,14.9,14.9,3.881,3.881,05051,0,4,0,4,1,0.6667
05061,2008,40.263,40.263,25.904,25.904,05091,0,0,0,0,0,0.0
05061,2009,40.263,40.263,25.904,25.904,05091,0,0,0,0,0,0.0
05061,2010,40.263,40.263,25.904,25.904,05091,0,0,0,0,0,0.0
05061,2011,40.263,40.263,25.904,25.904,05091,0,0,0,0,0,0.0
05061,2012,40.263,40.263,25.904,25.904,05091,0,0,0,0,0,0.0
05061,2013,40.263,40.263,25.904,25.904,05091,0,0,0,0,0,0.0
05061,2014,40.263,40.263,25.904,25.904,05091,0,0,0,0,0,0.0
05061,2015,40.263,40.263,25.904,25.904,05091,0,0,0,0,0,0.0
05061,2016,25.568,25.568,15.796,15.796,05081,0,1,0,1,1,0.1667
05061,2017,25.568,25.568,15.796,15.796,05081,0,1,0,1,1,0.1667
05061,2018,25.568,25.568,15.796,15.796,05081,0,1,0,1,1,0.1667
05061,2019,25.568,25.568,15.796,15.796,05081,0,1,0,1,1,0.1667
05061,2020,22.738,22.738,9.935,9.935,05133,0,2,0,2,1,0.3333
05061,2021,22.738,22.738,9.935,9.935,05133,0,2,0,2,1,0.3333
05061,2022,22.738,22.738,9.935,9.935,05133,0,3,0,3,1,0.5
05061,2023,22.738,22.738,9.935,9.935,05133,0,3,0,3,1,0.5
05063,2008,22.088,22.088,15.287,15.287,05067,0,1,0,1,1,0.1429
05063,2009,22.088,22.088,15.287,15.287,05067,0,1,0,1,1,0.1429
05063,2010,22.088,22.088,15.287,15.287,05067,0,1,0,1,1,0.1429
05063,2011,22.088,22.088,15.287,15.287,05067,0,1,0,1,1,0.1429
05063,2012,22.088,22.088,13.053,13.053,05135,0,2,0,2,1,0.2857
05063,2013,22.088,22.088,13.053,13.053,05135,0,2,0,2,1,0.2857
05063,2014,22.088,22.088,13.053,13.053,05135,0,2,0,2,1,0.2857
05063,2015,22.088,22.088,13.053,13.053,05135,0,2,0,2,1,0.2857
05063,2016,22.088,22.088,13.053,13.053,05135,0,2,0,2,1,0.2857
05063,2017,22.088,22.088,13.053,13.053,05135,0,2,0,2,1,0.2857
05063,2018,22.088,22.088,13.053,13.053,05135,0,2,0,2,1,0.2857
05063,2019,22.088,22.088,13.053,13.053,05135,0,2,0,2,1,0.2857
05063,2020,22.088,22.088,13.053,13.053,05135,0,2,0,2,1,0.2857
05063,2021,22.088,22.088,13.053,13.053,05135,0,2,0,2,1,0.2857
05063,2022,22.088,22.088,13.053,13.053,05135,0,2,0,2,1,0.2857
05063,2023,22.088,22.088,13.053,13.053,05135,0,2,0,2,1,0.2857
05065,2008,30.064,30.064,15.676,15.676,05005,0,1,0,1,1,0.2
05065,2009,30.064,30.064,15.676,15.676,05005,0,1,0,1,1,0.2
05065,2010,30.064,30.064,15.676,15.676,05005,0,1,0,1,1,0.2
05065,2011,30.064,30.064,15.676,15.676,05005,0,1,0,1,1,0.2
05065,2012,22.227,22.227,12.556,12.556,05135,0,2,0,2,1,0.4
05065,2013,22.227,22.227,12.556,12.556,05135,0,2,0,2,1,0.4
05065,2014,22.227,22.227,12.556,12.556,05135,0,2,0,2,1,0.4
05065,2015,22.227,22.227,12.556,12.556,05135,0,2,0,2,1,0.4
05065,2016,22.227,22.227,12.556,12.556,05135,0,2,0,2,1,0.4
05065,2017,22.227,22.227,12.556,12.556,05135,0,2,0,2,1,0.4
05065,2018,22.227,22.227,12.556,12.556,05135,0,2,0,2,1,0.4
05065,2019,22.227,22.227,12.556,12.556,05135,0,2,0,2,1,0.4
05065,2020,22.227,22.227,12.556,12.556,05135,0,2,0,2,1,0.4
05065,2021,22.227,22.227,12.556,12.556,05135,0,2,0,2,1,0.4
05065,2022,22.227,22.227,12.556,12.556,05135,0,2,0,2,1,0.4
05065,2023,22.227,22.227,12.556,12.556,05135,0,2,0,2,1,0.4
05067,2008,26.941,26.941,11.727,11.727,05111,0,3,0,3,1,0.4286
05067,2009,26.941,26.941,11.727,11.727,05111,0,3,0,3,1,0.4286
05067,2010,26.941,26.941,11.727,11.727,05111,0,3,0,3,1,0.4286
05067,2011,26.941,26.941,11.727,11.727,05111,0,3,0,3,1,0.4286
05067,2012,26.941,26.941,11.727,11.727,05111,0,3,0,3,1,0.4286
05067,2013,26.941,26.941,11.727,11.727,05111,0,3,0,3,1,0.4286
05067,2014,26.941,26.941,11.727,11.727,05111,0,3,0,3,1,0.4286
05067,2015,26.941,26.941,11.727,11.727,05111,0,3,0,3,1,0.4286
05067,2016,26.941,26.941,11.727,11.727,05111,0,3,0,3,1,0.4286
05067,2017,26.941,26.941,11.727,11.727,05111,0,3,0,3,1,0.4286
05067,2018,26.941,26.941,11.727,11.727,05111,0,3,0,3,1,0.4286
05067,2019,26.941,26.941,11.727,11.727,05111,0,3,0,3,1,0.4286
05067,2020,26.941,26.941,11.727,11.727,05111,0,3,0,3,1,0.4286
05067,2021,26.941,26.941,11.727,11.727,05111,0,3,0,3,1,0.4286
05067,2022,26.941,26.941,11.727,11.727,05111,0,3,0,3,1,0.4286
05067,2023,26.941,26.941,11.727,11.727,05111,0,3,0,3,1,0.4286
05069,2008,22.843,22.843,11.833,11.833,05025,0,3,0,3,1,0.5
05069,2009,22.843,22.843,11.833,11.833,05025,0,3,0,3,1,0.5
05069,2010,22.843,22.843,11.833,11.833,05025,0,3,0,3,1,0.5
05069,2011,22.843,22.843,11.833,11.833,05025,0,3,0,3,1,0.5
05069,2012,22.843,22.843,11.833,11.833,05025,0,3,0,3,1,0.5
05069,2013,22.843,22.843,11.833,11.833,05025,0,3,0,3,1,0.5
05069,2014,22.843,22.843,11.833,11.833,05025,0,3,0,3,1,0.5
05069,2015,22.843,22.843,11.833,11.833,05025,0,3,0,3,1,0.5
05069,2016,22.843,22.843,11.833,11.833,05025,0,3,0,3,1,0.5
05069,2017,22.843,22.843,11.833,11.833,05025,0,3,0,3,1,0.5
05069,2018,22.843,22.843,11.833,11.833,05025,0,3,0,3,1,0.5
05069,2019,22.843,22.843,11.833,11.833,05025,0,3,0,3,1,0.5
05069,2020,22.843,22.843,11.833,11.833,05025,0,3,0,3,1,0.5
05069,2021,22.843,22.843,11.833,11.833,05025,0,3,0,3,1,0.5
05069,2022,22.843,22.843,11.833,11.833,05025,0,3,0,3,1,0.5
05069,2023,22.843,22.843,11.833,11.833,05025,0,3,0,3,1,0.5
05071,2008,23.64,23.64,13.123,13.123,05047,0,2,0,2,1,0.4
05071,2009,23.64,23.64,13.123,13.123,05047,0,2,0,2,1,0.4
05071,2010,23.64,23.64,13.123,13.123,05047,0,2,0,2,1,0.4
05071,2011,23.64,23.64,13.123,13.123,05047,0,2,0,2,1,0.4
05071,2012,23.64,23.64,13.123,13.123,05047,0,3,0,3,1,0.6
05071,2013,23.64,23.64,13.123,13.123,05047,0,3,0,3,1,0.6
05071,2014,23.64,23.64,13.123,13.123,05047,0,3,0,3,1,0.6
05071,2015,23.64,23.64,13.123,13.123,05047,0,3,0,3,1,0.6
05071,2016,23.64,23.64,13.123,13.123,05047,0,3,0,3,1,0.6
05071,2017,23.64,23.64,13.123,13.123,05047,0,3,0,3,1,0.6
05071,2018,23.64,23.64,13.123,13.123,05047,0,3,0,3,1,0.6
05071,2019,23.64,23.64,13.123,13.123,05047,0,3,0,3,1,0.6
05071,2020,23.64,23.64,13.123,13.123,05047,0,3,0,3,1,0.6
05071,2021,23.64,23.64,13.123,13.123,05047,0,3,0,3,1,0.6
05071,2022,23.64,23.64,13.123,13.123,05047,0,3,0,3,1,0.6
05071,2023,23.64,23.64,13.123,13.123,05047,0,3,0,3,1,0.6
05073,2008,26.219,26.219,7.059,7.059,05091,0,1,2,3,1,0.5
05073,2009,26.219,26.219,7.059,7.059,05091,0,1,2,3,1,0.5
05073,2010,26.219,26.219,7.059,7.059,05091,0,1,2,3,1,0.5
05073,2011,26.219,26.219,7.059,7.059,05091,0,1,2,3,1,0.5
05073,2012,26.219,26.219,7.059,7.059,05091,0,1,2,3,1,0.5
05073,2013,26.219,26.219,7.059,7.059,05091,0,1,2,3,1,0.5
05073,2014,17.993,17.993,4.578,4.578,05027,0,2,2,4,1,0.6667
05073,2015,17.993,17.993,4.578,4.578,05027,0,2,2,4,1,0.6667
05073,2016,17.993,17.993,4.578,4.578,05027,0,2,2,4,1,0.6667
05073,2017,17.993,17.993,4.578,4.578,05027,0,2,2,4,1,0.6667
05073,2018,17.993,17.993,4.578,4.578,05027,0,2,2,4,1,0.6667
05073,2019,17.993,17.993,4.578,4.578,05027,0,2,2,4,1,0.6667
05073,2020,17.993,17.993,4.578,4.578,05027,0,2,2,4,1,0.6667
05073,2021,17.993,17.993,4.578,4.578,05027,0,2,2,4,1,0.6667
05073,2022,17.993,17.993,4.578,4.578,05027,0,2,2,4,1,0.6667
05073,2023,17.993,17.993,4.578,4.578,05027,0,2,2,4,1,0.6667
05075,2008,30.263,30.263,12.749,12.749,05067,0,2,0,2,1,0.3333
05075,2009,30.263,30.263,12.749,12.749,05067,0,2,0,2,1,0.3333
05075,2010,30.263,30.263,12.749,12.749,05067,0,2,0,2,1,0.3333
05075,2011,30.263,30.263,12.749,12.749,05067,0,2,0,2,1,0.3333
05075,2012,26.457,26.457,12.749,12.749,05067,0,3,0,3,1,0.5
05075,2013,26.457,26.457,12.749,12.749,05067,0,3,0,3,1,0.5
05075,2014,26.457,26.457,12.749,12.749,05067,0,3,0,3,1,0.5
05075,2015,26.457,26.457,12.749,12.749,05067,0,3,0,3,1,0.5
05075,2016,26.457,26.457,12.749,12.749,05067,0,3,0,3,1,0.5
05075,2017,26.457,26.457,12.749,12.749,05067,0,3,0,3,1,0.5
05075,2018,16.517,16.517,5.523,5.523,05121,0,4,0,4,1,0.6667
05075,2019,16.517,16.517,5.523,5.523,05121,0,4,0,4,1,0.6667
05075,2020,16.517,16.517,5.523,5.523,05121,0,4,0,4,1,0.6667
05075,2021,16.517,16.517,5.523,5.523,05121,0,4,0,4,1,0.6667
05075,2022,16.517,16.517,5.523,5.523,05121,0,4,0,4,1,0.6667
05075,2023,16.517,16.517,5.523,5.523,05121,0,4,0,4,1,0.6667
05077,2008,15.82,15.82,8.339,8.339,05123,0,4,0,4,1,0.8
05077,2009,15.82,15.82,8.339,8.339,05123,0,4,0,4,1,0.8
05077,2010,15.82,15.82,8.339,8.339,05123,0,4,0,4,1,0.8
05077,2011,15.82,15.82,8.339,8.339,05123,0,4,0,4,1,0.8
05077,2012,15.82,15.82,8.339,8.339,05123,0,4,0,4,1,0.8
05077,2013,15.82,15.82,8.339,8.339,05123,0,4,0,4,1,0.8
05077,2014,15.82,15.82,8.339,8.339,05123,0,4,0,4,1,0.8
05077,2015,15.82,15.82,8.339,8.339,05123,0,4,0,4,1,0.8
05077,2016,15.82,15.82,8.339,8.339,05123,0,4,0,4,1,0.8
05077,2017,15.82,15.82,8.339,8.339,05123,0,4,0,4,1,0.8
05077,2018,15.82,15.82,8.339,8.339,05123,0,4,0,4,1,0.8
05077,2019,15.82,15.82,8.339,8.339,05123,0,4,0,4,1,0.8
05077,2020,15.82,15.82,8.339,8.339,05123,0,4,0,4,1,0.8
05077,2021,15.82,15.82,8.339,8.339,05123,0,4,0,4,1,0.8
05077,2022,15.82,15.82,8.339,8.339,05123,0,4,0,4,1,0.8
05077,2023,15.82,15.82,8.339,8.339,05123,0,4,0,4,1,0.8
05079,2008,22.769,22.769,8.332,8.332,05069,0,5,0,5,1,1.0
05079,2009,22.769,22.769,8.332,8.332,05069,0,5,0,5,1,1.0
05079,2010,22.769,22.769,8.332,8.332,05069,0,5,0,5,1,1.0
05079,2011,22.769,22.769,8.332,8.332,05069,0,5,0,5,1,1.0
05079,2012,22.769,22.769,8.332,8.332,05069,0,5,0,5,1,1.0
05079,2013,22.769,22.769,8.332,8.332,05069,0,5,0,5,1,1.0
05079,2014,22.769,22.769,8.332,8.332,05069,0,5,0,5,1,1.0
05079,2015,22.769,22.769,8.332,8.332,05069,0,5,0,5,1,1.0
05079,2016,22.769,22.769,8.332,8.332,05069,0,5,0,5,1,1.0
05079,2017,22.769,22.769,8.332,8.332,05069,0,5,0,5,1,1.0
05079,2018,22.769,22.769,8.332,8.332,05069,0,5,0,5,1,1.0
05079,2019,22.769,22.769,8.332,8.332,05069,0,5,0,5,1,1.0
05079,2020,22.769,22.769,8.332,8.332,05069,0,5,0,5,1,1.0
05079,2021,22.769,22.769,8.332,8.332,05069,0,5,0,5,1,1.0
05079,2022,22.769,22.769,8.332,8.332,05069,0,5,0,5,1,1.0
05079,2023,22.769,22.769,8.332,8.332,05069,0,5,0,5,1,1.0
05081,2008,23.918,23.918,13.581,13.581,05091,0,1,1,2,1,0.3333
05081,2009,23.918,23.918,13.581,13.581,05091,0,1,1,2,1,0.3333
05081,2010,23.918,23.918,13.581,13.581,05091,0,1,1,2,1,0.3333
05081,2011,23.918,23.918,13.581,13.581,05091,0,1,1,2,1,0.3333
05081,2012,23.918,23.918,13.581,13.581,05091,0,1,1,2,1,0.3333
05081,2013,23.918,18.223,13.581,7.47,48037,1,1,2,3,1,0.5
05081,2014,23.918,18.223,13.581,7.47,48037,1,1,2,3,1,0.5
05081,2015,23.918,18.223,13.581,7.47,48037,1,1,2,3,1,0.5
05081,2016,23.918,18.223,13.581,7.47,48037,1,1,2,3,1,0.5
05081,2017,23.918,18.223,13.581,7.47,48037,1,1,2,3,1,0.5
05081,2018,23.918,18.223,13.581,7.47,48037,1,1,2,3,1,0.5
05081,2019,23.918,18.223,13.581,7.47,48037,1,1,2,3,1,0.5
05081,2020,22.583,18.223,6.71,6.71,05133,0,2,2,4,1,0.6667
05081,2021,22.583,18.223,6.71,6.71,05133,0,2,2,4,1,0.6667
05081,2022,22.583,18.223,6.71,6.71,05133,0,2,2,4,1,0.6667
05081,2023,22.583,18.223,6.71,6.71,05133,0,2,2,4,1,0.6667
05083,2008,16.355,16.355,6.356,6.356,05047,0,2,0,2,1,0.3333
05083,2009,16.355,16.355,6.356,6.356,05047,0,2,0,2,1,0.3333
05083,2010,16.355,16.355,6.356,6.356,05047,0,2,0,2,1,0.3333
05083,2011,16.355,16.355,6.356,6.356,05047,0,2,0,2,1,0.3333
05083,2012,16.355,16.355,6.356,6.356,05047,0,2,0,2,1,0.3333
05083,2013,16.355,16.355,6.356,6.356,05047,0,2,0,2,1,0.3333
05083,2014,16.355,16.355,6.356,6.356,05047,0,2,0,2,1,0.3333
05083,2015,16.355,16.355,6.356,6.356,05047,0,2,0,2,1,0.3333
05083,2016,16.355,16.355,6.356,6.356,05047,0,2,0,2,1,0.3333
05083,2017,16.355,16.355,6.356,6.356,05047,0,2,0,2,1,0.3333
05083,2018,16.355,16.355,6.356,6.356,05047,0,2,0,2,1,0.3333
05083,2019,16.355,16.355,6.356,6.356,05047,0,2,0,2,1,0.3333
05083,2020,16.355,16.355,6.356,6.356,05047,0,2,0,2,1,0.3333
05083,2021,16.355,16.355,6.356,6.356,05047,0,2,0,2,1,0.3333
05083,2022,16.355,16.355,6.356,6.356,05047,0,2,0,2,1,0.3333
05083,2023,16.355,16.355,6.356,6.356,05047,0,2,0,2,1,0.3333
05085,2008,21.683,21.683,5.639,5.639,05119,0,4,0,4,1,0.6667
05085,2009,21.683,21.683,5.639,5.639,05119,0,4,0,4,1,0.6667
05085,2010,21.683,21.683,5.639,5.639,05119,0,4,0,4,1,0.6667
05085,2011,21.683,21.683,5.639,5.639,05119,0,4,0,4,1,0.6667
05085,2012,21.683,21.683,5.639,5.639,05119,0,4,0,4,1,0.6667
05085,2013,21.683,21.683,5.639,5.639,05119,0,4,0,4,1,0.6667
05085,2014,21.683,21.683,5.639,5.639,05119,0,4,0,4,1,0.6667
05085,2015,21.683,21.683,5.639,5.639,05119,0,4,0,4,1,0.6667
05085,2016,21.683,21.683,5.639,5.639,05119,0,4,0,4,1,0.6667
05085,2017,21.683,21.683,5.639,5.639,05119,0,4,0,4,1,0.6667
05085,2018,21.683,21.683,5.639,5.639,05119,0,4,0,4,1,0.6667
05085,2019,21.683,21.683,5.639,5.639,05119,0,4,0,4,1,0.6667
05085,2020,21.683,21.683,5.639,5.639,05119,0,4,0,4,1,0.6667
05085,2021,21.683,21.683,5.639,5.639,05119,0,4,0,4,1,0.6667
05085,2022,21.683,21.683,5.639,5.639,05119,0,4,0,4,1,0.6667
05085,2023,21.683,21.683,5.639,5.639,05119,0,4,0,4,1,0.6667
05087,2008,23.267,23.267,10.626,10.626,05143,0,3,0,3,1,0.4286
05087,2009,23.267,23.267,10.626,10.626,05143,0,3,0,3,1,0.4286
05087,2010,23.267,23.267,10.626,10.626,05143,0,3,0,3,1,0.4286
05087,2011,23.267,23.267,10.626,10.626,05143,0,3,0,3,1,0.4286
05087,2012,23.267,23.267,10.626,10.626,05143,0,4,0,4,1,0.5714
05087,2013,23.267,23.267,10.626,10.626,05143,0,4,0,4,1,0.5714
05087,2014,23.267,23.267,10.626,10.626,05143,0,4,0,4,1,0.5714
05087,2015,23.267,23.267,10.626,10.626,05143,0,4,0,4,1,0.5714
05087,2016,23.267,23.267,10.626,10.626,05143,0,4,0,4,1,0.5714
05087,2017,23.267,23.267,10.626,10.626,05143,0,4,0,4,1,0.5714
05087,2018,23.267,23.267,10.626,10.626,05143,0,4,0,4,1,0.5714
05087,2019,23.267,23.267,10.626,10.626,05143,0,4,0,4,1,0.5714
05087,2020,23.267,23.267,10.626,10.626,05143,0,4,0,4,1,0.5714
05087,2021,23.267,23.267,10.626,10.626,05143,0,4,0,4,1,0.5714
05087,2022,23.267,23.267,10.626,10.626,05143,0,4,0,4,1,0.5714
05087,2023,23.267,23.267,10.626,10.626,05143,0,4,0,4,1,0.5714
05089,2008,15.728,15.728,5.607,5.607,05005,0,1,2,3,1,0.6
05089,2009,15.728,15.728,5.607,5.607,05005,0,1,2,3,1,0.6
05089,2010,15.728,15.728,5.607,5.607,05005,0,2,2,4,1,0.8
05089,2011,15.728,15.728,5.607,5.607,05005,0,2,2,4,1,0.8
05089,2012,15.728,15.728,5.607,5.607,05005,0,2,2,4,1,0.8
05089,2013,15.728,15.728,5.607,5.607,05005,0,2,2,4,1,0.8
05089,2014,15.728,15.728,5.607,5.607,05005,0,2,2,4,1,0.8
05089,2015,15.728,15.728,5.607,5.607,05005,0,2,2,4,1,0.8
05089,2016,15.728,15.728,5.607,5.607,05005,0,2,2,4,1,0.8
05089,2017,15.728,15.728,5.607,5.607,05005,0,2,2,4,1,0.8
05089,2018,15.728,15.728,5.607,5.607,05005,0,2,2,4,1,0.8
05089,2019,15.728,15.728,5.607,5.607,05005,0,2,2,4,1,0.8
05089,2020,15.728,15.728,5.607,5.607,05005,0,2,2,4,1,0.8
05089,2021,15.728,15.728,5.607,5.607,05005,0,2,2,4,1,0.8
05089,2022,15.728,15.728,5.607,5.607,05005,0,2,2,4,1,0.8
05089,2023,15.728,15.728,5.607,5.607,05005,0,2,2,4,1,0.8
05091,2008,67.234,61.179,50.108,26.474,22017,1,0,2,2,1,0.2857
05091,2009,67.234,61.179,50.108,26.474,22017,1,0,2,2,1,0.2857
05091,2010,67.234,61.179,50.108,26.474,22017,1,0,2,2,1,0.2857
05091,2011,67.234,61.179,50.108,26.474,22017,1,0,2,2,1,0.2857
05091,2012,67.234,61.179,50.108,26.474,22017,1,0,2,2,1,0.2857
05091,2013,67.234,12.544,50.108,3.216,48037,1,0,4,4,1,0.5714
05091,2014,43.858,12.544,30.793,3.216,48037,1,0,4,4,1,0.5714
05091,2015,43.858,12.544,30.793,3.216,48037,1,0,4,4,1,0.5714
05091,2016,23.918,12.544,10.222,3.216,48037,1,1,4,5,1,0.7143
05091,2017,23.918,12.544,10.222,3.216,48037,1,1,4,5,1,0.7143
05091,2018,23.918,12.544,10.222,3.216,48037,1,1,4,5,1,0.7143
05091,2019,23.918,12.544,10.222,3.216,48037,1,1,4,5,1,0.7143
05091,2020,23.918,12.544,10.222,3.216,48037,1,1,4,5,1,0.7143
05091,2021,23.918,12.544,10.222,3.216,48037,1,1,4,5,1,0.7143
05091,2022,23.918,12.544,10.222,3.216,48037,1,1,4,5,1,0.7143
05091,2023,23.918,12.544,10.222,3.216,48037,1,1,4,5,1,0.7143
05093,2008,33.128,27.333,18.808,10.734,29069,1,2,2,4,1,0.4444
05093,2009,33.128,27.333,18.808,10.734,29069,1,2,2,4,1,0.4444
05093,2010,33.128,27.333,18.808,10.734,29069,1,2,2,4,1,0.4444
05093,2011,33.128,27.333,18.808,10.734,29069,1,2,2,4,1,0.4444
05093,2012,33.128,27.333,18.808,10.734,29069,1,2,2,4,1,0.4444
05093,2013,33.128,27.333,18.808,10.734,29069,1,2,2,4,1,0.4444
05093,2014,33.128,27.333,18.808,10.734,29069,1,2,2,4,1,0.4444
05093,2015,33.128,27.333,18.808,10.734,29069,1,2,2,4,1,0.4444
05093,2016,33.128,27.333,18.808,10.734,29069,1,2,2,4,1,0.4444
05093,2017,33.128,27.333,18.808,10.734,29069,1,2,2,4,1,0.4444
05093,2018,33.128,27.333,18.808,10.734,29069,1,2,2,4,1,0.4444
05093,2019,33.128,27.333,18.808,10.734,29069,1,2,2,4,1,0.4444
05093,2020,33.128,27.333,18.808,10.734,29069,1,2,2,4,1,0.4444
05093,2021,33.128,27.333,18.808,10.734,29069,1,2,2,4,1,0.4444
05093,2022,33.128,27.333,18.808,10.734,29069,1,2,2,4,1,0.4444
05093,2023,33.128,27.333,18.808,10.734,29069,1,2,2,4,1,0.4444
05095,2008,19.061,19.061,6.798,6.798,05077,0,6,0,6,1,1.0
05095,2009,19.061,19.061,6.798,6.798,05077,0,6,0,6,1,1.0
05095,2010,19.061,19.061,6.798,6.798,05077,0,6,0,6,1,1.0
05095,2011,19.061,19.061,6.798,6.798,05077,0,6,0,6,1,1.0
05095,2012,19.061,19.061,6.798,6.798,05077,0,6,0,6,1,1.0
05095,2013,19.061,19.061,6.798,6.798,05077,0,6,0,6,1,1.0
05095,2014,19.061,19.061,6.798,6.798,05077,0,6,0,6,1,1.0
05095,2015,19.061,19.061,6.798,6.798,05077,0,6,0,6,1,1.0
05095,2016,19.061,19.061,6.798,6.798,05077,0,6,0,6,1,1.0
05095,2017,19.061,19.061,6.798,6.798,05077,0,6,0,6,1,1.0
05095,2018,19.061,19.061,6.798,6.798,05077,0,6,0,6,1,1.0
05095,2019,19.061,19.061,6.798,6.798,05077,0,6,0,6,1,1.0
05095,2020,19.061,19.061,6.798,6.798,05077,0,6,0,6,1,1.0
05095,2021,19.061,19.061,6.798,6.798,05077,0,6,0,6,1,1.0
05095,2022,19.061,19.061,6.798,6.798,05077,0,6,0,6,1,1.0
05095,2023,19.061,19.061,6.798,6.798,05077,0,6,0,6,1,1.0
05097,2008,30.849,30.849,12.499,12.499,05051,0,1,0,1,1,0.125
05097,2009,30.849,30.849,12.499,12.499,05051,0,1,0,1,1,0.125
05097,2010,30.849,30.849,12.499,12.499,05051,0,2,0,2,1,0.25
05097,2011,30.849,30.849,12.499,12.499,05051,0,2,0,2,1,0.25
05097,2012,30.849,30.849,12.499,12.499,05051,0,2,0,2,1,0.25
05097,2013,30.849,30.849,12.499,12.499,05051,0,2,0,2,1,0.25
05097,2014,30.849,30.849,12.499,12.499,05051,0,2,0,2,1,0.25
05097,2015,30.849,30.849,12.499,12.499,05051,0,2,0,2,1,0.25
05097,2016,30.849,30.849,12.499,12.499,05051,0,2,0,2,1,0.25
05097,2017,30.849,30.849,12.499,12.499,05051,0,2,0,2,1,0.25
05097,2018,30.849,30.849,12.499,12.499,05051,0,2,0,2,1,0.25
05097,2019,30.849,30.849,12.499,12.499,05051,0,2,0,2,1,0.25
05097,2020,30.849,30.849,12.499,12.499,05051,0,2,0,2,1,0.25
05097,2021,30.849,30.849,12.499,12.499,05051,0,2,0,2,1,0.25
05097,2022,30.849,30.849,12.499,12.499,05051,0,4,0,4,1,0.5
05097,2023,30.849,30.849,12.499,12.499,05051,0,4,0,4,1,0.5
05099,2008,31.733,31.733,14.547,14.547,05103,0,1,0,1,1,0.1667
05099,2009,31.733,31.733,14.547,14.547,05103,0,1,0,1,1,0.1667
05099,2010,29.143,29.143,9.16,9.16,05019,0,2,0,2,1,0.3333
05099,2011,29.143,29.143,9.16,9.16,05019,0,2,0,2,1,0.3333
05099,2012,29.143,29.143,9.16,9.16,05019,0,2,0,2,1,0.3333
05099,2013,29.143,29.143,9.16,9.16,05019,0,2,0,2,1,0.3333
05099,2014,29.143,29.143,9.16,9.16,05019,0,3,0,3,1,0.5
05099,2015,29.143,29.143,9.16,9.16,05019,0,3,0,3,1,0.5
05099,2016,29.143,29.143,9.16,9.16,05019,0,3,0,3,1,0.5
05099,2017,29.143,29.143,9.16,9.16,05019,0,3,0,3,1,0.5
05099,2018,29.143,29.143,9.16,9.16,05019,0,3,0,3,1,0.5
05099,2019,29.143,29.143,9.16,9.16,05019,0,3,0,3,1,0.5
05099,2020,29.143,29.143,9.16,9.16,05019,0,3,0,3,1,0.5
05099,2021,29.143,29.143,9.16,9.16,05019,0,3,0,3,1,0.5
05099,2022,29.143,29.143,9.16,9.16,05019,0,3,0,3,1,0.5
05099,2023,29.143,29.143,9.16,9.16,05019,0,3,0,3,1,0.5
05101,2008,35.077,35.077,12.173,12.173,05015,0,1,0,1,1,0.1667
05101,2009,35.077,35.077,12.173,12.173,05015,0,1,0,1,1,0.1667
05101,2010,19.976,19.976,9.428,9.428,05009,0,2,0,2,1,0.3333
05101,2011,19.976,19.976,9.428,9.428,05009,0,2,0,2,1,0.3333
05101,2012,19.976,19.976,9.428,9.428,05009,0,3,0,3,1,0.5
05101,2013,19.976,19.976,9.428,9.428,05009,0,3,0,3,1,0.5
05101,2014,19.976,19.976,9.428,9.428,05009,0,3,0,3,1,0.5
05101,2015,19.976,19.976,9.428,9.428,05009,0,3,0,3,1,0.5
05101,2016,19.976,19.976,9.428,9.428,05009,0,3,0,3,1,0.5
05101,2017,19.976,19.976,9.428,9.428,05009,0,3,0,3,1,0.5
05101,2018,19.976,19.976,9.428,9.428,05009,0,3,0,3,1,0.5
05101,2019,19.976,19.976,9.428,9.428,05009,0,3,0,3,1,0.5
05101,2020,19.976,19.976,9.428,9.428,05009,0,3,0,3,1,0.5
05101,2021,19.976,19.976,9.428,9.428,05009,0,3,0,3,1,0.5
05101,2022,19.976,19.976,9.428,9.428,05009,0,3,0,3,1,0.5
05101,2023,19.976,19.976,9.428,9.428,05009,0,3,0,3,1,0.5
05103,2008,19.475,19.475,4.357,4.357,05013,0,3,0,3,1,0.5
05103,2009,19.475,19.475,4.357,4.357,05013,0,3,0,3,1,0.5
05103,2010,19.475,19.475,4.357,4.357,05013,0,4,0,4,1,0.6667
05103,2011,19.475,19.475,4.357,4.357,05013,0,4,0,4,1,0.6667
05103,2012,19.475,19.475,4.357,4.357,05013,0,4,0,4,1,0.6667
05103,2013,19.475,19.475,4.357,4.357,05013,0,4,0,4,1,0.6667
05103,2014,19.475,19.475,4.357,4.357,05013,0,5,0,5,1,0.8333
05103,2015,19.475,19.475,4.357,4.357,05013,0,5,0,5,1,0.8333
05103,2016,19.475,19.475,4.357,4.357,05013,0,5,0,5,1,0.8333
05103,2017,19.475,19.475,4.357,4.357,05013,0,5,0,5,1,0.8333
05103,2018,19.475,19.475,4.357,4.357,05013,0,5,0,5,1,0.8333
05103,2019,19.475,19.475,4.357,4.357,05013,0,5,0,5,1,0.8333
05103,2020,19.475,19.475,4.357,4.357,05013,0,5,0,5,1,0.8333
05103,2021,19.475,19.475,4.357,4.357,05013,0,5,0,5,1,0.8333
05103,2022,19.475,19.475,4.357,4.357,05013,0,5,0,5,1,0.8333
05103,2023,19.475,19.475,4.357,4.357,05013,0,5,0,5,1,0.8333
05105,2008,15.351,15.351,5.113,5.113,05029,0,3,0,3,1,0.5
05105,2009,15.351,15.351,5.113,5.113,05029,0,3,0,3,1,0.5
05105,2010,15.351,15.351,5.113,5.113,05029,0,3,0,3,1,0.5
05105,2011,15.351,15.351,5.113,5.113,05029,0,3,0,3,1,0.5
05105,2012,15.351,15.351,5.113,5.113,05029,0,3,0,3,1,0.5
05105,2013,15.351,15.351,5.113,5.113,05029,0,3,0,3,1,0.5
05105,2014,15.351,15.351,5.113,5.113,05029,0,4,0,4,1,0.6667
05105,2015,15.351,15.351,5.113,5.113,05029,0,4,0,4,1,0.6667
05105,2016,15.351,15.351,5.113,5.113,05029,0,4,0,4,1,0.6667
05105,2017,15.351,15.351,5.113,5.113,05029,0,4,0,4,1,0.6667
05105,2018,15.351,15.351,5.113,5.113,05029,0,4,0,4,1,0.6667
05105,2019,15.351,15.351,5.113,5.113,05029,0,4,0,4,1,0.6667
05105,2020,15.351,15.351,5.113,5.113,05029,0,4,0,4,1,0.6667
05105,2021,15.351,15.351,5.113,5.113,05029,0,4,0,4,1,0.6667
05105,2022,15.351,15.351,5.113,5.113,05029,0,4,0,4,1,0.6667
05105,2023,15.351,15.351,5.113,5.113,05029,0,4,0,4,1,0.6667
05107,2008,18.114,18.114,7.709,7.62,28027,1,4,1,5,1,0.8333
05107,2009,18.114,18.114,7.709,7.62,28027,1,4,1,5,1,0.8333
05107,2010,18.114,18.114,7.709,7.62,28027,1,4,1,5,1,0.8333
05107,2011,18.114,18.114,7.709,7.62,28027,1,4,1,5,1,0.8333
05107,2012,18.114,18.114,7.709,7.62,28027,1,4,1,5,1,0.8333
05107,2013,18.114,18.114,7.709,7.62,28027,1,4,1,5,1,0.8333
05107,2014,18.114,18.114,7.709,7.62,28027,1,4,1,5,1,0.8333
05107,2015,18.114,18.114,7.709,7.62,28027,1,4,1,5,1,0.8333
05107,2016,18.114,18.114,7.709,7.62,28027,1,4,1,5,1,0.8333
05107,2017,18.114,18.114,7.709,7.62,28027,1,4,1,5,1,0.8333
05107,2018,18.114,18.114,7.709,7.62,28027,1,4,1,5,1,0.8333
05107,2019,18.114,18.114,7.709,7.62,28027,1,4,1,5,1,0.8333
05107,2020,18.114,18.114,7.709,7.62,28027,1,4,1,5,1,0.8333
05107,2021,18.114,18.114,7.709,7.62,28027,1,4,1,5,1,0.8333
05107,2022,18.114,18.114,7.709,7.62,28027,1,4,1,5,1,0.8333
05107,2023,18.114,18.114,7.709,7.62,28027,1,4,1,5,1,0.8333
05109,2008,38.149,38.149,19.177,19.177,05051,0,0,0,0,0,0.0
05109,2009,38.149,38.149,19.177,19.177,05051,0,0,0,0,0,0.0
05109,2010,29.343,29.343,9.72,9.72,05019,0,1,0,1,1,0.1667
05109,2011,29.343,29.343,9.72,9.72,05019,0,1,0,1,1,0.1667
05109,2012,29.343,29.343,9.72,9.72,05019,0,1,0,1,1,0.1667
05109,2013,29.343,29.343,9.72,9.72,05019,0,1,0,1,1,0.1667
05109,2014,29.343,29.343,9.72,9.72,05019,0,1,0,1,1,0.1667
05109,2015,29.343,29.343,9.72,9.72,05019,0,1,0,1,1,0.1667
05109,2016,29.343,29.343,9.72,9.72,05019,0,1,0,1,1,0.1667
05109,2017,29.343,29.343,9.72,9.72,05019,0,1,0,1,1,0.1667
05109,2018,29.343,29.343,9.72,9.72,05019,0,1,0,1,1,0.1667
05109,2019,29.343,29.343,9.72,9.72,05019,0,1,0,1,1,0.1667
05109,2020,29.343,29.343,9.72,9.72,05019,0,1,0,1,1,0.1667
05109,2021,29.343,29.343,9.72,9.72,05019,0,1,0,1,1,0.1667
05109,2022,29.343,29.343,9.72,9.72,05019,0,2,0,2,1,0.3333
05109,2023,29.343,29.343,9.72,9.72,05019,0,2,0,2,1,0.3333
05111,2008,27.335,27.335,11.242,11.242,05037,0,4,0,4,1,0.8
05111,2009,27.335,27.335,11.242,11.242,05037,0,4,0,4,1,0.8
05111,2010,27.335,27.335,11.242,11.242,05037,0,4,0,4,1,0.8
05111,2011,27.335,27.335,11.242,11.242,05037,0,4,0,4,1,0.8
05111,2012,27.335,27.335,11.242,11.242,05037,0,4,0,4,1,0.8
05111,2013,27.335,27.335,11.242,11.242,05037,0,4,0,4,1,0.8
05111,2014,27.335,27.335,11.242,11.242,05037,0,4,0,4,1,0.8
05111,2015,27.335,27.335,11.242,11.242,05037,0,4,0,4,1,0.8
05111,2016,27.335,27.335,11.242,11.242,05037,0,4,0,4,1,0.8
05111,2017,27.335,27.335,11.242,11.242,05037,0,4,0,4,1,0.8
05111,2018,27.335,27.335,11.242,11.242,05037,0,4,0,4,1,0.8
05111,2019,27.335,27.335,11.242,11.242,05037,0,4,0,4,1,0.8
05111,2020,27.335,27.335,11.242,11.242,05037,0,4,0,4,1,0.8
05111,2021,27.335,27.335,11.242,11.242,05037,0,4,0,4,1,0.8
05111,2022,27.335,27.335,11.242,11.242,05037,0,4,0,4,1,0.8
05111,2023,27.335,27.335,11.242,11.242,05037,0,4,0,4,1,0.8
05113,2008,55.263,43.269,29.993,11.54,40079,1,0,2,2,1,0.2857
05113,2009,55.263,43.269,29.993,11.54,40079,1,0,2,2,1,0.2857
05113,2010,55.263,43.269,29.993,11.54,40079,1,0,2,2,1,0.2857
05113,2011,55.263,43.269,29.993,11.54,40079,1,0,2,2,1,0.2857
05113,2012,55.263,43.269,29.993,11.54,40079,1,0,2,2,1,0.2857
05113,2013,55.263,43.269,29.993,11.54,40079,1,0,2,2,1,0.2857
05113,2014,55.263,43.269,29.993,11.54,40079,1,0,2,2,1,0.2857
05113,2015,55.263,43.269,29.993,11.54,40079,1,0,2,2,1,0.2857
05113,2016,55.263,43.269,29.993,11.54,40079,1,0,2,2,1,0.2857
05113,2017,55.263,43.269,29.993,11.54,40079,1,0,2,2,1,0.2857
05113,2018,55.263,43.269,29.993,11.54,40079,1,0,2,2,1,0.2857
05113,2019,55.263,43.269,29.993,11.54,40079,1,0,2,2,1,0.2857
05113,2020,35.165,35.165,22.834,11.54,40079,1,1,2,3,1,0.4286
05113,2021,35.165,35.165,22.834,11.54,40079,1,1,2,3,1,0.4286
05113,2022,35.165,35.165,22.834,11.54,40079,1,1,2,3,1,0.4286
05113,2023,35.165,35.165,22.834,11.54,40079,1,1,2,3,1,0.4286
05115,2008,23.031,23.031,14.784,14.784,05029,0,2,0,2,1,0.2857
05115,2009,23.031,23.031,14.784,14.784,05029,0,2,0,2,1,0.2857
05115,2010,23.031,23.031,14.784,14.784,05029,0,2,0,2,1,0.2857
05115,2011,23.031,23.031,14.784,14.784,05029,0,2,0,2,1,0.2857
05115,2012,23.031,23.031,14.784,14.784,05029,0,2,0,2,1,0.2857
05115,2013,23.031,23.031,14.784,14.784,05029,0,2,0,2,1,0.2857
05115,2014,23.031,23.031,14.784,14.784,05029,0,2,0,2,1,0.2857
05115,2015,23.031,23.031,14.784,14.784,05029,0,2,0,2,1,0.2857
05115,2016,23.031,23.031,14.784,14.784,05029,0,2,0,2,1,0.2857
05115,2017,23.031,23.031,14.784,14.784,05029,0,2,0,2,1,0.2857
05115,2018,23.031,23.031,14.784,14.784,05029,0,2,0,2,1,0.2857
05115,2019,23.031,23.031,14.784,14.784,05029,0,2,0,2,1,0.2857
05115,2020,23.031,23.031,14.784,14.784,05029,0,3,0,3,1,0.4286
05115,2021,23.031,23.031,14.784,14.784,05029,0,3,0,3,1,0.4286
05115,2022,23.031,23.031,14.784,14.784,05029,0,3,0,3,1,0.4286
05115,2023,23.031,23.031,14.784,14.784,05029,0,3,0,3,1,0.4286
05117,2008,19.061,19.061,9.678,9.678,05095,0,3,0,3,1,0.6
05117,2009,19.061,19.061,9.678,9.678,05095,0,3,0,3,1,0.6
05117,2010,19.061,19.061,9.678,9.678,05095,0,3,0,3,1,0.6
05117,2011,19.061,19.061,9.678,9.678,05095,0,3,0,3,1,0.6
05117,2012,19.061,19.061,9.678,9.678,05095,0,3,0,3,1,0.6
05117,2013,19.061,19.061,9.678,9.678,05095,0,3,0,3,1,0.6
05117,2014,19.061,19.061,9.678,9.678,05095,0,3,0,3,1,0.6
05117,2015,19.061,19.061,9.678,9.678,05095,0,3,0,3,1,0.6
05117,2016,19.061,19.061,9.678,9.678,05095,0,3,0,3,1,0.6
05117,2017,19.061,19.061,9.678,9.678,05095,0,3,0,3,1,0.6
05117,2018,19.061,19.061,9.678,9.678,05095,0,3,0,3,1,0.6
05117,2019,19.061,19.061,9.678,9.678,05095,0,3,0,3,1,0.6
05117,2020,19.061,19.061,9.678,9.678,05095,0,3,0,3,1,0.6
05117,2021,19.061,19.061,9.678,9.678,05095,0,3,0,3,1,0.6
05117,2022,19.061,19.061,9.678,9.678,05095,0,3,0,3,1,0.6
05117,2023,19.061,19.061,9.678,9.678,05095,0,3,0,3,1,0.6
05119,2008,37.473,37.473,20.444,20.444,05069,0,1,0,1,1,0.1667
05119,2009,37.473,37.473,20.444,20.444,05069,0,1,0,1,1,0.1667
05119,2010,37.473,37.473,20.444,20.444,05069,0,1,0,1,1,0.1667
05119,2011,37.473,37.473,20.444,20.444,05069,0,1,0,1,1,0.1667
05119,2012,37.473,37.473,20.444,20.444,05069,0,1,0,1,1,0.1667
05119,2013,37.473,37.473,20.444,20.444,05069,0,1,0,1,1,0.1667
05119,2014,18.0,18.0,10.495,10.495,05125,0,2,0,2,1,0.3333
05119,2015,18.0,18.0,10.495,10.495,05125,0,2,0,2,1,0.3333
05119,2016,18.0,18.0,10.495,10.495,05125,0,2,0,2,1,0.3333
05119,2017,18.0,18.0,10.495,10.495,05125,0,2,0,2,1,0.3333
05119,2018,18.0,18.0,10.495,10.495,05125,0,2,0,2,1,0.3333
05119,2019,18.0,18.0,10.495,10.495,05125,0,2,0,2,1,0.3333
05119,2020,18.0,18.0,10.495,10.495,05125,0,2,0,2,1,0.3333
05119,2021,18.0,18.0,10.495,10.495,05125,0,2,0,2,1,0.3333
05119,2022,18.0,18.0,10.495,10.495,05125,0,2,0,2,1,0.3333
05119,2023,18.0,18.0,10.495,10.495,05125,0,2,0,2,1,0.3333
05121,2008,30.532,25.017,10.479,10.479,05055,0,1,2,3,1,0.5
05121,2009,30.532,25.017,10.479,10.479,05055,0,1,2,3,1,0.5
05121,2010,30.532,25.017,10.479,10.479,05055,0,1,2,3,1,0.5
05121,2011,30.532,25.017,10.479,10.479,05055,0,1,2,3,1,0.5
05121,2012,30.532,25.017,10.479,10.479,05055,0,2,2,4,1,0.6667
05121,2013,30.532,25.017,10.479,10.479,05055,0,2,2,4,1,0.6667
05121,2014,30.532,25.017,10.479,10.479,05055,0,2,2,4,1,0.6667
05121,2015,30.532,25.017,10.479,10.479,05055,0,2,2,4,1,0.6667
05121,2016,30.532,25.017,10.479,10.479,05055,0,2,2,4,1,0.6667
05121,2017,30.532,25.017,10.479,10.479,05055,0,2,2,4,1,0.6667
05121,2018,30.532,25.017,10.479,10.479,05055,0,2,2,4,1,0.6667
05121,2019,30.532,25.017,10.479,10.479,05055,0,2,2,4,1,0.6667
05121,2020,30.532,25.017,10.479,10.479,05055,0,2,2,4,1,0.6667
05121,2021,30.532,25.017,10.479,10.479,05055,0,2,2,4,1,0.6667
05121,2022,30.532,25.017,10.479,10.479,05055,0,2,2,4,1,0.6667
05121,2023,30.532,25.017,10.479,10.479,05055,0,2,2,4,1,0.6667
05123,2008,15.82,15.82,7.473,7.473,05077,0,5,0,5,1,1.0
05123,2009,15.82,15.82,7.473,7.473,05077,0,5,0,5,1,1.0
05123,2010,15.82,15.82,7.473,7.473,05077,0,5,0,5,1,1.0
05123,2011,15.82,15.82,7.473,7.473,05077,0,5,0,5,1,1.0
05123,2012,15.82,15.82,7.473,7.473,05077,0,5,0,5,1,1.0
05123,2013,15.82,15.82,7.473,7.473,05077,0,5,0,5,1,1.0
05123,2014,15.82,15.82,7.473,7.473,05077,0,5,0,5,1,1.0
05123,2015,15.82,15.82,7.473,7.473,05077,0,5,0,5,1,1.0
05123,2016,15.82,15.82,7.473,7.473,05077,0,5,0,5,1,1.0
05123,2017,15.82,15.82,7.473,7.473,05077,0,5,0,5,1,1.0
05123,2018,15.82,15.82,7.473,7.473,05077,0,5,0,5,1,1.0
05123,2019,15.82,15.82,7.473,7.473,05077,0,5,0,5,1,1.0
05123,2020,15.82,15.82,7.473,7.473,05077,0,5,0,5,1,1.0
05123,2021,15.82,15.82,7.473,7.473,05077,0,5,0,5,1,1.0
05123,2022,15.82,15.82,7.473,7.473,05077,0,5,0,5,1,1.0
05123,2023,15.82,15.82,7.473,7.473,05077,0,5,0,5,1,1.0
05125,2008,18.0,18.0,6.218,6.218,05119,0,2,0,2,1,0.4
05125,2009,18.0,18.0,6.218,6.218,05119,0,2,0,2,1,0.4
05125,2010,18.0,18.0,6.218,6.218,05119,0,2,0,2,1,0.4
05125,2011,18.0,18.0,6.218,6.218,05119,0,2,0,2,1,0.4
05125,2012,18.0,18.0,6.218,6.218,05119,0,2,0,2,1,0.4
05125,2013,18.0,18.0,6.218,6.218,05119,0,2,0,2,1,0.4
05125,2014,18.0,18.0,6.218,6.218,05119,0,2,0,2,1,0.4
05125,2015,18.0,18.0,6.218,6.218,05119,0,2,0,2,1,0.4
05125,2016,18.0,18.0,6.218,6.218,05119,0,2,0,2,1,0.4
05125,2017,18.0,18.0,6.218,6.218,05119,0,2,0,2,1,0.4
05125,2018,18.0,18.0,6.218,6.218,05119,0,2,0,2,1,0.4
05125,2019,18.0,18.0,6.218,6.218,05119,0,2,0,2,1,0.4
05125,2020,18.0,18.0,6.218,6.218,05119,0,2,0,2,1,0.4
05125,2021,18.0,18.0,6.218,6.218,05119,0,2,0,2,1,0.4
05125,2022,18.0,18.0,6.218,6.218,05119,0,3,0,3,1,0.6
05125,2023,18.0,18.0,6.218,6.218,05119,0,3,0,3,1,0.6
05127,2008,32.132,32.132,8.771,8.771,05131,0,2,1,3,1,0.5
05127,2009,32.132,32.132,8.771,8.771,05131,0,2,1,3,1,0.5
05127,2010,32.132,32.132,8.771,8.771,05131,0,2,1,3,1,0.5
05127,2011,32.132,32.132,8.771,8.771,05131,0,2,1,3,1,0.5
05127,2012,32.132,32.132,8.771,8.771,05131,0,2,1,3,1,0.5
05127,2013,32.132,32.132,8.771,8.771,05131,0,2,1,3,1,0.5
05127,2014,32.132,32.132,8.771,8.771,05131,0,2,1,3,1,0.5
05127,2015,32.132,32.132,8.771,8.771,05131,0,2,1,3,1,0.5
05127,2016,32.132,32.132,8.771,8.771,05131,0,2,1,3,1,0.5
05127,2017,32.132,32.132,8.771,8.771,05131,0,2,1,3,1,0.5
05127,2018,32.132,32.132,8.771,8.771,05131,0,2,1,3,1,0.5
05127,2019,32.132,32.132,8.771,8.771,05131,0,2,1,3,1,0.5
05127,2020,32.132,32.132,8.771,8.771,05131,0,2,1,3,1,0.5
05127,2021,32.132,32.132,8.771,8.771,05131,0,2,1,3,1,0.5
05127,2022,27.891,27.891,8.771,8.771,05131,0,3,1,4,1,0.6667
05127,2023,27.891,27.891,8.771,8.771,05131,0,3,1,4,1,0.6667
05129,2008,24.965,24.965,9.947,9.947,05089,0,2,0,2,1,0.2857
05129,2009,24.965,24.965,9.947,9.947,05089,0,2,0,2,1,0.2857
05129,2010,24.965,24.965,9.947,9.947,05089,0,3,0,3,1,0.4286
05129,2011,24.965,24.965,9.947,9.947,05089,0,3,0,3,1,0.4286
05129,2012,24.965,24.965,9.947,9.947,05089,0,3,0,3,1,0.4286
05129,2013,24.965,24.965,9.947,9.947,05089,0,3,0,3,1,0.4286
05129,2014,24.965,24.965,9.947,9.947,05089,0,3,0,3,1,0.4286
05129,2015,24.965,24.965,9.947,9.947,05089,0,3,0,3,1,0.4286
05129,2016,24.965,24.965,9.947,9.947,05089,0,3,0,3,1,0.4286
05129,2017,24.965,24.965,9.947,9.947,05089,0,3,0,3,1,0.4286
05129,2018,24.965,24.965,9.947,9.947,05089,0,3,0,3,1,0.4286
05129,2019,24.965,24.965,9.947,9.947,05089,0,3,0,3,1,0.4286
05129,2020,24.965,24.965,9.299,9.299,05141,0,4,0,4,1,0.5714
05129,2021,24.965,24.965,9.299,9.299,05141,0,4,0,4,1,0.5714
05129,2022,24.965,24.965,9.299,9.299,05141,0,4,0,4,1,0.5714
05129,2023,24.965,24.965,9.299,9.299,05141,0,4,0,4,1,0.5714
05131,2008,27.482,23.448,15.53,4.442,40079,1,2,2,4,1,0.6667
05131,2009,27.482,23.448,15.53,4.442,40079,1,2,2,4,1,0.6667
05131,2010,27.482,23.448,15.53,4.442,40079,1,2,2,4,1,0.6667
05131,2011,27.482,23.448,15.53,4.442,40079,1,2,2,4,1,0.6667
05131,2012,27.482,23.448,15.53,4.442,40079,1,2,2,4,1,0.6667
05131,2013,27.482,23.448,15.53,4.442,40079,1,2,2,4,1,0.6667
05131,2014,27.482,23.448,15.53,4.442,40079,1,2,2,4,1,0.6667
05131,2015,27.482,23.448,15.53,4.442,40079,1,2,2,4,1,0.6667
05131,2016,27.482,23.448,15.53,4.442,40079,1,2,2,4,1,0.6667
05131,2017,27.482,23.448,15.53,4.442,40079,1,2,2,4,1,0.6667
05131,2018,27.482,23.448,15.53,4.442,40079,1,2,2,4,1,0.6667
05131,2019,27.482,23.448,15.53,4.442,40079,1,2,2,4,1,0.6667
05131,2020,27.482,23.448,15.53,4.442,40079,1,2,2,4,1,0.6667
05131,2021,27.482,23.448,15.53,4.442,40079,1,2,2,4,1,0.6667
05131,2022,27.482,23.448,15.53,4.442,40079,1,2,2,4,1,0.6667
05131,2023,27.482,23.448,15.53,4.442,40079,1,2,2,4,1,0.6667
05133,2008,46.093,29.282,35.315,9.804,40089,1,0,1,1,1,0.25
05133,2009,46.093,29.282,35.315,9.804,40089,1,0,1,1,1,0.25
05133,2010,46.093,29.282,35.315,9.804,40089,1,0,1,1,1,0.25
05133,2011,46.093,29.282,35.315,9.804,40089,1,0,1,1,1,0.25
05133,2012,46.093,29.282,35.315,9.804,40089,1,0,1,1,1,0.25
05133,2013,46.093,29.282,35.315,9.804,40089,1,0,1,1,1,0.25
05133,2014,46.093,29.282,35.315,9.804,40089,1,0,1,1,1,0.25
05133,2015,46.093,29.282,35.315,9.804,40089,1,0,1,1,1,0.25
05133,2016,22.583,22.583,10.038,9.804,40089,1,1,1,2,1,0.5
05133,2017,22.583,22.583,10.038,9.804,40089,1,1,1,2,1,0.5
05133,2018,22.583,22.583,10.038,9.804,40089,1,1,1,2,1,0.5
05133,2019,22.583,22.583,10.038,9.804,40089,1,1,1,2,1,0.5
05133,2020,22.583,22.583,10.038,9.804,40089,1,1,1,2,1,0.5
05133,2021,22.583,22.583,10.038,9.804,40089,1,1,1,2,1,0.5
05133,2022,22.583,22.583,10.038,9.804,40089,1,2,1,3,1,0.75
05133,2023,22.583,22.583,10.038,9.804,40089,1,2,1,3,1,0.75
05135,2008,41.282,30.293,26.792,22.156,29149,1,0,1,1,1,0.1667
05135,2009,41.282,30.293,26.792,22.156,29149,1,0,1,1,1,0.1667
05135,2010,41.282,30.293,26.792,22.156,29149,1,0,1,1,1,0.1667
05135,2011,41.282,30.293,26.792,22.156,29149,1,0,1,1,1,0.1667
05135,2012,41.282,30.293,26.792,22.156,29149,1,0,1,1,1,0.1667
05135,2013,41.282,30.293,26.792,22.156,29149,1,0,1,1,1,0.1667
05135,2014,41.282,30.293,26.792,22.156,29149,1,0,1,1,1,0.1667
05135,2015,41.282,30.293,26.792,22.156,29149,1,0,1,1,1,0.1667
05135,2016,41.282,30.293,26.792,22.156,29149,1,0,1,1,1,0.1667
05135,2017,41.282,30.293,26.792,22.156,29149,1,0,1,1,1,0.1667
05135,2018,30.75,30.293,15.539,15.539,05121,0,1,1,2,1,0.3333
05135,2019,30.75,30.293,15.539,15.539,05121,0,1,1,2,1,0.3333
05135,2020,30.75,30.293,15.539,15.539,05121,0,1,1,2,1,0.3333
05135,2021,30.75,30.293,15.539,15.539,05121,0,1,1,2,1,0.3333
05135,2022,30.75,30.293,15.539,15.539,05121,0,1,1,2,1,0.3333
05135,2023,30.75,30.293,15.539,15.539,05121,0,1,1,2,1,0.3333
05137,2008,35.736,35.736,12.688,12.688,05005,0,1,0,1,1,0.1667
05137,2009,35.736,35.736,12.688,12.688,05005,0,1,0,1,1,0.1667
05137,2010,35.736,35.736,12.688,12.688,05005,0,1,0,1,1,0.1667
05137,2011,35.736,35.736,12.688,12.688,05005,0,1,0,1,1,0.1667
05137,2012,35.736,35.736,12.688,12.688,05005,0,1,0,1,1,0.1667
05137,2013,35.736,35.736,12.688,12.688,05005,0,1,0,1,1,0.1667
05137,2014,35.736,35.736,12.688,12.688,05005,0,1,0,1,1,0.1667
05137,2015,35.736,35.736,12.688,12.688,05005,0,1,0,1,1,0.1667
05137,2016,35.736,35.736,12.688,12.688,05005,0,1,0,1,1,0.1667
05137,2017,35.736,35.736,12.688,12.688,05005,0,1,0,1,1,0.1667
05137,2018,35.736,35.736,12.688,12.688,05005,0,1,0,1,1,0.1667
05137,2019,35.736,35.736,12.688,12.688,05005,0,1,0,1,1,0.1667
05137,2020,25.553,25.553,11.581,11.581,05141,0,2,0,2,1,0.3333
05137,2021,25.553,25.553,11.581,11.581,05141,0,2,0,2,1,0.3333
05137,2022,25.553,25.553,11.581,11.581,05141,0,2,0,2,1,0.3333
05137,2023,25.553,25.553,11.581,11.581,05141,0,2,0,2,1,0.3333
05139,2008,27.514,27.514,10.25,10.25,05103,0,2,3,5,1,0.625
05139,2009,27.514,27.514,10.25,10.25,05103,0,2,3,5,1,0.625
05139,2010,27.514,27.514,10.25,10.25,05103,0,2,3,5,1,0.625
05139,2011,27.514,27.514,10.25,10.25,05103,0,2,3,5,1,0.625
05139,2012,27.514,27.514,10.25,10.25,05103,0,2,3,5,1,0.625
05139,2013,27.514,27.514,10.25,10.25,05103,0,2,3,5,1,0.625
05139,2014,27.514,27.514,10.25,10.25,05103,0,3,3,6,1,0.75
05139,2015,27.514,27.514,10.25,10.25,05103,0,3,3,6,1,0.75
05139,2016,27.514,27.514,10.25,10.25,05103,0,3,3,6,1,0.75
05139,2017,27.514,27.514,10.25,10.25,05103,0,3,3,6,1,0.75
05139,2018,27.514,27.514,10.25,10.25,05103,0,3,3,6,1,0.75
05139,2019,27.514,27.514,10.25,10.25,05103,0,3,3,6,1,0.75
05139,2020,27.514,27.514,10.25,10.25,05103,0,3,3,6,1,0.75
05139,2021,27.514,27.514,10.25,10.25,05103,0,3,3,6,1,0.75
05139,2022,27.514,27.514,10.25,10.25,05103,0,3,3,6,1,0.75
05139,2023,27.514,27.514,10.25,10.25,05103,0,3,3,6,1,0.75
05141,2008,29.345,29.345,8.47,8.47,05029,0,1,0,1,1,0.1667
05141,2009,29.345,29.345,8.47,8.47,05029,0,1,0,1,1,0.1667
05141,2010,29.345,29.345,8.47,8.47,05029,0,1,0,1,1,0.1667
05141,2011,29.345,29.345,8.47,8.47,05029,0,1,0,1,1,0.1667
05141,2012,29.345,29.345,8.47,8.47,05029,0,1,0,1,1,0.1667
05141,2013,29.345,29.345,8.47,8.47,05029,0,1,0,1,1,0.1667
05141,2014,29.345,29.345,8.47,8.47,05029,0,1,0,1,1,0.1667
05141,2015,29.345,29.345,8.47,8.47,05029,0,1,0,1,1,0.1667
05141,2016,29.345,29.345,8.47,8.47,05029,0,1,0,1,1,0.1667
05141,2017,29.345,29.345,8.47,8.47,05029,0,1,0,1,1,0.1667
05141,2018,29.345,29.345,8.47,8.47,05029,0,1,0,1,1,0.1667
05141,2019,29.345,29.345,8.47,8.47,05029,0,1,0,1,1,0.1667
05141,2020,29.345,29.345,8.47,8.47,05029,0,1,0,1,1,0.1667
05141,2021,29.345,29.345,8.47,8.47,05029,0,1,0,1,1,0.1667
05141,2022,29.345,29.345,8.47,8.47,05029,0,1,0,1,1,0.1667
05141,2023,29.345,29.345,8.47,8.47,05029,0,1,0,1,1,0.1667
05143,2008,38.511,29.638,24.136,20.997,40001,1,0,1,1,1,0.25
05143,2009,38.511,29.638,24.136,20.997,40001,1,0,1,1,1,0.25
05143,2010,38.511,29.638,24.136,20.997,40001,1,0,1,1,1,0.25
05143,2011,38.511,29.638,24.136,20.997,40001,1,0,1,1,1,0.25
05143,2012,16.836,16.836,7.868,7.868,05007,0,2,1,3,1,0.75
05143,2013,16.836,16.836,7.868,7.868,05007,0,2,1,3,1,0.75
05143,2014,16.836,16.836,7.868,7.868,05007,0,2,1,3,1,0.75
05143,2015,16.836,16.836,7.868,7.868,05007,0,2,1,3,1,0.75
05143,2016,16.836,16.836,7.868,7.868,05007,0,2,1,3,1,0.75
05143,2017,16.836,16.836,7.868,7.868,05007,0,2,1,3,1,0.75
05143,2018,16.836,16.836,7.868,7.868,05007,0,2,1,3,1,0.75
05143,2019,16.836,16.836,7.868,7.868,05007,0,2,1,3,1,0.75
05143,2020,16.836,16.836,7.868,7.868,05007,0,2,1,3,1,0.75
05143,2021,16.836,16.836,7.868,7.868,05007,0,2,1,3,1,0.75
05143,2022,16.836,16.836,7.868,7.868,05007,0,2,1,3,1,0.75
05143,2023,16.836,16.836,7.868,7.868,05007,0,2,1,3,1,0.75
05145,2008,29.108,29.108,13.086,13.086,05117,0,3,0,3,1,0.4286
05145,2009,29.108,29.108,13.086,13.086,05117,0,3,0,3,1,0.4286
05145,2010,29.108,29.108,13.086,13.086,05117,0,3,0,3,1,0.4286
05145,2011,29.108,29.108,13.086,13.086,05117,0,3,0,3,1,0.4286
05145,2012,29.108,29.108,13.086,13.086,05117,0,3,0,3,1,0.4286
05145,2013,29.108,29.108,13.086,13.086,05117,0,3,0,3,1,0.4286
05145,2014,29.108,29.108,13.086,13.086,05117,0,3,0,3,1,0.4286
05145,2015,29.108,29.108,13.086,13.086,05117,0,3,0,3,1,0.4286
05145,2016,29.108,29.108,13.086,13.086,05117,0,3,0,3,1,0.4286
05145,2017,29.108,29.108,13.086,13.086,05117,0,3,0,3,1,0.4286
05145,2018,29.108,29.108,13.086,13.086,05117,0,3,0,3,1,0.4286
05145,2019,29.108,29.108,13.086,13.086,05117,0,3,0,3,1,0.4286
05145,2020,29.108,29.108,13.086,13.086,05117,0,3,0,3,1,0.4286
05145,2021,29.108,29.108,13.086,13.086,05117,0,3,0,3,1,0.4286
05145,2022,29.108,29.108,13.086,13.086,05117,0,3,0,3,1,0.4286
05145,2023,29.108,29.108,13.086,13.086,05117,0,3,0,3,1,0.4286
05147,2008,26.756,26.756,8.593,8.593,05067,0,5,0,5,1,0.8333
05147,2009,26.756,26.756,8.593,8.593,05067,0,5,0,5,1,0.8333
05147,2010,26.756,26.756,8.593,8.593,05067,0,5,0,5,1,0.8333
05147,2011,26.756,26.756,8.593,8.593,05067,0,5,0,5,1,0.8333
05147,2012,26.756,26.756,8.593,8.593,05067,0,5,0,5,1,0.8333
05147,2013,26.756,26.756,8.593,8.593,05067,0,5,0,5,1,0.8333
05147,2014,26.756,26.756,8.593,8.593,05067,0,5,0,5,1,0.8333
05147,2015,26.756,26.756,8.593,8.593,05067,0,5,0,5,1,0.8333
05147,2016,26.756,26.756,8.593,8.593,05067,0,5,0,5,1,0.8333
05147,2017,26.756,26.756,8.593,8.593,05067,0,5,0,5,1,0.8333
05147,2018,26.756,26.756,8.593,8.593,05067,0,5,0,5,1,0.8333
05147,2019,26.756,26.756,8.593,8.593,05067,0,5,0,5,1,0.8333
05147,2020,26.756,26.756,8.593,8.593,05067,0,5,0,5,1,0.8333
05147,2021,26.756,26.756,8.593,8.593,05067,0,5,0,5,1,0.8333
05147,2022,26.756,26.756,8.593,8.593,05067,0,5,0,5,1,0.8333
05147,2023,26.756,26.756,8.593,8.593,05067,0,5,0,5,1,0.8333
05149,2008,33.117,33.117,14.145,14.145,05029,0,3,0,3,1,0.4286
05149,2009,33.117,33.117,14.145,14.145,05029,0,3,0,3,1,0.4286
05149,2010,33.117,33.117,14.145,14.145,05029,0,3,0,3,1,0.4286
05149,2011,33.117,33.117,14.145,14.145,05029,0,3,0,3,1,0.4286
05149,2012,33.117,33.117,14.145,14.145,05029,0,3,0,3,1,0.4286
05149,2013,33.117,33.117,14.145,14.145,05029,0,3,0,3,1,0.4286
05149,2014,33.117,33.117,14.145,14.145,05029,0,3,0,3,1,0.4286
05149,2015,33.117,33.117,14.145,14.145,05029,0,3,0,3,1,0.4286
05149,2016,33.117,33.117,14.145,14.145,05029,0,3,0,3,1,0.4286
05149,2017,33.117,33.117,14.145,14.145,05029,0,3,0,3,1,0.4286
05149,2018,33.117,33.117,14.145,14.145,05029,0,3,0,3,1,0.4286
05149,2019,33.117,33.117,14.145,14.145,05029,0,3,0,3,1,0.4286
05149,2020,33.117,33.117,14.145,14.145,05029,0,3,0,3,1,0.4286
05149,2021,33.117,33.117,14.145,14.145,05029,0,3,0,3,1,0.4286
05149,2022,33.117,33.117,14.145,14.145,05029,0,3,0,3,1,0.4286
05149,2023,33.117,33.117,14.145,14.145,05029,0,3,0,3,1,0.4286
